temperature,humidity,soil,rain,risk_level
28.89,74.83,2866,0.87,LOW
32.68,87.56,1447,1.32,LOW
29.4,69.73,2460,2.89,LOW
31.61,79.66,3215,0.3,MEDIUM
27.43,72.11,3181,0.58,LOW
26.86,85.24,3183,0.2,MEDIUM
29.95,91.25,3452,4.8,MEDIUM
29.01,79.89,2385,0.73,LOW
30.19,82.24,2755,1.8,MEDIUM
31.16,81.07,3585,1.72,MEDIUM
30.7,77.7,2284,6.28,MEDIUM
29.21,77.62,2561,3.77,MEDIUM
27.96,92.36,1589,3.95,LOW
27.68,64.03,1750,2.65,LOW
30.52,79.14,2868,0.2,LOW
33.78,84.25,2173,3.21,MEDIUM
29.99,66.4,2799,5.22,MEDIUM
27.38,85.5,2143,0.22,LOW
29.62,80.33,3128,1.59,MEDIUM
31.75,79.71,2423,2.27,MEDIUM
30.42,55.8,1863,2.33,LOW
27.25,71.34,2639,1.34,LOW
30.02,88.35,1265,4.9,LOW
31.2,72.67,2988,1.48,MEDIUM
31.84,80.09,3598,0.83,MEDIUM
25.6,86.8,3007,1.23,LOW
29.09,90.08,2007,0.78,LOW
31.11,83.17,2682,0.32,LOW
34.25,82.15,3124,2.56,MEDIUM
32.58,82.01,2344,5.48,MEDIUM
27.58,74.69,3960,1.09,MEDIUM
32.13,89.5,2796,2.79,MEDIUM
29.04,67.47,3308,4.55,MEDIUM
29.73,85.52,1692,2.49,LOW
29.27,79.89,1313,0.21,LOW
30.68,74.65,3703,3.89,MEDIUM
33.73,94.16,2407,1.38,MEDIUM
27.84,83.81,3865,4.07,MEDIUM
31.89,66.69,2536,7.16,MEDIUM
30.17,95.05,2383,2.07,MEDIUM
31.79,78.18,3594,2.38,MEDIUM
31.87,87.35,2179,0.86,LOW
29.76,71.95,3104,1.52,LOW
31.48,77.86,2790,1.85,MEDIUM
32.7,79.09,2783,2.05,MEDIUM
27.54,76.16,2666,1.86,LOW
32.86,80.83,1944,1.56,LOW
30.74,85.89,2949,2.14,MEDIUM
33.39,86.85,2220,3.72,MEDIUM
25.46,71.05,2899,5.88,MEDIUM
29.92,86.56,3388,5.18,MEDIUM
28.94,52.89,3423,1.18,LOW
28.55,93.09,2075,0.42,LOW
25.76,84.0,1555,2.7,LOW
29.45,92.5,905,0.22,LOW
29.4,85.32,2059,2.06,LOW
27.5,94.65,2062,1.46,LOW
27.98,68.12,2532,5.71,LOW
31.7,86.15,4095,0.09,MEDIUM
29.64,81.51,2360,3.18,MEDIUM
32.25,81.97,1807,4.75,MEDIUM
34.72,82.9,1843,0.17,LOW
30.01,75.13,1559,1.14,LOW
29.93,88.68,1767,3.0,LOW
26.49,85.4,2966,1.37,MEDIUM
25.52,52.48,3119,11.87,MEDIUM
29.39,96.5,1826,2.97,MEDIUM
28.36,67.74,3390,1.16,LOW
31.37,74.98,2874,1.34,MEDIUM
32.14,77.13,2223,8.07,MEDIUM
29.44,75.86,2104,4.4,LOW
30.71,77.44,1922,1.83,LOW
28.01,62.89,1830,0.37,LOW
30.67,86.36,2434,0.52,LOW
26.23,71.05,2137,0.69,LOW
30.69,72.39,2623,0.76,LOW
32.18,91.64,1239,0.82,LOW
25.13,98.0,2603,5.19,MEDIUM
27.78,68.05,1870,3.88,LOW
31.13,89.79,1378,4.86,LOW
30.66,77.8,2207,2.81,LOW
30.57,92.71,2146,3.48,MEDIUM
27.44,72.11,2532,2.72,LOW
33.07,63.38,2297,1.66,LOW
30.68,61.96,4059,0.66,MEDIUM
30.32,79.13,1600,0.18,LOW
31.69,78.7,1671,4.01,LOW
31.34,79.65,2121,3.18,LOW
31.28,86.64,4095,1.44,MEDIUM
29.7,94.11,3532,6.02,MEDIUM
29.28,82.58,500,1.69,LOW
25.9,72.89,3106,1.7,LOW
31.79,75.2,1400,2.36,LOW
33.54,71.53,2066,0.51,LOW
26.95,93.18,1813,0.46,LOW
30.79,88.62,2470,1.45,MEDIUM
29.64,84.32,2600,3.08,MEDIUM
28.09,81.0,2677,1.6,LOW
28.73,81.05,2516,0.11,LOW
26.02,98.0,2639,1.08,MEDIUM
31.5,77.12,2219,1.14,LOW
29.48,84.97,2838,1.69,MEDIUM
30.97,69.6,1501,2.93,LOW
32.84,72.54,1073,1.83,LOW
30.94,93.75,3676,1.02,MEDIUM
27.65,92.23,3260,4.48,MEDIUM
32.56,73.85,500,0.82,LOW
29.78,93.29,3657,2.37,MEDIUM
30.1,79.81,2820,1.74,MEDIUM
28.11,90.91,1417,3.49,LOW
29.92,71.25,2879,2.86,MEDIUM
28.75,82.36,3012,8.21,MEDIUM
28.0,78.25,2043,11.19,MEDIUM
28.38,79.29,2908,0.56,LOW
32.39,81.47,3124,0.81,MEDIUM
32.22,83.43,3048,2.07,MEDIUM
28.06,79.53,1859,5.47,LOW
28.23,85.93,3651,6.95,MEDIUM
30.3,77.05,1529,1.3,LOW
27.63,93.52,2077,0.29,LOW
28.2,91.48,1870,2.92,LOW
31.27,71.86,1996,1.19,LOW
33.95,72.0,3026,2.73,MEDIUM
31.07,84.17,3523,0.91,MEDIUM
30.07,83.32,2678,0.74,LOW
30.5,84.92,3113,3.89,MEDIUM
30.35,75.76,1453,0.38,LOW
28.92,84.09,2224,0.95,LOW
30.7,82.3,1077,2.15,LOW
29.82,68.43,1695,4.68,LOW
31.13,79.23,2543,1.94,MEDIUM
30.2,82.71,1470,3.38,LOW
32.4,89.27,2377,4.99,MEDIUM
31.49,71.85,3109,3.62,MEDIUM
30.64,71.35,3582,1.72,MEDIUM
29.01,81.02,500,0.8,LOW
33.71,78.42,1797,5.77,MEDIUM
33.9,82.2,3189,7.83,HIGH
32.81,80.67,1662,0.64,LOW
32.07,89.63,2653,0.98,MEDIUM
27.26,77.29,3797,0.27,MEDIUM
30.23,73.5,3139,1.72,MEDIUM
36.0,73.84,2805,3.69,MEDIUM
28.56,85.18,1939,4.38,LOW
27.95,77.59,1830,3.25,LOW
30.55,89.07,3622,0.6,MEDIUM
24.81,77.12,1092,2.84,LOW
30.59,95.09,2627,3.79,MEDIUM
30.19,88.74,2288,1.27,LOW
28.47,71.98,3324,2.67,MEDIUM
33.01,88.45,3025,1.86,MEDIUM
28.11,90.84,975,0.65,LOW
30.4,71.74,2829,0.66,LOW
27.77,72.44,2557,0.72,LOW
29.2,87.1,2694,3.49,MEDIUM
31.72,73.03,2035,3.84,LOW
26.25,97.79,2992,2.46,MEDIUM
33.73,87.64,2377,4.66,MEDIUM
28.14,71.65,2546,0.56,LOW
31.38,71.26,2749,1.53,LOW
33.52,77.23,1649,1.89,LOW
32.07,88.6,1776,2.68,LOW
27.07,67.16,3705,0.18,LOW
35.25,84.36,1792,2.05,MEDIUM
33.53,68.23,1960,0.65,LOW
33.75,77.07,2477,12.4,HIGH
28.08,76.45,3168,2.91,MEDIUM
29.06,85.52,2110,0.35,LOW
28.41,87.77,2684,3.36,MEDIUM
31.17,76.06,2986,1.34,MEDIUM
31.73,96.65,2895,1.11,MEDIUM
29.12,86.2,2308,2.03,LOW
33.06,76.1,2420,0.2,LOW
32.37,77.65,2681,3.2,MEDIUM
30.53,69.31,2971,1.17,LOW
29.18,73.74,3056,2.0,MEDIUM
24.0,76.56,2407,0.54,LOW
28.64,72.56,2939,0.16,LOW
32.29,79.89,1842,3.32,LOW
24.0,86.83,2642,0.23,LOW
29.26,80.15,1841,1.63,LOW
27.43,76.15,1126,0.32,LOW
29.63,94.6,2547,7.42,MEDIUM
30.44,78.25,2188,3.59,LOW
30.52,78.26,1954,4.35,LOW
25.33,88.69,3026,3.03,MEDIUM
29.34,71.54,2792,0.19,LOW
30.05,73.25,2861,1.42,LOW
32.05,75.19,1949,1.45,LOW
32.59,79.82,2678,1.82,MEDIUM
28.97,82.04,1844,1.27,LOW
33.4,73.61,2187,11.97,MEDIUM
30.06,81.59,3978,0.24,MEDIUM
31.88,79.97,892,0.1,LOW
30.69,78.71,1592,4.34,LOW
28.82,67.84,1846,0.51,LOW
30.87,83.73,1442,4.4,LOW
30.86,82.17,1912,0.61,LOW
29.83,97.91,2949,1.97,MEDIUM
31.09,77.14,2367,3.12,LOW
28.15,71.21,2407,2.7,LOW
30.68,72.89,4082,4.63,MEDIUM
31.84,57.46,2723,2.38,LOW
27.08,85.73,3059,2.26,MEDIUM
29.64,98.0,3032,0.73,MEDIUM
31.32,75.14,2610,1.62,LOW
33.91,72.83,3450,0.55,MEDIUM
29.05,62.15,2412,1.49,LOW
28.69,84.82,3137,0.75,MEDIUM
33.27,85.13,2151,4.29,MEDIUM
27.5,82.28,2714,5.24,MEDIUM
31.0,79.96,2013,6.09,MEDIUM
29.98,86.64,2506,4.62,MEDIUM
33.93,78.47,2880,3.71,MEDIUM
31.97,71.64,3158,1.92,MEDIUM
30.22,94.28,3112,1.76,MEDIUM
32.55,85.38,2383,3.19,MEDIUM
28.96,71.89,1971,0.17,LOW
30.7,83.75,3432,0.18,MEDIUM
26.82,78.67,2113,0.71,LOW
29.94,81.1,1180,1.08,LOW
29.9,79.27,3484,6.74,MEDIUM
30.12,70.83,4095,1.98,MEDIUM
27.4,84.81,2005,3.79,LOW
33.02,75.94,2814,0.27,LOW
27.06,74.57,2589,0.45,LOW
34.18,76.83,2520,1.08,MEDIUM
29.01,96.27,1969,1.83,LOW
30.27,91.36,2468,5.02,MEDIUM
29.23,66.94,2291,0.81,LOW
28.21,67.87,1129,3.17,LOW
32.7,85.14,1550,3.51,LOW
30.28,89.08,1452,2.68,LOW
34.67,81.61,2910,1.91,MEDIUM
28.25,76.94,1976,2.47,LOW
28.4,82.12,2340,0.51,LOW
33.06,86.99,3061,1.29,MEDIUM
26.64,93.84,2619,3.28,MEDIUM
34.03,61.48,1975,1.25,LOW
33.65,76.9,3251,2.36,MEDIUM
27.0,80.1,1845,6.03,LOW
33.28,94.36,1642,3.42,MEDIUM
31.5,81.49,2215,0.86,LOW
29.7,97.63,1958,1.07,LOW
30.93,97.66,2530,1.68,MEDIUM
32.48,87.75,2333,2.67,MEDIUM
30.7,60.05,3075,1.34,LOW
30.91,88.8,3332,1.07,MEDIUM
30.07,77.75,2461,4.99,MEDIUM
30.12,83.93,3455,1.99,MEDIUM
28.02,74.05,1612,5.73,LOW
29.8,71.18,2963,0.42,LOW
29.5,68.22,3050,1.03,LOW
30.37,85.02,3023,1.49,MEDIUM
27.29,72.52,2012,2.54,LOW
29.76,65.93,2074,2.05,LOW
27.67,80.52,2647,3.93,MEDIUM
28.82,94.47,3379,4.77,MEDIUM
29.69,65.34,1830,1.82,LOW
28.1,91.86,2772,0.78,MEDIUM
33.25,85.75,2776,0.72,MEDIUM
31.99,74.93,3179,1.12,MEDIUM
32.72,82.32,1472,1.68,LOW
33.47,74.99,2064,2.74,LOW
27.92,85.28,3277,5.15,MEDIUM
30.87,84.66,1353,1.51,LOW
30.54,65.59,2649,4.34,LOW
30.43,78.64,2622,5.38,MEDIUM
30.78,83.67,2646,0.97,MEDIUM
28.66,79.82,2698,2.92,MEDIUM
26.87,88.42,935,8.59,LOW
28.39,79.71,2026,4.65,LOW
28.6,81.64,3415,1.0,MEDIUM
29.27,76.94,2258,2.47,LOW
30.45,77.77,1712,5.92,LOW
27.96,70.1,2312,1.48,LOW
27.32,80.73,2640,3.51,MEDIUM
29.04,87.52,3075,0.49,MEDIUM
28.5,74.65,3150,1.68,MEDIUM
30.27,72.08,3127,2.1,MEDIUM
26.43,63.92,2877,3.56,LOW
29.49,86.09,2488,0.44,LOW
29.51,91.85,3327,2.69,MEDIUM
28.94,72.6,2505,2.45,LOW
30.9,75.52,3420,0.72,MEDIUM
31.86,73.43,2445,0.44,LOW
29.4,75.89,1955,2.47,LOW
30.83,91.34,2439,2.15,MEDIUM
28.51,93.03,1495,3.0,LOW
29.53,97.24,3398,2.25,MEDIUM
31.38,85.78,3396,0.85,MEDIUM
26.94,79.14,3755,4.26,MEDIUM
28.99,78.17,2327,6.35,MEDIUM
28.88,75.55,2613,1.12,LOW
24.77,66.04,1623,1.36,LOW
31.92,94.42,2138,8.62,MEDIUM
34.84,82.23,3291,2.19,MEDIUM
36.0,72.56,1216,2.08,LOW
32.76,85.01,2652,2.18,MEDIUM
30.52,77.39,2073,2.34,LOW
30.68,69.05,1594,1.21,LOW
29.54,79.53,2663,2.79,MEDIUM
27.82,77.6,4095,2.13,MEDIUM
26.24,97.2,2253,1.21,LOW
31.45,77.31,2899,0.77,MEDIUM
30.18,81.65,2914,2.3,MEDIUM
27.34,91.55,2621,2.46,MEDIUM
26.91,66.63,3647,0.01,LOW
29.93,77.26,3611,4.7,MEDIUM
28.19,75.7,2301,3.57,LOW
28.2,85.38,2411,2.36,LOW
31.04,79.81,2335,1.01,LOW
29.71,82.23,3632,0.76,MEDIUM
26.36,97.9,1997,0.25,LOW
27.94,76.89,3868,0.71,MEDIUM
29.76,74.33,3537,0.3,MEDIUM
28.79,88.5,1660,5.05,LOW
29.38,96.86,2433,1.99,MEDIUM
28.7,67.24,2874,1.28,LOW
28.16,77.37,1284,0.66,LOW
34.67,78.58,1868,1.32,LOW
26.99,71.71,2720,10.24,MEDIUM
30.54,74.0,4095,2.4,MEDIUM
29.58,71.87,1516,0.38,LOW
28.83,83.92,2893,3.15,MEDIUM
30.64,86.58,1820,3.19,LOW
31.7,96.86,2370,3.63,MEDIUM
30.32,70.3,1493,0.09,LOW
28.14,77.76,2666,2.69,LOW
29.67,65.3,1806,3.76,LOW
28.06,80.1,3631,0.74,MEDIUM
28.67,89.26,2759,2.15,MEDIUM
30.52,88.62,2691,2.27,MEDIUM
31.56,77.79,3116,3.59,MEDIUM
27.39,87.53,2754,0.78,LOW
29.49,91.29,2857,1.38,MEDIUM
26.99,80.13,2086,0.14,LOW
30.16,85.39,3358,0.48,MEDIUM
28.53,90.59,1741,5.71,MEDIUM
31.65,78.24,3160,0.26,MEDIUM
30.95,84.44,2461,0.58,LOW
30.59,85.99,2184,0.18,LOW
27.65,77.85,3738,1.51,MEDIUM
30.43,86.01,2470,5.1,MEDIUM
28.57,73.06,3003,4.36,MEDIUM
29.09,84.13,3049,1.1,MEDIUM
26.24,78.7,2130,3.18,LOW
29.74,52.07,2689,1.54,LOW
30.53,79.17,2324,6.85,MEDIUM
28.28,76.17,500,1.77,LOW
29.17,86.56,3292,3.75,MEDIUM
25.24,73.94,1632,3.62,LOW
31.22,95.84,2339,3.73,MEDIUM
32.44,57.02,2674,3.06,LOW
31.36,95.14,3533,6.23,HIGH
27.73,65.84,1993,1.72,LOW
29.09,80.17,3650,2.43,MEDIUM
24.07,73.41,1772,6.35,LOW
29.35,92.43,4095,2.48,MEDIUM
34.03,83.09,2876,2.18,MEDIUM
27.97,90.63,1409,1.86,LOW
32.05,90.44,2203,0.54,LOW
29.61,77.28,2437,3.38,LOW
28.09,98.0,2305,1.42,MEDIUM
27.66,76.18,601,4.06,LOW
30.51,72.61,2135,2.73,LOW
30.38,92.29,2588,3.98,MEDIUM
29.07,71.52,3704,2.95,MEDIUM
28.64,88.63,1808,2.92,LOW
29.65,70.03,3252,2.52,MEDIUM
28.16,62.18,2418,1.26,LOW
26.52,91.98,1670,3.67,LOW
28.23,70.25,2998,0.67,LOW
28.13,96.94,2483,0.64,MEDIUM
27.55,69.49,2959,0.35,LOW
30.67,94.95,1024,0.78,LOW
32.02,93.52,2657,7.03,MEDIUM
30.92,87.14,3273,0.9,MEDIUM
32.07,78.74,2179,5.36,MEDIUM
24.9,81.59,2984,3.81,MEDIUM
29.66,82.54,3543,2.72,MEDIUM
29.64,63.9,1986,4.43,LOW
32.58,75.98,3879,4.87,MEDIUM
27.89,90.34,1564,1.26,LOW
27.86,77.96,1533,1.57,LOW
32.98,77.48,3132,2.81,MEDIUM
29.42,85.3,2785,3.46,MEDIUM
31.65,90.83,2025,1.52,LOW
32.22,82.75,1354,1.6,LOW
27.37,84.21,2037,0.34,LOW
32.54,89.28,3319,2.45,MEDIUM
28.94,69.34,2208,3.13,LOW
34.86,72.24,500,3.78,LOW
30.04,75.68,1754,1.43,LOW
29.62,85.46,3716,0.65,MEDIUM
25.82,94.63,2291,2.65,LOW
30.56,65.79,2095,1.01,LOW
26.74,80.72,3074,0.29,LOW
29.53,70.15,1974,0.23,LOW
25.32,75.61,3161,1.03,LOW
29.61,88.9,1793,5.69,MEDIUM
28.81,81.32,3082,2.1,MEDIUM
32.19,77.47,2690,2.22,MEDIUM
31.69,82.5,2157,0.79,LOW
30.84,85.52,3517,1.66,MEDIUM
28.29,91.67,2058,0.65,LOW
31.27,76.47,2979,0.55,MEDIUM
31.06,76.7,3477,5.41,MEDIUM
31.29,88.48,500,1.75,LOW
28.08,77.14,1816,9.08,MEDIUM
31.95,82.29,2267,2.56,MEDIUM
31.85,76.98,3226,0.25,MEDIUM
31.22,75.02,2098,4.66,LOW
27.81,67.47,3295,0.91,LOW
27.54,76.4,2498,1.54,LOW
28.86,80.66,2356,3.61,LOW
29.65,66.52,2904,0.11,LOW
28.06,83.08,1480,0.05,LOW
31.84,84.87,2082,0.06,LOW
29.22,74.94,1834,1.71,LOW
28.26,85.07,3478,3.96,MEDIUM
29.4,93.05,1891,2.45,LOW
33.49,91.05,1850,0.68,LOW
26.63,82.55,3059,1.2,LOW
31.67,76.7,2050,2.04,LOW
31.46,83.12,2639,3.42,MEDIUM
32.37,94.41,2034,5.71,MEDIUM
29.49,86.46,3157,3.83,MEDIUM
25.25,68.48,3106,1.42,LOW
29.51,86.06,2483,0.96,LOW
25.79,87.79,2151,2.52,LOW
31.95,89.61,1893,0.91,LOW
31.54,80.79,2573,2.69,MEDIUM
29.22,85.4,2598,1.91,MEDIUM
29.5,83.49,2353,4.55,MEDIUM
32.77,86.71,3280,5.7,MEDIUM
26.46,91.03,2168,1.83,LOW
29.82,79.06,2843,2.0,MEDIUM
30.7,72.75,3255,3.72,MEDIUM
32.5,76.26,2808,0.48,LOW
31.97,86.37,1807,0.6,LOW
33.06,76.2,2070,2.69,LOW
30.51,73.32,1617,0.93,LOW
33.01,76.6,2543,0.14,LOW
28.58,91.87,3414,0.16,MEDIUM
32.67,72.47,2237,2.17,LOW
30.44,92.06,2027,1.55,LOW
27.89,74.73,960,5.84,LOW
30.76,93.28,2554,1.33,MEDIUM
28.08,79.64,2837,1.12,LOW
29.43,70.11,1971,0.69,LOW
29.4,80.19,3480,1.25,MEDIUM
33.81,75.36,2997,5.22,MEDIUM
29.61,73.71,2980,4.04,MEDIUM
28.78,85.41,4095,0.46,MEDIUM
28.52,82.59,3017,4.64,MEDIUM
30.66,63.1,2138,5.1,LOW
31.29,84.5,2492,1.0,MEDIUM
32.52,86.57,1867,1.62,LOW
31.01,64.37,2031,4.85,LOW
31.59,86.01,1863,0.91,LOW
26.29,76.68,3045,4.14,MEDIUM
30.93,79.0,2837,3.35,MEDIUM
29.15,84.41,2094,3.06,LOW
30.24,72.63,1547,6.87,LOW
24.0,80.86,3630,0.04,LOW
31.42,80.78,2224,0.24,LOW
28.79,93.62,2147,0.72,LOW
31.48,77.26,2044,7.86,MEDIUM
27.95,75.06,1808,0.63,LOW
33.25,74.19,2949,0.39,MEDIUM
28.5,73.43,3556,0.3,MEDIUM
31.72,71.27,2677,0.24,LOW
32.8,78.4,4095,3.35,MEDIUM
30.53,72.37,2539,4.98,MEDIUM
31.33,84.4,2505,3.4,MEDIUM
30.95,85.58,2185,0.55,LOW
30.78,63.59,3397,1.11,LOW
29.46,82.84,3108,0.21,MEDIUM
29.69,75.05,2845,1.89,LOW
30.41,71.09,2735,0.08,LOW
28.34,98.0,3306,2.9,MEDIUM
29.9,78.8,2896,2.37,MEDIUM
27.57,83.05,1971,5.14,LOW
28.66,90.63,2648,6.26,MEDIUM
28.22,64.67,2918,1.69,LOW
32.14,84.65,3111,1.14,MEDIUM
30.26,78.9,2506,0.49,LOW
28.91,76.75,1722,0.68,LOW
30.81,77.47,2115,4.28,LOW
32.05,78.85,3315,2.26,MEDIUM
29.32,67.27,3681,3.94,MEDIUM
30.58,86.77,2332,0.73,LOW
27.4,77.32,1598,1.89,LOW
27.84,83.16,1572,2.22,LOW
29.28,81.91,4095,6.92,HIGH
30.41,88.38,3129,1.71,MEDIUM
28.5,83.04,3450,1.41,MEDIUM
32.06,71.61,2442,2.24,LOW
26.28,77.73,3168,0.77,LOW
30.05,91.32,3441,0.36,MEDIUM
30.61,89.25,2239,1.31,LOW
30.68,68.06,2369,6.31,MEDIUM
27.81,85.76,2571,3.85,MEDIUM
27.18,73.08,1287,2.85,LOW
29.39,88.15,1652,3.55,LOW
33.07,93.27,2174,1.29,MEDIUM
29.96,90.19,3021,3.9,MEDIUM
32.2,78.53,3512,3.41,MEDIUM
27.87,86.49,1574,0.91,LOW
32.37,83.23,2276,3.13,MEDIUM
25.34,70.19,2653,0.13,LOW
33.36,88.15,1100,1.04,LOW
29.98,75.12,3029,10.99,MEDIUM
32.88,67.53,1666,5.16,LOW
32.53,90.33,2241,2.77,MEDIUM
32.63,83.68,797,1.28,LOW
32.54,80.61,1032,7.01,LOW
31.37,67.54,2503,5.72,MEDIUM
28.56,83.76,2710,1.1,LOW
30.17,76.72,2296,1.76,LOW
28.54,67.59,1383,1.11,LOW
27.67,79.27,3199,3.19,MEDIUM
29.73,81.21,3235,0.97,MEDIUM
31.04,82.7,3267,4.78,MEDIUM
28.74,88.02,2498,0.19,LOW
28.34,90.2,1669,0.26,LOW
30.02,67.28,3499,2.54,MEDIUM
25.38,61.74,1356,2.91,LOW
31.37,72.53,2210,7.41,MEDIUM
31.29,70.07,1524,3.22,LOW
32.36,91.28,2484,1.25,MEDIUM
28.58,92.6,579,4.86,LOW
32.13,81.81,3037,1.65,MEDIUM
31.0,79.65,2058,1.64,LOW
31.4,94.3,3311,4.6,MEDIUM
30.07,67.76,3287,3.02,MEDIUM
34.25,78.39,671,1.39,LOW
30.8,92.28,2191,1.79,MEDIUM
30.68,69.91,3214,4.46,MEDIUM
29.58,77.68,1832,1.41,LOW
29.99,80.77,1848,0.24,LOW
29.79,70.19,3003,4.21,MEDIUM
31.13,80.39,1041,4.32,LOW
30.4,86.86,2137,0.39,LOW
28.12,65.64,3128,3.72,MEDIUM
30.97,79.15,3336,2.05,MEDIUM
32.59,80.68,1830,3.36,LOW
26.53,60.4,2996,0.24,LOW
31.08,80.99,1826,4.87,MEDIUM
28.55,73.11,3222,1.56,MEDIUM
28.52,73.65,2375,0.37,LOW
28.42,94.62,2461,3.13,MEDIUM
30.64,66.68,2692,0.49,LOW
31.99,80.57,2532,1.29,MEDIUM
29.57,84.04,1742,2.6,LOW
28.75,90.61,2735,0.02,MEDIUM
29.54,92.02,1590,3.66,LOW
30.13,82.27,2529,0.86,LOW
26.71,78.56,2735,3.28,LOW
31.63,73.32,1103,7.3,LOW
27.77,69.76,1378,2.47,LOW
28.52,65.45,2668,0.66,LOW
33.18,85.1,1701,1.91,LOW
25.39,73.65,2053,2.32,LOW
28.3,81.35,3114,4.02,MEDIUM
30.45,86.73,1390,1.87,LOW
28.86,95.63,3281,1.65,MEDIUM
28.0,76.12,2359,0.57,LOW
35.87,71.52,1132,2.86,LOW
30.05,78.97,1440,2.57,LOW
30.94,82.18,3021,1.75,MEDIUM
35.19,81.11,2507,5.19,MEDIUM
31.82,78.28,1650,1.96,LOW
30.78,70.84,3948,1.86,MEDIUM
31.82,82.0,1978,4.54,MEDIUM
26.58,78.42,3452,2.26,MEDIUM
30.03,80.18,3225,0.54,MEDIUM
31.11,86.35,1257,0.4,LOW
31.21,67.81,2790,2.18,LOW
29.2,67.92,2250,9.01,MEDIUM
28.45,92.45,4095,1.39,MEDIUM
27.35,59.42,3616,3.91,MEDIUM
31.56,79.65,3387,4.92,MEDIUM
32.35,76.91,2507,0.78,LOW
29.9,78.36,2920,3.12,MEDIUM
32.02,67.58,545,5.01,LOW
27.95,76.83,3815,2.74,MEDIUM
26.4,77.35,2274,1.5,LOW
29.81,71.78,801,0.34,LOW
29.94,78.72,1857,4.23,LOW
33.93,89.56,2441,2.28,MEDIUM
31.56,77.62,3155,4.47,MEDIUM
26.74,71.64,1550,1.38,LOW
27.34,89.45,500,2.42,LOW
29.64,79.34,2450,2.24,LOW
29.11,98.0,1377,3.71,LOW
26.18,87.58,3498,0.1,MEDIUM
30.25,87.33,2824,5.44,MEDIUM
29.66,79.97,2123,1.3,LOW
30.95,76.02,1843,2.7,LOW
29.23,79.37,2558,2.89,MEDIUM
32.14,94.69,2199,0.63,MEDIUM
31.75,66.21,2640,7.43,MEDIUM
29.89,78.93,2847,0.64,LOW
27.5,70.02,1277,3.15,LOW
29.29,75.04,2585,6.83,MEDIUM
33.39,67.02,2487,7.42,MEDIUM
28.65,73.02,1806,5.23,LOW
30.26,82.47,2733,0.94,MEDIUM
29.2,66.62,2152,0.54,LOW
28.49,79.69,3388,0.6,MEDIUM
32.08,77.3,1858,0.37,LOW
31.58,66.66,2817,2.85,LOW
32.14,67.39,2463,4.33,MEDIUM
25.64,87.51,2837,0.08,LOW
28.41,70.35,2548,0.72,LOW
33.16,87.63,2145,3.44,MEDIUM
29.87,81.27,1652,0.07,LOW
29.73,98.0,2960,2.75,MEDIUM
26.98,73.18,1958,0.46,LOW
28.39,94.67,2272,2.29,MEDIUM
30.93,74.33,1689,1.86,LOW
30.31,85.26,2482,2.41,MEDIUM
34.01,90.22,2441,3.24,MEDIUM
30.54,70.09,2394,0.4,LOW
30.05,73.7,3175,2.78,MEDIUM
26.83,76.44,2253,1.21,LOW
35.16,91.18,1997,2.84,MEDIUM
27.87,86.37,3862,2.78,MEDIUM
32.66,75.61,2475,3.74,MEDIUM
27.42,84.54,1977,1.78,LOW
33.4,82.66,2660,0.87,MEDIUM
28.42,86.92,3149,3.34,MEDIUM
27.41,81.17,4095,4.19,MEDIUM
25.11,82.17,2911,1.96,LOW
32.86,85.96,1935,0.83,LOW
32.55,82.2,2500,3.68,MEDIUM
31.98,87.58,1915,4.77,MEDIUM
35.79,64.76,659,4.99,LOW
32.31,80.22,2100,2.6,LOW
31.75,78.36,2905,1.3,MEDIUM
26.6,79.44,1540,4.89,LOW
30.82,88.06,3066,5.57,MEDIUM
29.84,84.37,3466,0.72,MEDIUM
28.57,72.39,2211,2.82,LOW
31.07,83.11,3291,0.66,MEDIUM
31.84,73.0,3203,6.1,MEDIUM
31.23,86.39,2749,1.24,MEDIUM
27.75,89.6,1598,2.15,LOW
29.9,75.15,4095,1.37,MEDIUM
26.25,75.18,2600,8.2,MEDIUM
27.97,75.63,770,1.11,LOW
26.86,90.32,2560,7.71,MEDIUM
30.99,69.42,2871,0.21,LOW
34.3,85.15,1988,0.79,LOW
27.64,93.27,3469,2.03,MEDIUM
28.26,73.95,2575,0.49,LOW
27.89,74.63,3243,0.15,LOW
29.49,79.49,1900,1.59,LOW
32.38,77.58,2632,8.08,MEDIUM
30.92,82.72,3424,2.04,MEDIUM
36.0,88.69,2505,1.04,MEDIUM
31.95,64.97,2490,4.69,MEDIUM
29.92,79.13,1815,2.65,LOW
30.26,98.0,2539,3.93,MEDIUM
29.13,63.69,2440,3.5,LOW
28.78,67.52,2164,2.15,LOW
26.67,74.95,1164,1.14,LOW
29.05,77.2,2520,0.15,LOW
29.0,81.72,2620,4.07,MEDIUM
30.34,93.92,2985,1.17,MEDIUM
28.39,75.42,2594,1.48,LOW
31.05,78.02,1312,7.96,MEDIUM
28.82,82.57,3668,3.06,MEDIUM
28.18,72.72,3959,3.12,MEDIUM
30.44,98.0,1789,1.79,LOW
29.68,85.79,910,9.81,MEDIUM
36.0,79.09,2504,5.01,MEDIUM
27.99,86.0,2197,0.78,LOW
31.95,84.45,2100,2.4,LOW
29.78,83.92,989,6.16,LOW
35.53,97.02,2472,0.69,MEDIUM
31.52,93.7,2709,0.36,MEDIUM
28.14,83.08,1589,5.37,LOW
30.99,74.92,2083,6.0,MEDIUM
25.6,78.23,3085,1.26,LOW
29.07,78.41,2865,7.51,MEDIUM
31.33,83.7,3567,1.97,MEDIUM
32.25,81.89,2295,2.55,MEDIUM
30.64,60.72,2964,4.74,MEDIUM
29.12,95.45,2785,2.64,MEDIUM
31.7,71.61,2850,0.96,LOW
27.15,70.94,2810,4.01,LOW
30.4,76.63,1884,1.84,LOW
31.04,71.12,3302,0.41,MEDIUM
29.17,79.78,2374,0.92,LOW
29.36,73.04,2490,11.55,MEDIUM
31.96,98.0,3222,0.79,MEDIUM
30.62,79.76,2194,1.64,LOW
30.3,69.45,2414,3.01,LOW
32.47,72.33,1371,1.03,LOW
33.66,72.67,2340,1.45,LOW
32.27,73.8,1418,1.36,LOW
28.37,66.65,3305,3.64,MEDIUM
28.76,87.6,2614,0.28,LOW
28.34,80.57,1367,0.1,LOW
31.98,71.6,2858,6.38,MEDIUM
32.4,70.45,1464,6.33,LOW
30.32,78.89,3201,0.49,MEDIUM
29.26,75.96,2517,1.03,LOW
30.4,87.68,1771,1.82,LOW
26.76,78.86,3700,1.22,MEDIUM
29.69,77.46,2899,2.69,MEDIUM
25.6,82.55,2472,7.47,MEDIUM
30.02,74.82,2520,0.89,LOW
28.31,75.71,1797,4.49,LOW
30.84,92.26,2796,2.79,MEDIUM
29.93,77.65,2984,1.77,MEDIUM
30.49,64.63,2428,2.04,LOW
31.28,77.89,2130,5.05,MEDIUM
29.1,80.71,2107,2.46,LOW
26.71,79.59,1812,5.31,LOW
29.64,74.17,2425,2.38,LOW
29.0,70.73,2266,2.45,LOW
32.99,73.24,2142,0.67,LOW
27.0,69.91,3483,1.91,MEDIUM
25.81,66.92,3213,18.58,HIGH
28.3,87.49,3795,1.89,MEDIUM
31.16,79.65,2670,5.67,MEDIUM
31.25,78.86,1582,2.99,LOW
29.48,96.17,2428,1.63,MEDIUM
30.33,73.26,2311,2.76,LOW
27.87,85.9,1166,2.99,LOW
32.11,84.67,3819,1.98,MEDIUM
29.39,74.95,3159,0.98,MEDIUM
31.62,96.08,2176,1.74,MEDIUM
27.94,77.12,1722,1.76,LOW
29.79,84.38,3241,0.13,MEDIUM
30.36,81.25,2812,2.26,MEDIUM
25.78,73.3,2573,0.36,LOW
30.19,83.26,1536,1.54,LOW
29.21,74.82,2516,1.48,LOW
29.57,86.75,1745,0.6,LOW
31.71,78.54,1809,2.14,LOW
28.83,86.43,2251,4.62,MEDIUM
30.13,77.34,1883,4.0,LOW
27.97,77.88,1323,0.58,LOW
31.13,89.58,2114,0.32,LOW
28.43,91.2,2997,8.0,MEDIUM
30.66,70.83,2683,0.6,LOW
29.39,82.61,2092,7.47,MEDIUM
32.56,98.0,3302,1.62,MEDIUM
29.21,72.7,2355,2.43,LOW
31.59,98.0,2543,1.21,MEDIUM
32.33,90.93,2271,2.81,MEDIUM
28.91,87.96,2016,0.51,LOW
28.23,89.98,2690,0.03,LOW
29.5,89.4,2155,3.38,MEDIUM
29.43,77.91,2830,0.82,LOW
32.61,86.74,1918,0.28,LOW
33.77,78.25,2688,2.78,MEDIUM
29.29,84.72,2440,1.59,LOW
28.46,64.25,4095,7.85,MEDIUM
24.9,63.45,3421,1.16,LOW
27.96,70.24,2312,4.82,LOW
27.48,77.12,2108,2.85,LOW
29.15,75.94,1973,1.61,LOW
29.78,89.78,2429,5.64,MEDIUM
26.55,73.63,2936,4.99,MEDIUM
29.02,63.17,2322,2.35,LOW
28.94,88.36,2454,0.12,LOW
31.78,78.8,2123,2.56,LOW
31.44,80.38,2625,3.13,MEDIUM
29.2,65.33,3446,4.73,MEDIUM
32.93,84.07,2742,0.73,MEDIUM
35.6,78.68,1844,4.26,MEDIUM
31.98,75.16,2940,0.08,LOW
31.76,72.98,1292,3.58,LOW
30.55,72.77,2993,0.94,LOW
25.62,66.38,2663,1.84,LOW
29.03,71.39,1525,1.9,LOW
28.8,76.73,3899,2.85,MEDIUM
28.35,86.04,1762,0.88,LOW
29.83,83.15,2483,0.6,LOW
30.98,86.99,3764,2.76,MEDIUM
30.87,98.0,3114,0.63,MEDIUM
33.25,84.12,3158,2.89,MEDIUM
33.87,75.8,1959,1.25,LOW
25.62,93.54,3165,2.37,MEDIUM
29.28,86.77,3213,0.36,MEDIUM
29.24,84.1,2720,1.84,MEDIUM
26.32,85.66,2360,6.18,MEDIUM
26.3,82.22,1814,4.33,LOW
29.21,73.49,1464,1.11,LOW
28.88,79.48,1487,0.55,LOW
32.83,88.01,3339,1.05,MEDIUM
34.93,71.3,3729,0.69,MEDIUM
30.05,72.55,1750,4.74,LOW
31.95,96.06,1949,1.02,MEDIUM
30.41,94.62,3424,2.16,MEDIUM
29.83,91.26,1604,3.6,LOW
29.52,86.72,1867,3.56,LOW
28.45,70.82,2397,3.97,LOW
33.79,77.63,4095,2.43,MEDIUM
32.8,98.0,2322,1.28,MEDIUM
34.19,78.78,1962,4.88,MEDIUM
30.05,78.03,1679,1.51,LOW
30.87,78.83,4095,0.79,MEDIUM
32.14,80.36,3137,3.32,MEDIUM
28.47,81.69,2162,5.05,MEDIUM
31.62,92.68,1886,3.26,MEDIUM
28.83,83.25,2011,0.08,LOW
26.13,66.85,1958,2.24,LOW
33.76,79.24,3091,2.57,MEDIUM
29.48,83.5,2639,0.63,LOW
35.47,84.1,2020,1.54,MEDIUM
31.56,83.51,2727,2.49,MEDIUM
31.55,95.56,754,0.79,LOW
33.67,67.54,2224,5.68,MEDIUM
33.22,72.52,2041,3.58,LOW
28.42,76.14,3190,4.52,MEDIUM
29.48,72.96,3015,1.88,LOW
28.37,65.28,3578,0.39,LOW
29.38,81.87,3452,1.33,MEDIUM
32.25,86.62,1998,1.07,LOW
29.04,79.68,2653,1.9,LOW
29.3,83.95,2511,4.21,MEDIUM
27.35,83.81,2437,5.22,MEDIUM
30.77,75.06,1157,2.92,LOW
30.27,81.75,2171,2.21,LOW
32.06,80.33,1537,2.39,LOW
32.03,60.05,1960,3.63,LOW
27.51,93.76,3353,2.22,MEDIUM
29.97,80.21,2659,3.64,MEDIUM
29.72,73.66,1278,0.39,LOW
30.8,68.89,2293,0.83,LOW
29.88,81.11,3335,4.39,MEDIUM
28.35,64.67,3128,5.64,MEDIUM
29.48,95.6,2292,5.02,MEDIUM
30.71,86.57,2489,3.45,MEDIUM
34.42,63.42,2908,3.22,MEDIUM
33.24,72.92,3493,0.55,MEDIUM
30.76,83.68,3138,4.05,MEDIUM
25.97,76.26,3818,4.46,MEDIUM
30.11,83.91,2402,0.87,LOW
29.75,84.31,1881,0.97,LOW
31.25,98.0,2748,1.67,MEDIUM
30.76,66.21,2248,4.32,LOW
29.34,83.6,2408,0.4,LOW
30.33,98.0,1948,6.0,MEDIUM
30.36,87.1,3523,2.04,MEDIUM
32.51,72.7,3153,9.43,MEDIUM
32.05,81.4,3183,1.39,MEDIUM
28.97,57.09,1629,1.6,LOW
27.33,83.54,2942,0.45,LOW
31.64,75.38,1445,0.96,LOW
26.4,84.88,1948,0.68,LOW
32.05,89.69,3380,0.68,MEDIUM
30.35,79.3,2833,1.96,MEDIUM
34.75,71.18,2378,1.35,LOW
27.55,82.9,956,5.63,LOW
31.69,70.77,2739,1.1,LOW
26.19,98.0,3706,5.68,MEDIUM
30.95,74.77,2725,0.4,LOW
27.53,75.66,3029,7.27,MEDIUM
29.57,89.16,2903,1.41,MEDIUM
28.32,78.47,2862,4.43,MEDIUM
31.96,80.4,2469,0.04,LOW
28.64,67.11,3190,7.03,MEDIUM
31.59,68.51,1858,1.51,LOW
29.39,81.18,3113,2.02,MEDIUM
30.7,81.21,2535,1.91,MEDIUM
32.55,80.27,2658,1.2,MEDIUM
27.34,75.55,3314,4.85,MEDIUM
29.88,91.58,2827,3.51,MEDIUM
27.23,76.48,1914,6.45,LOW
28.01,85.06,3330,2.86,MEDIUM
29.72,87.58,2802,2.26,MEDIUM
31.39,78.68,1550,0.08,LOW
29.75,87.86,2436,1.3,LOW
27.64,88.38,3312,2.62,MEDIUM
29.21,98.0,1183,8.54,MEDIUM
30.63,65.47,1309,1.01,LOW
30.81,91.91,1780,1.17,LOW
29.61,75.48,1013,0.88,LOW
33.53,64.8,2043,0.88,LOW
26.51,68.7,2127,1.97,LOW
29.56,75.07,2762,3.16,MEDIUM
30.67,76.9,2673,0.6,LOW
33.45,80.28,2832,0.66,MEDIUM
34.07,75.89,2916,0.96,MEDIUM
29.55,80.21,1968,0.56,LOW
29.47,76.19,3003,1.61,MEDIUM
32.0,75.47,2631,3.12,MEDIUM
30.15,93.06,2263,0.47,LOW
29.07,74.6,1137,4.67,LOW
32.17,84.67,2329,4.14,MEDIUM
30.96,83.71,1725,1.67,LOW
28.23,90.52,1621,5.67,MEDIUM
27.97,73.04,1590,2.42,LOW
30.33,73.41,3695,1.95,MEDIUM
28.09,76.28,2440,11.26,MEDIUM
30.47,72.33,3349,3.56,MEDIUM
32.66,98.0,2500,1.15,MEDIUM
28.65,91.69,2989,0.03,MEDIUM
31.72,78.35,1840,0.89,LOW
34.14,65.61,2616,0.65,LOW
26.56,76.15,1708,5.69,LOW
27.92,92.17,3719,7.99,HIGH
29.1,61.71,2260,3.16,LOW
29.06,85.59,2739,1.57,MEDIUM
32.11,72.79,2325,1.0,LOW
31.75,73.98,2343,0.47,LOW
30.65,72.69,2847,1.5,LOW
27.09,63.97,2228,1.4,LOW
29.87,83.29,3005,0.88,MEDIUM
30.39,71.91,2096,2.88,LOW
32.01,95.3,2158,2.49,MEDIUM
30.11,81.93,3329,6.24,MEDIUM
32.81,67.36,3098,2.92,MEDIUM
28.34,75.82,3575,0.09,MEDIUM
30.72,76.11,2454,5.91,MEDIUM
27.1,76.66,2314,4.42,LOW
29.18,82.92,2105,1.0,LOW
29.81,67.18,2406,0.48,LOW
29.16,76.38,1744,0.85,LOW
28.52,78.82,2661,2.17,LOW
30.69,75.62,2424,0.85,LOW
28.74,85.16,2285,3.93,MEDIUM
30.01,76.58,2754,1.12,LOW
32.5,82.85,3711,1.05,MEDIUM
31.61,84.7,3051,3.56,MEDIUM
32.47,63.73,2049,5.55,LOW
31.56,86.28,3100,3.96,MEDIUM
33.51,72.05,2493,7.77,MEDIUM
27.71,87.05,3528,1.31,MEDIUM
30.39,80.52,3432,0.89,MEDIUM
32.8,76.72,3607,2.41,MEDIUM
29.96,81.55,4095,1.15,MEDIUM
30.41,88.86,2585,11.13,HIGH
32.11,67.62,2303,0.93,LOW
29.84,72.46,1850,3.4,LOW
33.11,62.1,1524,3.77,LOW
34.54,83.7,826,5.38,LOW
27.35,76.54,1546,2.41,LOW
29.06,65.56,2109,4.71,LOW
27.57,98.0,2048,5.12,MEDIUM
31.08,75.54,3247,10.78,HIGH
31.78,69.01,1797,0.69,LOW
25.05,79.4,2984,1.94,LOW
28.06,83.67,2106,0.84,LOW
29.55,72.92,3402,2.28,MEDIUM
29.26,73.98,3630,2.02,MEDIUM
28.74,77.18,2560,1.22,LOW
32.34,79.9,2359,1.02,LOW
29.41,82.92,3424,3.7,MEDIUM
31.13,77.99,2653,2.66,MEDIUM
32.2,82.43,1784,0.72,LOW
28.67,80.19,2499,1.16,LOW
29.99,87.56,3047,5.19,MEDIUM
30.74,79.8,1536,0.78,LOW
31.73,98.0,1226,0.32,LOW
28.0,70.22,2490,2.01,LOW
30.73,98.0,1555,2.22,LOW
31.53,73.56,2851,0.72,LOW
32.17,94.11,1085,3.31,LOW
30.78,73.18,3685,3.63,MEDIUM
26.87,75.9,1794,0.49,LOW
30.8,77.99,2585,0.97,LOW
28.61,87.88,2284,4.2,MEDIUM
29.61,73.56,3209,1.86,MEDIUM
29.2,73.75,1118,3.8,LOW
29.16,93.38,2693,1.17,MEDIUM
28.7,74.71,3176,4.0,MEDIUM
34.19,96.04,2354,2.5,MEDIUM
29.56,90.47,2743,3.62,MEDIUM
30.06,98.0,1867,1.84,MEDIUM
29.09,68.17,3018,1.6,LOW
30.44,64.78,2671,5.07,MEDIUM
31.04,65.97,3247,0.37,LOW
28.86,68.16,2299,1.48,LOW
32.15,81.89,1978,1.59,LOW
31.0,73.65,2699,1.8,LOW
29.51,79.03,1779,2.06,LOW
27.0,92.05,2450,0.09,LOW
31.88,78.28,571,1.12,LOW
28.61,71.64,2582,7.36,MEDIUM
28.35,80.96,4056,0.97,MEDIUM
29.62,68.85,2829,5.63,MEDIUM
31.09,85.83,2547,5.64,MEDIUM
28.44,79.87,4032,3.05,MEDIUM
29.44,83.06,2556,3.58,MEDIUM
33.42,92.83,3241,3.78,MEDIUM
26.96,86.37,3548,0.48,MEDIUM
27.28,81.7,1001,1.54,LOW
29.5,93.53,1196,1.29,LOW
31.91,90.25,1848,0.61,LOW
30.55,85.6,1906,4.12,MEDIUM
33.62,78.34,2018,0.83,LOW
33.55,83.25,2624,5.41,MEDIUM
29.14,90.15,1752,1.73,LOW
26.31,83.76,1811,0.48,LOW
27.97,62.9,2478,5.61,LOW
31.07,74.74,4095,6.68,MEDIUM
28.59,82.14,2297,2.05,LOW
27.68,86.67,3515,3.67,MEDIUM
30.9,70.5,2422,3.46,LOW
27.88,97.83,2146,0.7,LOW
28.19,60.23,4095,4.4,MEDIUM
32.77,75.62,3024,1.21,MEDIUM
32.49,75.38,2485,3.23,MEDIUM
28.94,70.46,3248,0.93,LOW
28.68,80.11,2261,3.43,LOW
29.66,69.62,3502,0.31,LOW
27.66,77.2,2628,0.32,LOW
29.68,76.59,2294,1.4,LOW
28.35,80.83,2562,1.26,LOW
27.94,85.71,2798,4.73,MEDIUM
27.37,88.79,2239,2.7,LOW
28.16,60.21,2500,0.87,LOW
33.42,83.59,1655,2.59,LOW
26.43,70.24,3854,0.25,LOW
30.11,80.95,3055,5.4,MEDIUM
29.84,75.6,2701,8.04,MEDIUM
28.61,83.7,1007,4.09,LOW
32.31,86.33,2302,0.55,LOW
29.93,78.45,1827,2.53,LOW
30.3,92.38,3753,3.18,MEDIUM
30.97,61.36,1449,0.3,LOW
31.96,75.31,1208,3.14,LOW
31.85,83.76,2137,1.61,LOW
29.66,82.37,2428,1.58,LOW
32.47,83.52,3477,2.08,MEDIUM
29.79,70.74,3104,2.68,MEDIUM
30.17,81.86,3441,1.02,MEDIUM
27.79,80.72,4040,1.08,MEDIUM
30.6,83.74,3296,5.24,MEDIUM
28.76,79.31,3070,0.32,LOW
31.03,80.84,1952,1.23,LOW
30.95,85.69,2861,7.55,MEDIUM
35.77,62.12,3109,1.62,MEDIUM
29.12,82.36,2548,2.6,MEDIUM
27.47,91.47,3004,4.89,MEDIUM
30.33,79.75,3451,3.09,MEDIUM
28.15,69.5,2312,0.41,LOW
31.77,80.09,1544,1.63,LOW
26.73,91.87,4095,2.24,MEDIUM
28.07,67.33,2674,1.68,LOW
33.01,82.91,2605,3.8,MEDIUM
31.76,81.86,2251,4.77,MEDIUM
30.03,72.95,2865,1.76,LOW
28.22,69.41,1974,0.58,LOW
31.6,90.04,3016,2.33,MEDIUM
33.2,70.04,2205,3.68,LOW
27.78,87.21,3027,4.0,MEDIUM
30.76,75.1,2611,7.32,MEDIUM
34.45,70.6,2627,4.08,MEDIUM
30.19,80.33,2630,0.79,LOW
30.63,90.58,3352,2.18,MEDIUM
31.55,73.21,3467,6.01,MEDIUM
28.07,76.35,3330,8.26,MEDIUM
26.51,86.14,2440,2.84,LOW
29.48,66.61,1569,0.97,LOW
33.2,84.14,1963,3.3,MEDIUM
32.1,82.46,2819,2.77,MEDIUM
31.49,98.0,3923,1.03,MEDIUM
29.3,69.25,1778,2.64,LOW
30.85,69.69,2360,0.21,LOW
29.69,86.53,1790,1.36,LOW
31.7,84.55,2548,1.31,MEDIUM
28.58,90.74,2780,3.84,MEDIUM
36.0,77.13,1141,2.2,LOW
31.15,82.33,2347,3.45,MEDIUM
30.73,67.46,1012,2.73,LOW
27.9,67.21,2853,2.35,LOW
27.07,84.47,2520,3.84,MEDIUM
26.95,74.22,2872,0.13,LOW
31.4,70.32,2114,3.71,LOW
31.12,86.24,2351,1.22,LOW
31.14,59.65,3107,6.65,MEDIUM
31.05,68.86,3191,1.03,LOW
32.12,75.56,2335,1.01,LOW
28.53,77.41,3992,1.91,MEDIUM
29.53,71.5,2782,0.21,LOW
29.27,85.62,3932,1.33,MEDIUM
33.0,81.54,2135,1.94,LOW
31.84,81.37,3224,4.03,MEDIUM
34.03,72.61,2102,5.21,MEDIUM
27.06,96.58,1606,0.43,LOW
28.56,91.62,2637,3.55,MEDIUM
29.83,85.51,2698,2.21,MEDIUM
28.46,59.52,2463,0.6,LOW
30.02,98.0,2491,1.39,MEDIUM
33.28,76.86,2919,4.34,MEDIUM
32.64,78.42,3084,0.33,MEDIUM
27.06,78.12,3309,0.94,MEDIUM
31.0,70.98,3935,6.79,MEDIUM
31.69,79.65,1784,0.88,LOW
34.19,78.12,3437,2.08,MEDIUM
29.4,79.33,2659,1.16,LOW
27.83,65.56,1801,1.22,LOW
30.82,72.94,2734,7.34,MEDIUM
27.53,78.76,2066,3.44,LOW
26.84,89.29,3257,1.7,MEDIUM
30.19,84.59,2401,1.44,LOW
28.43,64.7,2734,3.02,LOW
30.89,86.63,3120,0.18,MEDIUM
29.19,81.91,1994,4.91,LOW
27.45,75.07,3366,1.35,MEDIUM
32.82,57.92,1572,0.74,LOW
34.05,91.46,2587,0.63,MEDIUM
28.31,80.1,2417,1.35,LOW
27.42,86.42,2483,2.12,LOW
30.06,76.77,3242,0.6,MEDIUM
27.86,80.9,2460,3.29,LOW
31.74,84.05,1872,0.69,LOW
30.71,75.48,1802,1.24,LOW
31.11,69.09,2144,2.32,LOW
27.71,79.16,2169,1.59,LOW
28.94,68.23,4095,1.96,MEDIUM
28.27,79.12,2348,2.52,LOW
33.68,85.08,1644,10.23,MEDIUM
27.88,89.01,4021,3.6,MEDIUM
31.06,72.42,2673,4.52,MEDIUM
29.05,73.24,1948,11.53,MEDIUM
28.09,96.46,2161,3.76,MEDIUM
30.16,77.16,2976,0.27,LOW
32.99,96.72,3661,1.35,MEDIUM
32.76,78.1,2361,1.1,LOW
30.24,72.62,2018,2.44,LOW
24.01,84.04,2535,3.03,LOW
29.82,70.47,1670,0.27,LOW
28.42,75.15,3820,0.23,MEDIUM
28.98,84.86,2843,3.86,MEDIUM
33.52,66.15,3190,0.24,LOW
29.12,84.67,2085,2.66,LOW
29.45,74.39,2794,0.9,LOW
28.92,79.14,1775,0.7,LOW
33.23,69.38,3389,0.4,MEDIUM
25.06,80.81,2573,0.96,LOW
32.7,97.52,2319,3.63,MEDIUM
33.27,93.62,1804,6.45,MEDIUM
31.37,81.87,2283,6.72,MEDIUM
29.67,79.09,2487,0.75,LOW
29.94,73.12,500,4.46,LOW
33.23,79.49,2105,0.4,LOW
30.65,68.85,2051,1.2,LOW
31.22,90.09,1445,0.76,LOW
28.52,79.94,2034,0.41,LOW
31.52,82.47,2312,2.23,MEDIUM
29.05,74.18,1715,6.14,LOW
24.06,69.67,3513,5.36,MEDIUM
32.47,83.27,3025,0.01,MEDIUM
28.78,67.92,3137,5.84,MEDIUM
32.14,83.18,2512,1.04,MEDIUM
28.09,78.85,2790,4.25,MEDIUM
32.74,73.23,2656,7.31,MEDIUM
34.28,84.9,2548,1.16,MEDIUM
29.28,81.57,2185,1.67,LOW
31.88,83.48,1940,2.15,LOW
26.85,78.68,1287,2.8,LOW
30.04,78.14,2543,1.6,LOW
31.85,67.2,2274,1.09,LOW
33.75,79.21,2429,1.43,MEDIUM
33.06,66.81,3036,2.15,MEDIUM
30.2,89.99,2113,1.78,LOW
32.2,80.64,2122,3.03,MEDIUM
31.14,66.4,2860,1.27,LOW
29.33,69.79,2898,0.89,LOW
27.72,79.44,2824,1.12,LOW
29.37,72.39,1771,1.5,LOW
28.07,78.26,1248,0.7,LOW
32.27,88.83,1436,0.45,LOW
29.52,70.18,918,2.62,LOW
31.31,73.61,3002,1.66,MEDIUM
29.4,73.07,3496,2.64,MEDIUM
29.5,79.37,1142,1.19,LOW
32.04,70.78,2218,0.91,LOW
27.22,89.44,3183,2.31,MEDIUM
32.92,80.43,2550,3.28,MEDIUM
27.97,73.44,2475,1.49,LOW
28.14,97.3,2360,0.98,MEDIUM
29.38,67.85,3479,2.73,MEDIUM
33.81,86.95,1306,1.36,LOW
32.8,75.79,2758,1.19,MEDIUM
34.14,72.91,2810,1.22,MEDIUM
28.74,91.39,2346,1.85,MEDIUM
27.23,98.0,2946,1.66,MEDIUM
32.77,85.17,2653,1.66,MEDIUM
30.38,91.13,2938,4.29,MEDIUM
29.39,80.24,2486,0.79,LOW
29.34,60.76,2983,4.41,LOW
31.24,88.08,2117,1.54,LOW
29.43,78.19,3973,1.43,MEDIUM
26.89,90.14,3403,1.33,MEDIUM
29.52,89.58,2798,5.0,MEDIUM
27.12,79.08,1841,0.39,LOW
26.7,87.67,3129,1.83,MEDIUM
32.5,83.55,2405,4.53,MEDIUM
27.32,81.18,1439,7.97,LOW
27.5,88.15,1877,1.18,LOW
31.1,77.83,3115,2.42,MEDIUM
34.52,73.7,1883,1.15,LOW
31.42,62.32,3950,1.88,MEDIUM
31.65,88.46,2948,5.81,MEDIUM
30.17,70.71,1452,5.95,LOW
29.11,87.12,2489,2.09,MEDIUM
28.27,73.4,3387,4.66,MEDIUM
31.53,68.14,1977,2.15,LOW
30.45,84.29,1161,3.69,LOW
30.1,77.39,1941,3.93,LOW
29.19,86.56,2059,4.85,MEDIUM
31.37,78.48,1431,2.73,LOW
26.75,81.01,2130,4.19,LOW
32.12,91.44,2335,1.46,MEDIUM
31.3,94.87,2196,1.31,MEDIUM
29.41,67.48,1687,1.16,LOW
32.73,80.64,1641,4.98,MEDIUM
34.17,76.93,1933,2.08,LOW
31.59,84.74,2726,2.79,MEDIUM
27.48,71.33,1815,1.44,LOW
31.29,78.01,2669,2.72,MEDIUM
30.74,85.25,2575,6.96,MEDIUM
26.48,60.4,2217,0.41,LOW
30.94,77.92,1637,5.85,LOW
28.01,82.98,2890,5.97,MEDIUM
32.29,78.98,3792,0.02,MEDIUM
27.75,80.52,2221,2.91,LOW
30.32,65.22,2209,0.97,LOW
30.14,79.95,1698,8.03,MEDIUM
30.24,71.72,500,12.12,LOW
28.74,62.84,4095,2.79,MEDIUM
28.15,81.41,2094,1.52,LOW
29.88,87.34,2519,1.28,MEDIUM
31.31,85.54,3072,1.02,MEDIUM
29.13,76.51,2714,4.0,MEDIUM
27.46,63.75,2319,3.01,LOW
28.78,75.93,3940,1.41,MEDIUM
28.95,73.68,1974,3.28,LOW
29.94,89.68,2086,2.73,MEDIUM
28.39,91.48,1790,1.41,LOW
31.07,86.09,3142,3.52,MEDIUM
30.35,90.34,3044,2.76,MEDIUM
32.77,85.78,1887,5.31,MEDIUM
27.7,92.09,3785,6.24,MEDIUM
33.07,73.5,3076,2.87,MEDIUM
32.79,81.24,2169,5.12,MEDIUM
29.83,93.87,1982,0.85,LOW
32.35,76.19,3022,8.22,MEDIUM
29.05,80.98,3624,4.29,MEDIUM
27.98,67.37,2388,0.09,LOW
30.68,70.61,1668,3.0,LOW
31.08,95.24,2515,2.65,MEDIUM
30.95,88.23,1835,6.49,MEDIUM
30.98,78.13,2968,7.05,MEDIUM
26.19,71.0,3307,7.27,MEDIUM
28.66,81.27,1819,1.57,LOW
27.22,79.25,2067,2.81,LOW
28.49,82.85,2333,9.36,MEDIUM
29.78,75.16,980,2.26,LOW
29.27,79.22,2889,0.87,LOW
35.6,82.63,3582,5.96,HIGH
30.97,89.29,2717,3.55,MEDIUM
29.85,85.84,3341,1.52,MEDIUM
26.53,61.28,3838,1.59,LOW
29.35,89.74,2829,4.78,MEDIUM
30.56,93.18,1690,1.68,LOW
27.73,86.09,4015,4.05,MEDIUM
30.1,80.77,1785,1.72,LOW
29.99,65.06,1874,6.84,LOW
29.18,77.09,2853,4.74,MEDIUM
29.51,95.22,2223,4.27,MEDIUM
30.2,72.43,2829,1.16,LOW
30.99,82.08,1642,2.3,LOW
29.17,75.47,2467,5.37,MEDIUM
26.71,67.51,2391,2.53,LOW
32.11,92.93,2385,1.63,MEDIUM
32.18,64.28,1250,0.7,LOW
30.31,77.28,3195,3.52,MEDIUM
32.36,67.61,1229,3.05,LOW
28.11,68.86,3312,0.77,LOW
28.83,81.58,1945,7.98,MEDIUM
32.86,95.57,1494,0.11,LOW
30.59,76.17,3800,0.51,MEDIUM
29.74,84.2,1940,2.0,LOW
33.99,98.0,1299,1.11,LOW
32.3,89.3,3569,1.67,MEDIUM
28.13,77.02,1886,1.02,LOW
29.68,77.96,3906,3.09,MEDIUM
28.86,86.38,3276,2.15,MEDIUM
27.25,72.0,1681,8.37,LOW
29.56,85.0,1583,2.3,LOW
27.26,81.58,2339,1.77,LOW
30.18,90.33,1975,4.12,MEDIUM
29.55,77.36,1128,2.04,LOW
30.98,92.22,1036,3.05,LOW
27.69,78.61,2062,2.61,LOW
28.54,96.63,3218,1.74,MEDIUM
28.52,63.98,500,0.94,LOW
24.92,72.61,1892,1.16,LOW
30.21,64.47,3994,1.73,MEDIUM
28.51,98.0,2345,5.46,MEDIUM
33.53,93.13,2275,4.09,MEDIUM
31.08,79.37,2695,0.54,LOW
29.31,73.03,2956,6.11,MEDIUM
27.65,88.05,3079,4.05,MEDIUM
28.65,84.51,3097,0.91,MEDIUM
30.17,80.71,3555,1.06,MEDIUM
32.68,63.41,3064,1.39,LOW
28.33,84.06,3964,6.03,MEDIUM
28.52,65.3,3698,2.4,MEDIUM
31.13,82.27,3130,2.41,MEDIUM
32.55,91.15,3256,0.58,MEDIUM
27.18,87.75,3552,5.76,MEDIUM
32.33,68.35,2954,0.4,LOW
29.07,81.49,3148,2.79,MEDIUM
29.58,69.46,2544,5.31,MEDIUM
34.35,86.48,3023,1.61,MEDIUM
28.25,61.48,2451,5.74,LOW
29.29,77.13,3420,2.76,MEDIUM
29.46,77.31,3538,2.17,MEDIUM
26.62,84.17,2018,0.43,LOW
29.09,77.4,2460,4.22,MEDIUM
31.01,93.45,2376,0.89,MEDIUM
27.61,81.3,3675,2.8,MEDIUM
30.62,84.45,2330,1.85,LOW
28.68,71.84,3872,0.71,MEDIUM
28.27,86.98,2725,1.64,MEDIUM
30.92,72.17,1557,3.96,LOW
27.66,84.44,3391,11.19,HIGH
29.63,93.1,2739,0.85,MEDIUM
32.17,82.4,1443,0.76,LOW
25.28,93.23,1943,2.39,LOW
31.33,70.04,3897,1.04,MEDIUM
29.38,86.69,2381,1.15,LOW
26.61,84.77,3299,0.89,MEDIUM
30.86,80.51,2660,1.08,LOW
30.16,77.78,942,4.73,LOW
32.08,77.3,2120,3.51,LOW
26.72,62.67,3052,4.96,LOW
27.24,89.07,1031,1.5,LOW
29.81,55.24,4095,0.42,LOW
29.54,75.59,2132,1.45,LOW
30.81,71.96,2475,1.02,LOW
25.7,77.65,3568,1.39,MEDIUM
31.74,75.54,3164,0.61,MEDIUM
29.86,60.52,2318,0.64,LOW
29.69,72.96,2128,2.42,LOW
31.25,84.72,3392,5.02,MEDIUM
29.72,58.26,2672,3.66,LOW
34.6,82.64,2331,4.84,MEDIUM
29.41,85.29,2116,4.24,MEDIUM
30.35,89.07,2842,1.74,MEDIUM
30.2,72.52,2862,2.81,MEDIUM
27.78,85.86,4095,0.11,MEDIUM
32.71,78.17,1420,0.7,LOW
29.54,85.49,3405,1.66,MEDIUM
27.32,70.14,1857,2.49,LOW
26.6,85.82,1484,1.34,LOW
32.06,78.05,2112,2.64,LOW
33.46,66.5,1858,4.84,LOW
31.38,59.14,4095,7.92,MEDIUM
31.45,63.26,1892,2.24,LOW
29.45,83.35,2943,4.7,MEDIUM
27.65,67.64,1956,0.67,LOW
31.3,97.3,3027,1.53,MEDIUM
31.97,79.94,2034,0.39,LOW
30.18,75.31,2313,1.45,LOW
30.96,80.21,2817,4.98,MEDIUM
26.12,92.84,1899,2.08,LOW
29.14,78.5,1272,5.97,LOW
30.32,73.76,2495,2.2,LOW
32.39,69.8,2437,0.02,LOW
27.81,67.37,2366,9.18,MEDIUM
32.62,86.41,2750,1.3,MEDIUM
29.21,86.03,1271,1.83,LOW
32.93,70.29,1975,2.82,LOW
28.65,89.21,2053,6.54,MEDIUM
30.89,75.68,966,2.32,LOW
29.08,66.94,2430,4.11,LOW
35.63,65.08,1574,7.93,MEDIUM
27.27,68.57,2445,3.16,LOW
26.01,85.76,2075,4.5,LOW
29.72,79.04,2021,2.11,LOW
30.67,94.65,2218,3.48,MEDIUM
27.92,88.64,3680,1.78,MEDIUM
30.91,79.97,2586,1.79,MEDIUM
30.86,72.15,2557,6.06,MEDIUM
30.57,76.01,2302,3.72,LOW
28.08,69.44,1829,5.38,LOW
30.05,90.87,3869,0.94,MEDIUM
30.47,72.98,2241,4.4,LOW
29.79,74.47,2414,2.37,LOW
27.2,77.21,2355,2.71,LOW
32.45,98.0,2432,0.16,MEDIUM
29.03,68.88,1237,3.04,LOW
32.94,88.59,2433,1.34,MEDIUM
36.0,75.43,2180,0.36,LOW
26.83,83.3,4095,4.12,MEDIUM
26.9,76.9,4095,0.69,MEDIUM
27.92,76.37,2376,1.24,LOW
31.48,81.28,1982,0.21,LOW
30.18,86.38,2692,5.1,MEDIUM
28.46,86.07,2953,1.4,MEDIUM
31.37,81.27,2301,1.03,LOW
36.0,70.99,3776,5.71,MEDIUM
31.14,79.62,3151,0.29,MEDIUM
32.02,75.2,2122,3.29,LOW
26.75,85.7,3915,1.14,MEDIUM
25.29,96.78,3545,2.31,MEDIUM
31.71,82.94,2832,1.71,MEDIUM
29.53,87.78,871,6.61,LOW
34.29,90.61,2911,0.15,MEDIUM
30.4,91.83,3255,1.93,MEDIUM
26.4,74.5,2655,13.22,MEDIUM
29.23,68.28,2450,1.4,LOW
24.43,87.68,2232,3.1,LOW
29.77,60.48,3018,3.24,LOW
30.23,71.5,3042,4.53,MEDIUM
29.28,79.26,2167,1.52,LOW
32.48,83.61,3359,1.39,MEDIUM
30.05,72.54,1124,0.04,LOW
28.02,59.34,3532,5.74,MEDIUM
32.53,94.86,2547,1.82,MEDIUM
30.46,82.86,3224,0.43,MEDIUM
30.06,79.16,2904,3.61,MEDIUM
25.69,77.29,1427,1.12,LOW
31.7,98.0,2700,0.21,MEDIUM
30.46,93.09,3270,16.67,HIGH
27.21,79.23,2607,2.07,LOW
32.14,88.44,2279,2.55,MEDIUM
29.77,97.9,3387,2.5,MEDIUM
32.5,86.12,2343,0.87,MEDIUM
30.0,89.86,1849,1.51,LOW
31.56,75.64,2446,2.35,LOW
27.37,83.94,3147,1.46,MEDIUM
26.2,93.05,2399,3.54,MEDIUM
32.73,83.22,1188,1.29,LOW
26.26,96.15,2268,0.7,LOW
31.16,73.97,2480,2.07,LOW
29.22,61.01,2723,0.89,LOW
32.6,87.75,2931,6.16,MEDIUM
30.64,68.35,1794,1.03,LOW
31.45,83.07,500,0.76,LOW
32.36,87.7,1677,3.48,MEDIUM
29.01,81.75,1296,5.33,LOW
31.15,98.0,1442,0.98,LOW
32.62,79.02,1727,2.26,LOW
26.93,65.44,3681,0.7,LOW
27.58,82.04,3340,0.68,MEDIUM
31.74,70.43,3351,2.79,MEDIUM
33.52,87.77,2227,1.32,MEDIUM
27.23,65.8,1793,1.03,LOW
28.76,55.46,3304,10.64,MEDIUM
27.18,68.29,2871,0.82,LOW
25.6,86.55,2531,1.57,LOW
28.54,71.97,3074,1.73,LOW
29.79,71.37,1547,7.36,LOW
28.44,68.1,3372,2.68,MEDIUM
32.84,83.84,1484,0.28,LOW
27.5,79.31,2603,7.82,MEDIUM
31.04,81.95,2021,2.22,LOW
29.45,93.87,1841,3.13,MEDIUM
30.46,67.33,1910,3.72,LOW
31.86,75.49,1601,6.88,MEDIUM
29.24,79.65,2790,0.71,LOW
31.43,73.43,2011,1.07,LOW
33.4,64.87,2392,1.45,LOW
31.73,75.82,3329,4.36,MEDIUM
29.29,86.77,3124,7.98,MEDIUM
28.23,71.33,2610,0.24,LOW
29.13,74.13,1948,0.98,LOW
32.99,87.26,1304,3.06,LOW
30.36,77.76,1417,4.52,LOW
29.65,79.8,1784,5.33,LOW
30.54,98.0,3018,4.9,MEDIUM
31.15,77.26,1502,0.51,LOW
27.02,72.7,3025,2.85,LOW
32.54,81.93,2668,3.82,MEDIUM
33.29,87.95,2952,12.09,HIGH
29.37,75.94,2090,1.8,LOW
28.97,78.62,2883,2.47,MEDIUM
31.48,83.83,3187,0.59,MEDIUM
29.2,86.18,2883,3.31,MEDIUM
31.62,91.29,1793,0.24,LOW
31.76,85.43,2413,5.48,MEDIUM
30.08,86.05,3065,1.51,MEDIUM
31.01,81.92,3507,0.23,MEDIUM
33.46,80.12,2407,1.01,LOW
34.65,73.79,2076,0.73,LOW
31.98,57.09,2100,1.05,LOW
24.53,78.17,1881,3.39,LOW
31.35,80.55,1497,0.7,LOW
26.43,98.0,2624,2.71,MEDIUM
31.35,93.68,2980,0.09,MEDIUM
32.4,90.27,1395,2.85,LOW
34.06,88.46,3780,0.77,MEDIUM
31.91,80.53,1292,3.5,LOW
28.45,87.38,2937,2.0,MEDIUM
30.99,80.84,2178,0.02,LOW
28.79,64.84,2456,3.48,LOW
27.73,73.23,2562,4.87,LOW
28.09,72.21,3238,4.82,MEDIUM
28.54,83.49,2333,1.59,LOW
31.71,80.62,1336,1.58,LOW
29.59,83.47,2565,0.57,LOW
28.32,91.84,3935,3.16,MEDIUM
29.71,98.0,1816,0.39,LOW
31.09,69.84,2480,4.47,MEDIUM
27.19,62.11,3237,5.26,MEDIUM
27.1,79.75,2963,2.23,MEDIUM
26.13,96.31,2727,2.2,MEDIUM
28.9,82.99,1669,1.18,LOW
29.13,94.4,2287,2.27,MEDIUM
28.94,76.66,3067,0.33,LOW
32.22,69.29,3713,4.42,MEDIUM
25.95,93.36,1820,0.86,LOW
26.43,81.99,2536,3.36,LOW
33.63,89.7,2734,2.19,MEDIUM
30.38,67.12,3382,1.32,MEDIUM
29.55,94.56,1897,1.69,LOW
32.68,74.54,3156,2.62,MEDIUM
27.49,93.87,2167,6.75,MEDIUM
29.03,96.46,2616,9.44,MEDIUM
30.06,76.53,2926,1.19,LOW
33.82,85.45,2387,0.74,MEDIUM
27.55,90.33,2608,2.94,MEDIUM
32.71,76.45,2731,1.99,MEDIUM
27.35,72.52,2224,0.68,LOW
31.58,83.63,1845,3.18,LOW
34.02,83.8,2941,0.53,MEDIUM
30.26,79.6,1931,3.58,LOW
28.7,89.0,2212,2.27,LOW
31.79,94.02,2472,2.55,MEDIUM
31.88,64.52,2159,5.94,LOW
30.71,87.29,3156,1.56,MEDIUM
30.21,64.96,3219,2.74,MEDIUM
28.96,75.48,3173,1.1,MEDIUM
31.98,73.24,863,0.45,LOW
31.85,90.75,1820,2.53,MEDIUM
31.6,77.65,3593,2.58,MEDIUM
32.99,81.88,3313,1.68,MEDIUM
32.67,82.29,929,1.62,LOW
30.02,67.05,2593,4.07,LOW
29.69,69.64,2815,0.97,LOW
30.82,62.54,2811,2.87,LOW
32.02,73.75,2369,1.5,LOW
29.43,86.31,2591,6.13,MEDIUM
31.41,73.44,2485,0.45,LOW
28.27,67.38,1899,0.55,LOW
32.45,72.97,4095,4.24,MEDIUM
29.36,86.88,1954,2.22,LOW
27.72,81.76,2666,0.63,LOW
29.35,75.5,1977,7.62,MEDIUM
32.97,73.9,1937,1.92,LOW
27.88,98.0,2531,2.01,MEDIUM
27.98,98.0,3034,1.94,MEDIUM
30.68,78.85,2786,5.54,MEDIUM
29.92,98.0,2719,6.68,MEDIUM
27.24,80.75,3213,3.37,MEDIUM
29.91,72.69,3238,0.17,LOW
30.32,77.69,2285,0.0,LOW
27.77,78.02,2696,2.02,LOW
30.89,73.8,1588,1.78,LOW
35.56,82.05,2085,4.55,MEDIUM
35.43,91.57,3644,0.97,MEDIUM
27.56,79.16,2638,1.14,LOW
30.57,95.35,3899,0.63,MEDIUM
26.0,59.28,2440,3.93,LOW
26.8,83.33,2895,3.42,MEDIUM
30.07,79.49,1747,3.16,LOW
29.59,69.91,1915,2.1,LOW
32.37,84.78,2131,2.06,MEDIUM
33.93,75.21,1754,4.48,LOW
33.51,74.55,2120,2.4,LOW
29.73,81.22,2233,1.55,LOW
30.7,89.57,2532,4.35,MEDIUM
31.42,96.71,1208,10.21,MEDIUM
31.86,76.76,2713,0.55,LOW
29.58,74.72,2737,0.14,LOW
30.86,84.31,2182,0.95,LOW
32.82,63.3,3879,1.3,MEDIUM
33.18,70.73,2348,3.19,LOW
26.07,85.85,2594,2.57,LOW
25.7,72.93,1449,0.31,LOW
30.43,74.81,2108,1.54,LOW
28.23,88.77,1843,5.35,MEDIUM
30.01,78.66,3711,7.43,MEDIUM
28.35,86.56,3866,2.32,MEDIUM
28.96,72.46,3067,2.38,MEDIUM
26.68,96.99,2661,1.42,MEDIUM
33.11,80.4,1840,5.56,MEDIUM
32.86,78.8,1959,0.74,LOW
30.98,98.0,2595,0.94,MEDIUM
30.4,82.23,2887,3.86,MEDIUM
27.62,77.2,2968,0.09,LOW
31.16,85.0,2660,2.77,MEDIUM
29.13,79.21,3066,4.43,MEDIUM
29.45,79.43,1802,1.92,LOW
27.25,72.18,2345,3.96,LOW
29.66,77.66,2904,7.12,MEDIUM
32.13,94.48,1667,4.42,MEDIUM
31.42,69.6,2329,2.8,LOW
33.31,79.89,795,1.28,LOW
30.08,90.67,2170,2.71,MEDIUM
32.27,78.43,1941,0.91,LOW
30.76,84.51,1951,1.96,LOW
31.81,78.12,3334,1.68,MEDIUM
29.02,80.99,3243,8.97,MEDIUM
33.25,77.6,3593,0.46,MEDIUM
32.38,74.44,1972,2.88,LOW
31.61,77.48,2990,2.44,MEDIUM
33.68,74.68,2344,5.57,MEDIUM
30.4,66.69,1864,1.48,LOW
32.98,70.12,2059,3.03,LOW
31.97,82.1,2493,4.17,MEDIUM
27.96,74.04,4068,9.82,HIGH
29.21,84.31,1786,0.95,LOW
30.26,92.26,2384,0.57,MEDIUM
33.85,57.68,3055,3.87,MEDIUM
30.85,88.11,3104,2.09,MEDIUM
30.54,88.18,3024,0.08,MEDIUM
32.76,70.22,3313,1.21,MEDIUM
31.18,82.55,1924,1.17,LOW
33.33,83.5,2463,1.79,MEDIUM
32.44,79.86,2715,0.72,MEDIUM
32.29,88.38,2517,2.51,MEDIUM
29.89,62.54,2510,0.9,LOW
27.42,77.26,1325,3.17,LOW
30.11,78.05,3506,2.94,MEDIUM
30.15,89.39,1866,1.57,LOW
31.45,75.16,3317,3.52,MEDIUM
33.18,80.01,2756,2.18,MEDIUM
30.83,82.07,1996,1.33,LOW
30.98,69.7,3175,0.3,LOW
33.9,72.99,2107,2.52,LOW
30.46,75.8,1551,0.17,LOW
28.68,87.29,3128,2.56,MEDIUM
31.98,76.33,1583,2.93,LOW
28.55,73.76,2102,6.96,MEDIUM
30.84,86.45,1282,1.35,LOW
28.74,86.84,1730,2.83,LOW
32.98,64.27,1945,5.63,LOW
32.33,69.8,2562,3.5,MEDIUM
29.51,77.67,3096,0.46,LOW
28.61,94.67,2552,2.5,MEDIUM
27.46,87.47,3109,1.58,MEDIUM
27.97,86.17,2421,2.99,MEDIUM
30.36,75.32,2393,1.82,LOW
27.43,69.84,2839,4.21,LOW
28.41,75.49,2580,4.1,MEDIUM
27.5,74.78,4095,7.55,MEDIUM
31.89,78.79,3105,2.88,MEDIUM
26.94,80.9,3674,2.11,MEDIUM
35.84,73.26,3397,2.12,MEDIUM
29.82,74.31,3425,1.22,MEDIUM
26.04,78.88,2240,5.09,LOW
30.18,82.98,1451,1.19,LOW
28.94,83.69,2686,1.86,MEDIUM
26.36,65.26,2389,1.89,LOW
27.01,95.59,2032,1.75,LOW
34.78,93.69,1073,3.96,MEDIUM
28.15,79.19,3215,0.35,LOW
28.84,72.11,3104,2.57,MEDIUM
31.36,73.18,2476,0.99,LOW
27.03,98.0,1658,3.81,LOW
30.36,73.74,2101,4.63,LOW
28.05,76.27,2583,0.74,LOW
29.04,80.58,2346,6.41,MEDIUM
26.84,76.21,1344,3.63,LOW
30.91,78.64,2520,3.27,MEDIUM
30.88,67.67,2786,2.53,LOW
31.15,64.03,2115,1.1,LOW
28.71,87.2,3118,1.02,MEDIUM
30.1,83.99,3228,2.99,MEDIUM
31.23,90.42,2065,4.5,MEDIUM
28.18,78.55,2731,2.58,LOW
28.95,86.85,2677,1.44,MEDIUM
29.42,78.61,1765,2.63,LOW
35.84,76.37,3358,1.76,MEDIUM
31.18,79.43,1268,1.7,LOW
25.05,69.16,3002,2.61,LOW
27.43,75.83,2095,1.36,LOW
27.95,70.1,2556,1.18,LOW
31.5,75.26,2499,1.03,LOW
32.38,77.54,1227,0.35,LOW
28.43,86.14,3223,3.85,MEDIUM
30.2,85.17,2069,0.75,LOW
30.01,80.0,3255,1.91,MEDIUM
33.43,90.5,959,5.12,LOW
33.08,73.37,2883,0.78,MEDIUM
29.29,70.98,1490,1.21,LOW
31.14,78.57,1769,3.18,LOW
30.19,80.29,3023,4.98,MEDIUM
32.94,74.92,3525,6.29,MEDIUM
29.46,85.98,2122,6.17,MEDIUM
28.63,75.09,2132,6.31,MEDIUM
28.42,70.83,2719,2.6,LOW
26.94,71.61,3076,5.08,MEDIUM
30.39,88.73,2115,3.24,MEDIUM
27.6,83.31,3308,2.12,MEDIUM
29.32,83.34,2479,0.3,LOW
32.2,74.64,2901,4.72,MEDIUM
28.96,79.49,3052,2.54,MEDIUM
29.3,88.92,654,5.43,LOW
30.0,83.33,3540,0.94,MEDIUM
28.34,86.54,2380,1.8,LOW
32.92,73.87,1908,0.53,LOW
27.26,86.76,2981,1.37,MEDIUM
34.59,93.35,2999,0.88,MEDIUM
30.68,75.72,2298,3.14,LOW
29.8,88.4,1193,2.74,LOW
34.48,69.61,1953,2.3,LOW
29.6,85.27,1275,4.02,LOW
28.27,78.1,3281,3.11,MEDIUM
31.6,74.78,1815,2.24,LOW
33.65,91.19,2683,4.68,MEDIUM
31.17,83.34,593,3.05,LOW
32.65,92.21,3169,17.99,HIGH
32.04,88.39,2293,0.78,MEDIUM
28.05,95.64,2569,0.59,MEDIUM
31.67,76.69,2019,2.73,LOW
28.19,81.65,1827,0.61,LOW
27.73,89.2,2340,9.79,MEDIUM
31.53,58.6,1635,3.72,LOW
32.59,76.29,1812,3.58,LOW
29.56,69.07,3371,0.54,LOW
33.28,69.16,2741,0.44,LOW
31.54,78.16,3132,1.84,MEDIUM
32.11,78.99,2392,0.96,LOW
28.31,70.08,3010,7.17,MEDIUM
30.8,75.17,3193,1.24,MEDIUM
30.71,71.35,4095,2.57,MEDIUM
28.9,84.61,2272,1.9,LOW
27.92,73.25,2167,3.24,LOW
26.98,77.18,2992,0.28,LOW
29.66,74.55,2913,1.41,LOW
31.45,77.19,3250,0.87,MEDIUM
33.74,78.79,2190,3.76,MEDIUM
31.21,75.55,1562,3.24,LOW
32.35,82.53,1940,0.92,LOW
33.47,82.44,2960,1.11,MEDIUM
32.46,74.33,1073,1.79,LOW
29.57,83.76,2737,0.98,MEDIUM
31.02,67.37,3378,5.02,MEDIUM
28.71,89.71,2371,2.11,MEDIUM
28.34,90.65,3956,1.17,MEDIUM
24.94,67.67,2597,2.71,LOW
30.28,77.11,2906,4.76,MEDIUM
30.96,75.24,2474,3.18,MEDIUM
31.5,75.82,2499,0.5,LOW
31.31,68.81,3412,0.97,MEDIUM
27.4,79.6,2041,3.08,LOW
29.17,82.9,2315,4.51,MEDIUM
30.03,72.36,4082,2.89,MEDIUM
30.81,74.46,2050,2.42,LOW
29.72,77.66,1721,2.44,LOW
28.91,93.87,2577,1.88,MEDIUM
30.37,80.89,1853,1.36,LOW
30.15,98.0,3399,13.18,HIGH
28.81,76.13,1869,3.47,LOW
32.24,83.06,2654,1.15,MEDIUM
29.16,86.34,2634,0.88,LOW
28.33,76.57,781,2.23,LOW
32.46,84.51,2008,3.91,MEDIUM
26.94,77.79,2036,6.53,LOW
31.94,87.82,2854,2.6,MEDIUM
30.61,74.35,3214,2.09,MEDIUM
27.49,98.0,1896,3.64,MEDIUM
29.79,72.74,2418,1.22,LOW
31.82,83.52,2611,4.11,MEDIUM
27.34,82.8,1598,0.75,LOW
27.73,84.86,2781,2.12,MEDIUM
29.05,82.13,1742,7.22,MEDIUM
28.9,87.64,2587,1.89,MEDIUM
30.07,82.99,2195,5.6,MEDIUM
31.71,89.43,2674,1.91,MEDIUM
30.82,67.79,3436,1.71,MEDIUM
29.42,82.82,2558,0.87,LOW
30.14,88.14,1774,1.98,LOW
27.64,78.63,3032,0.84,LOW
28.35,79.15,2510,5.48,MEDIUM
32.11,66.55,2068,4.03,LOW
28.81,86.77,1320,5.52,LOW
28.9,87.39,1746,0.54,LOW
31.46,92.08,1909,4.14,MEDIUM
33.27,70.42,2104,0.87,LOW
28.97,87.86,3548,2.01,MEDIUM
28.38,71.59,2770,3.15,LOW
32.1,81.09,2933,3.19,MEDIUM
30.83,68.03,2991,6.68,MEDIUM
27.52,67.67,2841,2.07,LOW
31.07,79.45,2327,4.15,MEDIUM
32.52,74.59,1767,0.9,LOW
27.17,68.79,2581,1.85,LOW
28.54,78.6,1412,2.83,LOW
27.52,82.26,3474,0.25,MEDIUM
33.23,84.69,1896,4.56,MEDIUM
33.55,81.57,2378,3.19,MEDIUM
27.59,66.95,3350,8.61,MEDIUM
26.95,91.36,1221,2.23,LOW
28.53,73.59,3078,10.23,MEDIUM
30.21,79.58,2342,2.55,LOW
30.45,63.14,3024,1.86,LOW
29.83,80.31,4073,11.15,HIGH
32.39,81.93,1959,5.76,MEDIUM
28.66,82.38,2767,0.65,LOW
32.61,62.4,3869,3.21,MEDIUM
28.62,88.08,2604,4.77,MEDIUM
30.84,83.88,2867,3.55,MEDIUM
31.97,88.48,1255,2.31,LOW
29.68,74.41,2697,3.27,MEDIUM
34.82,79.42,1999,5.62,MEDIUM
29.68,89.84,2723,4.53,MEDIUM
30.78,87.29,3229,4.81,MEDIUM
30.74,64.11,2626,2.29,LOW
29.21,95.0,3617,2.16,MEDIUM
29.2,91.89,2846,0.8,MEDIUM
28.32,56.22,2265,0.89,LOW
34.01,72.6,3184,5.32,MEDIUM
29.27,80.85,2505,2.06,LOW
28.73,77.7,2344,0.49,LOW
30.79,80.41,1920,5.14,MEDIUM
30.7,59.62,2832,3.32,LOW
31.35,83.5,3237,0.76,MEDIUM
33.65,86.81,1402,1.11,LOW
30.64,78.57,1370,0.98,LOW
28.09,94.49,4095,0.46,MEDIUM
30.81,80.34,2455,1.68,LOW
29.33,78.08,2615,0.83,LOW
28.23,76.11,2536,2.98,LOW
27.21,79.1,2625,5.57,MEDIUM
31.29,74.01,2454,1.64,LOW
32.52,84.67,1971,3.4,MEDIUM
32.27,93.04,1618,8.94,MEDIUM
31.57,74.56,2209,1.8,LOW
29.83,81.95,1856,1.74,LOW
28.13,92.95,3483,10.24,HIGH
28.79,86.58,3225,2.29,MEDIUM
32.75,85.09,2811,2.29,MEDIUM
31.17,80.59,3201,1.18,MEDIUM
28.29,73.26,2662,1.51,LOW
34.36,72.35,2337,3.17,MEDIUM
30.49,87.07,1851,0.3,LOW
32.09,65.92,2859,0.24,LOW
27.07,83.85,2354,3.53,LOW
27.84,98.0,1836,0.32,LOW
31.71,57.33,1970,3.9,LOW
28.32,87.62,2269,4.36,MEDIUM
27.87,76.55,994,1.45,LOW
27.13,69.05,2881,3.8,LOW
28.33,78.63,2159,5.54,MEDIUM
31.23,84.4,3800,10.71,HIGH
31.01,93.05,2430,0.09,MEDIUM
30.45,76.17,1862,1.22,LOW
28.93,98.0,2067,5.04,MEDIUM
27.3,86.97,2260,1.21,LOW
32.14,79.89,2414,3.08,MEDIUM
29.1,80.43,3536,0.41,MEDIUM
30.33,60.66,2829,1.84,LOW
31.0,84.47,1543,2.69,LOW
26.97,93.2,1613,1.07,LOW
28.1,87.4,2496,6.04,MEDIUM
30.71,81.48,2495,5.75,MEDIUM
28.26,75.09,2336,2.37,LOW
28.84,78.71,2999,0.44,LOW
29.86,80.95,2058,3.13,LOW
28.35,76.97,3384,7.21,MEDIUM
30.25,81.46,1273,0.43,LOW
31.4,86.95,1820,1.62,LOW
30.93,61.43,1641,4.11,LOW
28.76,94.22,3150,1.38,MEDIUM
29.28,63.91,3826,0.23,MEDIUM
28.26,59.49,3075,2.72,LOW
30.08,76.55,2939,0.47,LOW
29.02,88.26,2083,0.5,LOW
29.84,77.83,2250,5.52,MEDIUM
33.36,84.99,2521,2.7,MEDIUM
28.86,84.14,2135,5.46,MEDIUM
27.69,97.14,2321,0.56,LOW
30.32,68.55,2871,2.16,LOW
30.22,70.03,814,2.76,LOW
31.64,71.8,3644,4.4,MEDIUM
29.96,66.65,2804,2.79,LOW
29.5,84.28,1757,3.29,LOW
29.81,84.1,2535,0.58,LOW
32.93,60.41,1961,1.7,LOW
30.05,73.35,2667,2.95,LOW
31.74,80.52,3705,1.86,MEDIUM
28.53,75.02,4095,4.86,MEDIUM
32.36,77.96,3042,0.68,MEDIUM
29.61,81.07,3175,0.26,MEDIUM
30.51,98.0,2340,0.49,MEDIUM
30.41,73.26,2887,6.95,MEDIUM
28.38,73.75,2727,2.63,LOW
29.67,66.1,2933,3.17,LOW
30.85,94.57,3182,1.45,MEDIUM
30.86,76.9,1745,0.6,LOW
28.77,74.49,1071,0.72,LOW
30.47,85.4,1720,1.65,LOW
32.71,61.07,2812,4.57,MEDIUM
26.85,62.03,2804,0.62,LOW
28.99,98.0,2743,4.13,MEDIUM
29.54,74.27,3358,1.75,MEDIUM
27.25,70.0,2917,3.37,LOW
28.55,79.96,2302,4.25,LOW
29.09,87.12,2699,2.43,MEDIUM
30.86,90.59,3151,1.93,MEDIUM
28.31,87.37,1424,2.0,LOW
29.61,90.08,2047,2.11,LOW
26.13,71.73,1845,1.56,LOW
27.13,84.87,3119,0.73,MEDIUM
27.97,78.95,2163,0.13,LOW
28.37,90.46,2934,0.06,MEDIUM
27.95,80.11,3119,7.95,MEDIUM
30.74,63.49,3804,3.5,MEDIUM
26.73,55.99,2257,1.54,LOW
32.06,77.31,2469,1.15,LOW
30.16,94.15,2592,6.13,MEDIUM
26.67,75.6,2566,0.07,LOW
33.41,83.56,4095,1.44,MEDIUM
28.87,80.3,2260,0.98,LOW
29.62,61.45,2230,0.04,LOW
28.98,72.34,1498,1.23,LOW
32.51,66.6,1675,1.12,LOW
32.01,82.41,2216,0.13,LOW
29.35,66.96,2874,5.82,MEDIUM
30.72,76.15,3433,5.64,MEDIUM
31.18,78.24,2674,3.51,MEDIUM
30.04,86.75,2157,6.01,MEDIUM
29.76,67.81,1870,0.43,LOW
30.02,66.52,2993,1.54,LOW
29.96,79.45,2053,0.05,LOW
27.42,81.01,562,3.62,LOW
29.68,81.57,3244,1.02,MEDIUM
26.16,94.13,2969,0.15,MEDIUM
31.22,84.19,3264,1.17,MEDIUM
29.44,81.95,2167,3.34,LOW
30.62,71.75,3314,2.72,MEDIUM
28.5,83.04,2302,0.97,LOW
26.6,82.26,2887,1.29,LOW
32.36,77.01,2204,3.84,MEDIUM
28.08,84.23,1631,0.21,LOW
34.2,85.11,3176,4.27,MEDIUM
33.65,84.48,2685,1.17,MEDIUM
34.81,76.74,2653,3.65,MEDIUM
27.9,69.57,2802,4.29,LOW
30.75,78.82,2274,2.79,LOW
30.26,82.77,2285,1.36,LOW
31.03,95.2,2575,0.22,MEDIUM
32.07,66.22,2905,4.43,MEDIUM
33.62,74.05,1023,1.95,LOW
29.38,85.56,2361,3.39,MEDIUM
26.5,80.68,2599,1.34,LOW
27.07,78.29,2729,0.54,LOW
27.61,77.25,3513,2.5,MEDIUM
31.06,65.69,2185,12.97,MEDIUM
30.92,65.8,3518,3.06,MEDIUM
33.21,86.11,3458,2.63,MEDIUM
28.61,67.58,3557,0.95,LOW
29.49,85.59,1327,3.66,LOW
32.36,84.42,2159,5.28,MEDIUM
30.41,72.76,1205,0.6,LOW
32.01,80.49,2897,0.51,MEDIUM
32.91,75.78,1914,3.89,LOW
26.9,58.26,1590,8.24,LOW
32.05,91.64,2845,4.49,MEDIUM
30.22,81.54,2847,0.68,MEDIUM
27.95,79.06,2717,2.05,LOW
26.89,83.47,2143,3.79,LOW
28.55,88.55,1858,3.86,LOW
29.25,78.58,2942,1.8,MEDIUM
29.57,76.3,1770,2.8,LOW
31.53,69.02,3995,3.67,MEDIUM
30.63,78.29,3213,3.67,MEDIUM
31.1,70.53,2096,3.75,LOW
30.52,77.75,3861,2.13,MEDIUM
29.32,61.18,1942,2.29,LOW
29.19,75.5,2267,0.72,LOW
28.0,88.74,2328,3.38,MEDIUM
31.44,83.66,2312,7.39,MEDIUM
32.33,87.8,3027,1.62,MEDIUM
28.76,88.13,3273,1.43,MEDIUM
30.13,87.95,2412,6.36,MEDIUM
30.61,88.44,3547,7.93,HIGH
25.85,85.76,2024,0.54,LOW
28.7,65.93,2180,2.01,LOW
24.0,77.8,3464,2.53,MEDIUM
30.55,75.36,2428,0.7,LOW
31.68,87.3,3066,7.93,MEDIUM
30.93,74.25,1318,3.55,LOW
29.39,81.74,2863,3.32,MEDIUM
29.96,58.59,3224,1.45,LOW
30.4,72.68,3642,1.55,MEDIUM
30.37,69.96,2358,0.06,LOW
30.54,75.97,2720,0.48,LOW
28.55,76.11,2858,4.33,MEDIUM
30.51,78.24,3704,0.03,MEDIUM
29.55,70.55,3789,0.46,MEDIUM
31.51,78.04,2683,3.57,MEDIUM
30.51,64.13,2459,0.72,LOW
26.72,66.83,2263,4.89,LOW
32.83,81.89,3056,5.72,MEDIUM
31.3,73.45,3721,4.33,MEDIUM
27.6,92.25,3089,10.57,HIGH
33.37,78.14,2685,0.6,MEDIUM
28.68,69.29,2656,3.09,LOW
28.11,70.27,2575,0.27,LOW
29.29,98.0,2520,4.07,MEDIUM
32.34,74.94,2320,1.8,LOW
30.48,73.65,2531,4.04,MEDIUM
27.74,73.42,2410,2.74,LOW
30.85,70.89,2073,1.12,LOW
31.59,71.67,2657,2.53,LOW
28.02,84.94,1959,0.84,LOW
30.33,84.39,2765,0.53,MEDIUM
28.58,98.0,3670,3.07,MEDIUM
31.3,80.8,2019,3.19,LOW
28.52,83.1,2750,4.49,MEDIUM
24.4,85.93,3001,2.08,LOW
30.1,84.63,2198,1.89,LOW
28.52,66.99,3387,0.49,LOW
28.05,92.55,1505,1.13,LOW
30.47,71.35,1866,5.46,LOW
28.28,87.43,2051,3.33,LOW
32.97,81.05,1237,0.68,LOW
28.24,84.69,2399,2.07,LOW
31.7,82.34,2187,0.35,LOW
30.29,98.0,1677,1.3,LOW
31.86,85.62,3375,3.51,MEDIUM
30.21,92.77,3296,6.3,MEDIUM
27.21,76.97,3241,2.13,MEDIUM
31.06,85.72,1506,4.87,LOW
31.17,70.81,2441,2.13,LOW
30.38,74.51,3193,5.24,MEDIUM
31.09,65.76,2744,0.67,LOW
25.18,81.34,2327,5.26,LOW
27.7,79.46,3575,1.11,MEDIUM
30.18,69.68,1619,2.62,LOW
32.19,84.08,3111,4.87,MEDIUM
27.26,87.63,2655,0.74,LOW
24.76,78.08,4095,1.68,MEDIUM
31.76,78.35,2699,2.77,MEDIUM
34.97,82.38,2116,2.62,MEDIUM
33.42,92.82,3112,3.76,MEDIUM
27.35,75.28,3054,0.99,LOW
32.28,58.15,2662,4.42,LOW
28.63,66.73,2321,2.35,LOW
32.63,75.06,3940,0.69,MEDIUM
34.1,70.93,1110,3.07,LOW
34.33,58.13,2567,4.01,LOW
30.19,76.29,3706,7.06,MEDIUM
29.92,85.03,2537,0.5,LOW
29.28,78.25,1258,0.27,LOW
29.62,76.4,1818,3.04,LOW
27.18,88.69,2396,2.47,LOW
30.41,73.01,2021,1.91,LOW
31.96,77.87,3511,4.43,MEDIUM
28.07,67.69,2067,9.87,MEDIUM
30.2,90.62,1717,2.71,LOW
31.7,88.66,3166,3.99,MEDIUM
31.11,78.15,2025,4.97,MEDIUM
32.92,77.68,2393,2.77,MEDIUM
28.39,75.19,2225,4.03,LOW
27.19,86.18,2903,1.12,MEDIUM
33.38,77.63,1252,1.93,LOW
27.86,69.28,2797,0.33,LOW
28.76,86.0,1082,1.56,LOW
32.33,88.41,2216,1.82,MEDIUM
32.27,75.57,3519,0.25,MEDIUM
33.15,78.88,2100,4.45,MEDIUM
28.83,88.62,2299,4.03,MEDIUM
31.65,80.8,3933,0.73,MEDIUM
31.13,83.69,3564,0.64,MEDIUM
29.99,82.85,2772,2.1,MEDIUM
32.16,70.24,1825,6.69,MEDIUM
28.32,81.41,2127,2.1,LOW
30.52,89.33,2091,0.71,LOW
32.04,77.29,1348,0.34,LOW
29.2,82.77,3586,0.78,MEDIUM
31.34,76.23,2746,2.79,MEDIUM
28.99,80.67,1067,1.84,LOW
28.35,74.67,891,0.59,LOW
28.54,77.43,3048,1.08,LOW
27.77,77.54,1485,0.36,LOW
28.98,96.12,1314,2.44,LOW
26.74,86.38,3016,6.18,MEDIUM
31.22,72.01,2462,2.42,LOW
32.47,90.08,1833,0.58,LOW
31.84,80.5,3488,0.12,MEDIUM
30.2,84.14,3576,3.78,MEDIUM
28.55,98.0,1922,3.37,MEDIUM
33.21,77.3,3047,5.29,MEDIUM
28.83,86.13,4060,0.4,MEDIUM
33.15,70.93,3205,1.57,MEDIUM
28.87,76.59,1850,6.51,LOW
29.19,87.99,3450,2.25,MEDIUM
29.29,81.66,1837,1.74,LOW
29.19,73.9,2778,1.63,LOW
27.86,71.55,1582,5.78,LOW
30.89,76.83,1625,0.72,LOW
29.69,76.19,1664,1.71,LOW
27.54,71.22,2948,3.68,MEDIUM
27.83,89.71,1371,5.08,LOW
34.13,75.87,1140,3.26,LOW
33.24,94.79,2592,3.49,MEDIUM
34.77,78.99,2920,4.04,MEDIUM
29.67,89.49,3347,1.76,MEDIUM
30.31,68.56,1119,0.86,LOW
26.79,79.82,2375,1.32,LOW
26.64,63.27,2188,3.56,LOW
29.41,70.06,2561,2.08,LOW
32.5,77.65,3204,2.83,MEDIUM
29.63,75.17,2735,4.19,MEDIUM
30.1,74.75,2660,3.43,MEDIUM
30.95,97.53,2838,12.04,HIGH
29.35,85.33,1958,5.1,MEDIUM
25.85,58.74,3736,1.09,LOW
28.27,74.43,3626,2.23,MEDIUM
29.87,90.94,3295,1.64,MEDIUM
28.18,80.71,2915,3.33,MEDIUM
29.19,71.96,2355,8.66,MEDIUM
30.11,76.62,2834,1.16,LOW
34.05,86.74,1111,1.66,LOW
27.9,81.82,2712,1.09,LOW
28.06,88.24,2155,1.09,LOW
27.97,69.05,3417,1.77,MEDIUM
31.65,87.5,3506,2.39,MEDIUM
30.74,80.09,3403,3.51,MEDIUM
27.61,92.68,2113,1.19,LOW
30.16,69.29,2625,0.3,LOW
30.14,76.43,2689,3.22,MEDIUM
30.37,85.28,2846,3.54,MEDIUM
28.43,78.32,2662,2.76,LOW
32.96,79.14,4036,3.62,MEDIUM
29.28,78.45,1165,1.53,LOW
29.48,86.75,3141,3.37,MEDIUM
30.69,72.2,1771,1.38,LOW
28.17,71.58,2955,1.96,LOW
31.07,73.63,2705,0.54,LOW
26.71,68.88,2070,1.07,LOW
32.24,82.96,3508,0.2,MEDIUM
29.15,77.78,2985,5.33,MEDIUM
30.41,91.59,2712,3.69,MEDIUM
29.84,80.63,1863,3.19,LOW
28.57,65.5,2675,5.82,MEDIUM
31.38,81.36,2797,0.34,MEDIUM
30.08,76.47,2980,0.77,LOW
32.28,76.46,2336,0.03,LOW
31.72,77.95,3684,3.92,MEDIUM
33.65,82.61,2156,1.99,MEDIUM
30.26,75.26,3235,1.74,MEDIUM
29.42,87.08,1415,0.76,LOW
32.99,89.54,2449,1.26,MEDIUM
30.06,74.65,3689,3.92,MEDIUM
31.9,57.09,1752,1.35,LOW
30.69,96.26,3042,9.44,HIGH
27.95,68.48,2914,3.12,LOW
25.34,80.24,3170,2.59,MEDIUM
31.13,92.06,2864,2.53,MEDIUM
27.87,73.14,2606,0.84,LOW
29.87,82.14,2833,0.86,MEDIUM
32.03,91.54,848,3.98,LOW
33.64,77.26,1747,0.85,LOW
25.07,82.07,2551,1.36,LOW
27.03,88.78,2118,3.76,LOW
33.55,77.71,2229,3.61,MEDIUM
34.62,84.99,1457,3.07,LOW
28.48,73.29,2535,2.15,LOW
29.92,86.64,2476,0.43,LOW
31.25,88.67,1672,3.59,LOW
25.67,83.27,2658,1.57,LOW
30.73,91.71,2018,0.74,LOW
31.92,70.3,2127,11.49,MEDIUM
32.66,95.1,2262,3.25,MEDIUM
30.34,81.28,3164,0.77,MEDIUM
33.01,72.84,3269,5.28,MEDIUM
31.84,71.26,2634,1.71,LOW
29.33,76.64,3381,2.44,MEDIUM
26.99,78.2,1874,2.16,LOW
27.62,84.83,3143,1.02,MEDIUM
30.98,84.57,3691,1.48,MEDIUM
29.43,87.24,1293,2.28,LOW
25.33,76.05,2783,5.26,MEDIUM
29.86,96.25,1204,2.6,LOW
28.35,87.15,3979,2.04,MEDIUM
33.2,81.77,2292,0.31,LOW
30.52,84.75,1825,4.93,MEDIUM
32.57,87.53,2417,2.56,MEDIUM
30.03,79.49,1978,2.48,LOW
32.38,85.58,1576,2.62,LOW
31.24,98.0,2417,6.49,MEDIUM
32.06,77.17,1670,1.83,LOW
26.92,86.88,2550,7.19,MEDIUM
32.71,90.41,602,0.87,LOW
31.99,82.68,3080,4.43,MEDIUM
31.23,75.94,2799,0.35,LOW
29.07,66.23,3030,12.73,MEDIUM
27.29,67.69,3393,1.94,LOW
30.09,90.01,2807,5.46,MEDIUM
29.75,86.58,2526,3.64,MEDIUM
30.88,75.17,1578,3.35,LOW
28.75,84.28,1558,3.05,LOW
29.88,83.35,3061,1.74,MEDIUM
33.63,67.93,2504,2.36,LOW
28.17,83.54,1227,1.66,LOW
30.5,89.13,1693,2.08,LOW
33.72,66.29,3040,1.13,MEDIUM
32.27,73.48,1029,5.48,LOW
27.53,78.8,2217,6.57,MEDIUM
26.84,73.61,2710,2.76,LOW
29.4,90.06,4095,0.54,MEDIUM
27.43,84.15,3935,2.43,MEDIUM
31.55,74.37,2995,4.29,MEDIUM
26.83,81.99,2687,2.06,LOW
31.74,91.71,2399,1.19,MEDIUM
31.29,83.59,2186,3.16,MEDIUM
33.41,82.38,2997,2.71,MEDIUM
29.34,75.76,3525,2.57,MEDIUM
29.27,88.33,2738,1.68,MEDIUM
32.77,76.84,1045,1.06,LOW
27.98,71.26,2222,1.35,LOW
30.73,83.96,2370,1.32,LOW
30.64,95.36,1939,9.18,MEDIUM
32.09,93.04,4019,2.95,HIGH
27.87,77.35,2790,0.61,LOW
27.03,78.6,4095,3.58,MEDIUM
27.17,70.26,2835,0.48,LOW
29.29,94.58,2322,1.59,MEDIUM
29.63,81.42,743,1.87,LOW
35.03,84.48,765,3.26,LOW
28.96,86.98,3183,2.63,MEDIUM
32.01,66.22,2179,2.01,LOW
30.39,72.57,1865,0.4,LOW
29.83,73.44,2519,3.51,LOW
30.12,95.31,2076,0.98,LOW
32.02,66.9,1568,0.01,LOW
29.22,69.09,2838,5.89,MEDIUM
26.12,77.64,3340,0.52,LOW
34.94,95.02,2019,1.44,MEDIUM
29.88,73.45,2925,6.27,MEDIUM
29.2,77.2,2978,0.77,LOW
31.61,89.45,2257,2.76,MEDIUM
31.34,78.59,2382,8.54,MEDIUM
30.41,76.87,1507,5.57,LOW
29.66,67.98,3202,0.44,LOW
29.31,71.62,2940,0.27,LOW
26.85,78.87,2757,5.0,MEDIUM
32.74,78.1,3713,1.27,MEDIUM
26.59,84.6,2170,1.16,LOW
30.47,71.35,1293,5.09,LOW
30.34,90.8,2078,6.91,MEDIUM
28.69,69.73,3919,3.56,MEDIUM
28.98,72.65,1951,3.52,LOW
31.39,80.92,2122,5.54,MEDIUM
30.02,61.67,2199,3.88,LOW
33.81,79.08,1846,0.85,LOW
31.53,78.17,3133,4.29,MEDIUM
30.58,80.02,1706,4.26,LOW
31.24,70.84,1583,2.52,LOW
33.45,89.73,3566,6.79,HIGH
27.07,80.65,1217,3.29,LOW
27.77,87.64,1806,2.31,LOW
32.25,74.51,2304,4.14,MEDIUM
28.79,88.42,1967,0.52,LOW
30.69,87.5,2617,1.12,MEDIUM
29.86,94.02,2129,7.55,MEDIUM
24.0,79.45,1859,0.81,LOW
26.83,70.35,3316,0.14,LOW
27.68,79.44,2162,1.31,LOW
29.16,83.26,2816,1.24,MEDIUM
26.4,90.5,2842,4.29,MEDIUM
30.69,83.87,1805,4.3,LOW
32.91,68.37,1784,6.02,LOW
28.71,98.0,1979,2.51,MEDIUM
25.99,76.72,1983,3.09,LOW
29.58,87.36,2499,0.28,LOW
29.33,81.91,2849,0.95,LOW
31.79,73.2,1994,1.18,LOW
33.35,79.51,2352,10.03,MEDIUM
26.17,96.94,1750,0.37,LOW
29.93,84.56,2053,0.71,LOW
30.28,83.85,2519,3.46,MEDIUM
30.45,82.89,1955,1.62,LOW
29.46,83.35,2632,2.61,MEDIUM
30.55,84.15,2831,1.75,MEDIUM
29.65,98.0,3076,1.41,MEDIUM
30.04,75.31,1675,5.38,LOW
27.36,91.45,2873,0.42,MEDIUM
31.2,83.91,3259,3.68,MEDIUM
32.19,71.04,3028,0.29,LOW
28.98,69.02,1490,2.1,LOW
29.92,81.04,3066,0.53,MEDIUM
26.17,77.0,2360,2.44,LOW
26.48,78.77,1583,3.46,LOW
28.09,82.94,1348,5.59,LOW
29.7,79.68,1957,1.88,LOW
26.56,83.01,1650,2.83,LOW
27.18,59.0,1080,1.77,LOW
32.94,80.43,2789,5.9,MEDIUM
30.69,82.76,2268,2.43,LOW
32.07,85.72,2991,1.74,MEDIUM
30.34,81.23,3302,1.51,MEDIUM
31.01,90.61,1890,1.94,LOW
31.3,86.66,2899,0.41,MEDIUM
31.34,85.52,3091,1.9,MEDIUM
30.3,76.34,2526,0.85,LOW
29.75,70.4,2656,0.08,LOW
28.02,67.73,1924,2.74,LOW
34.27,59.7,2000,3.21,LOW
28.76,88.41,2761,0.94,MEDIUM
26.43,87.13,2603,6.27,MEDIUM
30.44,74.64,2050,5.81,MEDIUM
26.56,89.55,2496,0.17,LOW
31.54,68.01,2444,6.81,MEDIUM
28.23,71.88,3277,1.13,LOW
29.87,68.82,2757,3.97,MEDIUM
27.98,71.06,2525,1.16,LOW
24.0,78.11,1817,0.68,LOW
32.29,65.37,3013,2.08,MEDIUM
29.64,83.68,1635,1.44,LOW
31.32,78.78,3713,0.81,MEDIUM
35.09,88.42,2224,0.63,MEDIUM
28.12,98.0,3029,3.09,MEDIUM
29.46,76.11,2896,1.68,LOW
31.02,85.06,2619,0.53,MEDIUM
32.68,73.73,2625,0.59,LOW
31.28,75.59,3018,1.52,MEDIUM
27.48,81.53,3927,1.34,MEDIUM
28.4,90.07,2783,1.45,MEDIUM
27.29,85.57,2368,0.33,LOW
31.59,83.5,2472,5.5,MEDIUM
31.16,78.23,3102,3.51,MEDIUM
32.56,92.24,2433,1.51,MEDIUM
29.39,59.7,3147,0.38,LOW
28.29,78.3,611,2.15,LOW
31.49,81.56,2710,5.69,MEDIUM
25.91,98.0,1397,4.39,LOW
30.6,98.0,2023,1.1,MEDIUM
28.71,81.63,2535,5.13,MEDIUM
31.53,80.03,2891,4.88,MEDIUM
29.86,76.35,1984,1.76,LOW
27.85,67.95,2245,1.17,LOW
27.65,82.95,1360,1.89,LOW
29.05,98.0,2732,0.44,MEDIUM
30.8,77.47,3206,6.79,MEDIUM
31.86,69.8,3259,2.91,MEDIUM
30.0,70.64,3000,1.52,LOW
34.1,88.53,2079,2.08,MEDIUM
30.54,76.66,2727,2.68,MEDIUM
28.16,86.15,3196,1.23,MEDIUM
30.69,81.83,2981,6.35,MEDIUM
27.24,78.71,3674,3.53,MEDIUM
32.15,74.96,2773,0.9,LOW
31.88,69.38,3292,1.81,MEDIUM
28.07,84.4,3126,3.41,MEDIUM
29.99,85.02,2092,3.77,MEDIUM
27.93,87.07,3518,3.26,MEDIUM
26.83,61.06,2425,1.56,LOW
26.97,82.6,2960,2.24,MEDIUM
29.78,82.15,1134,3.81,LOW
31.68,85.31,2252,1.04,LOW
28.82,96.17,2125,2.8,MEDIUM
31.03,67.61,2751,0.07,LOW
29.83,83.48,2357,0.94,LOW
28.93,83.73,2202,1.12,LOW
27.57,74.13,2880,1.74,LOW
29.08,80.97,783,0.34,LOW
30.11,68.72,3480,2.39,MEDIUM
26.58,82.45,1233,1.94,LOW
29.17,97.95,918,2.54,LOW
29.34,74.99,3163,0.69,LOW
30.91,83.02,2743,0.4,MEDIUM
26.55,81.85,3397,4.86,MEDIUM
28.93,79.79,1728,1.24,LOW
30.76,70.77,2956,4.88,MEDIUM
35.02,98.0,2256,5.25,MEDIUM
28.8,87.99,2784,1.49,MEDIUM
29.65,76.19,3035,5.4,MEDIUM
27.53,72.41,2940,1.57,LOW
32.7,74.97,1621,1.84,LOW
33.93,77.18,2300,2.79,MEDIUM
27.63,91.38,3153,3.58,MEDIUM
31.97,67.73,3450,0.45,MEDIUM
28.49,54.38,3339,1.26,LOW
31.76,77.08,639,3.77,LOW
31.31,67.82,3913,3.9,MEDIUM
27.54,98.0,2233,2.35,MEDIUM
30.21,75.75,3559,1.68,MEDIUM
30.74,73.4,1813,1.07,LOW
30.04,73.96,3822,2.07,MEDIUM
31.24,77.79,2993,0.66,MEDIUM
30.66,87.86,3027,0.61,MEDIUM
24.47,96.47,1450,1.55,LOW
26.84,96.46,3462,2.01,MEDIUM
24.0,77.65,2120,6.5,LOW
33.21,69.95,2330,2.17,LOW
29.67,79.48,3462,2.77,MEDIUM
31.45,84.64,2382,1.15,LOW
30.0,71.03,4036,3.78,MEDIUM
31.13,81.48,3163,5.06,MEDIUM
27.66,85.86,2207,0.14,LOW
32.08,62.68,3174,2.03,MEDIUM
32.79,82.75,1666,2.06,LOW
29.67,65.8,2556,4.46,LOW
29.71,74.62,3292,3.32,MEDIUM
29.94,73.34,2372,4.6,MEDIUM
32.25,89.12,3099,8.15,HIGH
30.45,70.97,2076,5.51,LOW
24.71,84.02,2606,1.62,LOW
28.38,71.96,1696,4.08,LOW
32.09,89.68,3424,6.66,HIGH
31.19,98.0,500,5.65,LOW
31.55,79.69,2095,1.69,LOW
30.83,75.48,4095,8.74,HIGH
27.29,90.43,1707,0.38,LOW
28.49,69.88,1927,0.68,LOW
30.56,72.51,3170,0.8,MEDIUM
33.13,74.16,3281,2.2,MEDIUM
33.57,71.69,1391,3.11,LOW
27.54,83.35,3637,3.72,MEDIUM
26.37,92.33,2715,3.3,MEDIUM
28.08,86.31,2857,3.53,MEDIUM
29.61,65.42,1503,2.66,LOW
31.96,85.01,3481,1.53,MEDIUM
26.5,88.24,1049,1.11,LOW
29.59,86.2,3232,2.36,MEDIUM
26.86,65.46,2525,0.56,LOW
31.01,71.49,2430,1.37,LOW
26.08,87.92,2393,1.9,LOW
28.63,84.04,2463,4.74,MEDIUM
29.85,83.18,2329,4.1,MEDIUM
33.26,85.8,2910,0.85,MEDIUM
30.82,71.73,2407,4.27,MEDIUM
33.05,80.05,528,0.44,LOW
26.02,96.3,2894,2.31,MEDIUM
31.52,63.42,2277,1.66,LOW
31.22,80.05,2896,1.41,MEDIUM
32.37,83.52,2388,3.5,MEDIUM
35.78,83.0,3474,1.86,MEDIUM
28.29,66.26,3305,8.72,MEDIUM
31.55,84.24,3358,1.81,MEDIUM
31.17,67.35,2083,0.9,LOW
33.88,90.48,2477,0.37,MEDIUM
31.15,58.04,4039,1.98,MEDIUM
32.33,73.75,2210,2.18,LOW
29.96,78.35,2911,1.35,MEDIUM
27.56,69.84,2122,3.16,LOW
30.55,87.19,3072,0.36,MEDIUM
34.29,86.14,1999,0.38,LOW
30.16,84.75,2956,0.76,MEDIUM
28.92,91.63,910,3.4,LOW
26.82,66.43,1515,2.72,LOW
29.5,65.24,2165,0.85,LOW
26.18,67.28,1407,10.16,LOW
28.22,80.87,3091,0.83,MEDIUM
28.53,72.72,2222,0.26,LOW
28.8,75.9,2890,2.75,MEDIUM
26.95,74.45,3027,2.65,LOW
31.68,75.77,2223,3.65,LOW
31.17,72.92,2848,1.54,LOW
30.06,81.09,2878,0.52,LOW
28.75,78.68,2378,1.31,LOW
30.49,84.78,3158,4.04,MEDIUM
30.36,79.63,1921,2.57,LOW
29.92,83.41,1497,7.11,MEDIUM
28.62,80.29,1715,1.55,LOW
28.49,75.76,2904,4.0,MEDIUM
34.51,74.73,2967,4.56,MEDIUM
28.82,82.64,3934,10.6,HIGH
27.76,73.81,1706,4.51,LOW
32.28,89.83,1852,1.43,LOW
28.59,70.61,2650,3.31,LOW
26.21,79.58,1980,1.72,LOW
34.08,82.54,2017,5.77,MEDIUM
34.51,80.03,1972,4.0,MEDIUM
29.24,89.25,2741,1.72,MEDIUM
27.79,70.57,2984,2.26,LOW
30.06,90.95,2917,11.62,HIGH
29.35,83.5,3217,3.01,MEDIUM
33.54,92.21,3365,1.79,MEDIUM
27.02,94.13,2517,1.68,MEDIUM
28.41,93.03,2329,1.69,MEDIUM
34.13,84.92,2918,0.4,MEDIUM
28.28,72.48,1729,2.29,LOW
30.7,92.89,1309,0.03,LOW
30.26,69.54,1871,2.47,LOW
29.85,87.57,2940,0.89,MEDIUM
27.53,79.21,2303,1.98,LOW
26.59,88.92,1151,1.08,LOW
32.0,87.39,1522,3.0,LOW
28.24,79.36,3177,7.06,MEDIUM
27.14,83.9,3639,0.19,MEDIUM
27.9,75.63,1174,4.44,LOW
28.71,77.73,2802,9.85,MEDIUM
30.34,79.89,1694,1.38,LOW
31.26,81.2,3380,2.26,MEDIUM
33.46,84.07,2215,2.74,MEDIUM
25.26,80.7,3524,0.83,MEDIUM
31.99,98.0,2658,0.7,MEDIUM
29.23,75.12,1811,3.69,LOW
28.73,67.73,3469,0.98,LOW
30.28,74.7,2818,2.75,MEDIUM
29.09,72.28,3454,1.7,MEDIUM
28.02,79.42,2486,4.18,MEDIUM
29.13,97.69,2825,0.83,MEDIUM
28.05,77.27,1756,4.86,LOW
31.47,68.65,2407,3.89,LOW
34.41,82.46,2444,6.65,MEDIUM
29.72,82.89,3182,1.16,MEDIUM
28.94,50.0,1513,1.22,LOW
28.96,65.55,3090,5.38,MEDIUM
31.42,98.0,2781,1.98,MEDIUM
28.49,93.2,3199,1.35,MEDIUM
29.96,75.5,2236,2.44,LOW
30.88,85.77,2356,0.21,LOW
30.35,86.07,1891,3.54,LOW
29.34,82.13,1424,3.56,LOW
32.31,80.1,1790,2.68,LOW
29.96,73.46,3007,7.01,MEDIUM
29.6,61.92,2570,9.67,MEDIUM
30.1,78.84,1869,1.79,LOW
33.42,72.41,1649,0.35,LOW
28.15,85.05,2860,2.47,MEDIUM
27.52,88.09,3050,0.65,MEDIUM
28.89,67.09,500,3.36,LOW
32.65,83.15,1648,0.22,LOW
30.23,74.83,3247,1.24,MEDIUM
29.89,91.59,2771,2.39,MEDIUM
31.55,89.33,2506,1.52,MEDIUM
30.36,80.89,2345,6.97,MEDIUM
29.88,93.0,4095,0.81,MEDIUM
33.1,82.54,2068,2.08,LOW
30.19,56.52,1611,2.0,LOW
29.83,75.5,1830,4.78,LOW
31.11,86.12,3437,0.24,MEDIUM
31.95,76.7,1939,2.36,LOW
29.81,82.69,4073,4.32,MEDIUM
28.31,92.04,3027,0.67,MEDIUM
30.22,82.97,2439,6.31,MEDIUM
28.1,78.02,2351,2.72,LOW
29.4,68.78,1955,0.38,LOW
29.2,76.2,2065,0.73,LOW
32.55,76.58,2325,1.13,LOW
28.43,75.49,2502,0.42,LOW
29.48,80.48,1355,2.52,LOW
32.37,79.91,2441,3.58,MEDIUM
32.47,78.79,3416,0.72,MEDIUM
29.12,77.14,2752,14.47,HIGH
26.92,95.52,1806,1.78,LOW
30.15,86.61,2229,0.77,LOW
27.49,83.7,2417,0.92,LOW
29.88,79.19,2164,1.35,LOW
32.2,68.77,2647,3.15,MEDIUM
29.31,83.97,2451,7.51,MEDIUM
28.79,87.0,2449,3.31,MEDIUM
30.27,78.69,1984,2.59,LOW
30.1,78.58,1692,2.66,LOW
30.63,82.84,1297,8.04,MEDIUM
32.08,94.64,3771,8.94,HIGH
27.36,89.08,3109,3.02,MEDIUM
27.52,65.63,1336,3.97,LOW
28.79,67.45,2698,0.51,LOW
33.48,98.0,2508,3.25,MEDIUM
27.55,86.75,1977,1.71,LOW
31.18,72.24,2358,1.88,LOW
27.63,63.85,1697,1.43,LOW
32.33,98.0,3086,0.69,MEDIUM
33.13,77.17,2806,1.52,MEDIUM
29.25,96.56,2446,2.53,MEDIUM
31.45,76.42,3044,1.39,MEDIUM
32.93,73.0,2994,3.65,MEDIUM
34.53,87.44,3081,0.83,MEDIUM
30.23,76.68,2163,2.38,LOW
28.36,89.24,2253,2.58,LOW
26.19,95.08,628,0.64,LOW
27.22,83.55,1414,1.89,LOW
29.23,95.67,2170,1.2,LOW
30.23,75.97,2472,0.47,LOW
27.49,77.37,2681,5.82,MEDIUM
33.54,77.22,2833,1.48,MEDIUM
29.33,65.89,2073,3.47,LOW
27.24,73.12,2695,7.49,MEDIUM
29.07,70.25,2675,1.79,LOW
30.56,68.18,3916,1.24,MEDIUM
29.39,75.02,2382,3.19,LOW
27.47,70.91,2171,1.45,LOW
30.92,92.04,1858,2.59,MEDIUM
27.77,66.45,2573,2.29,LOW
28.99,77.76,2692,2.88,MEDIUM
27.96,85.09,1457,2.02,LOW
32.09,81.01,2143,1.38,LOW
24.0,85.07,2856,2.58,LOW
31.58,80.81,1401,0.88,LOW
32.59,70.02,3429,1.33,MEDIUM
30.47,72.63,2389,0.55,LOW
28.11,85.91,2281,1.98,LOW
29.38,85.04,980,0.88,LOW
34.37,76.2,2517,1.8,MEDIUM
28.33,95.83,3199,1.35,MEDIUM
32.5,75.99,2251,1.43,LOW
30.63,85.59,2681,2.0,MEDIUM
30.0,92.07,2241,0.77,LOW
30.07,72.61,3839,0.06,MEDIUM
27.24,98.0,1712,6.95,MEDIUM
26.28,92.72,2400,1.81,LOW
33.7,80.12,1804,2.35,LOW
30.06,84.72,3105,1.26,MEDIUM
32.16,78.69,1638,0.43,LOW
29.83,80.6,2685,7.19,MEDIUM
27.62,87.98,2731,0.56,LOW
31.8,94.76,1822,2.48,MEDIUM
35.82,83.25,2362,1.32,MEDIUM
28.79,81.62,1233,3.0,LOW
29.49,87.54,2100,2.7,LOW
28.79,94.4,2045,2.49,MEDIUM
30.63,65.28,1920,4.56,LOW
30.01,87.74,2732,1.06,MEDIUM
28.21,75.39,2642,6.63,MEDIUM
28.33,91.98,1644,1.03,LOW
30.97,85.45,2632,1.46,MEDIUM
26.57,83.26,1802,2.21,LOW
27.85,86.78,3132,1.68,MEDIUM
29.25,78.42,4037,1.69,MEDIUM
31.34,75.1,2979,0.51,LOW
29.27,90.97,3243,0.69,MEDIUM
30.44,77.38,2091,2.53,LOW
30.65,89.66,4095,5.05,HIGH
30.42,77.74,2840,2.61,MEDIUM
28.38,85.43,2743,2.84,MEDIUM
28.71,77.94,1676,0.11,LOW
26.64,93.75,3753,7.24,HIGH
32.2,94.37,3789,0.46,MEDIUM
29.23,74.15,2894,1.96,LOW
28.46,84.57,1163,4.58,LOW
31.56,83.53,1786,5.28,MEDIUM
28.91,89.0,3060,2.6,MEDIUM
27.86,80.3,2469,3.15,LOW
29.19,88.17,813,2.82,LOW
27.37,82.49,3095,3.92,MEDIUM
27.54,89.36,2929,0.18,MEDIUM
30.88,82.7,2500,6.32,MEDIUM
31.61,64.0,1855,2.07,LOW
31.21,78.27,3599,5.79,MEDIUM
27.59,72.44,2960,3.52,MEDIUM
31.32,81.53,2884,0.29,MEDIUM
31.4,61.52,2068,1.11,LOW
31.01,80.08,3854,4.09,MEDIUM
31.92,81.81,3213,0.85,MEDIUM
29.75,80.58,3966,4.19,MEDIUM
31.08,89.65,1634,0.37,LOW
31.41,85.98,3381,5.31,MEDIUM
31.78,69.54,2725,2.46,LOW
31.6,96.27,2002,1.72,MEDIUM
26.3,85.54,1846,0.37,LOW
30.69,85.09,3075,0.93,MEDIUM
29.89,78.14,2559,1.41,LOW
30.72,74.94,1331,0.23,LOW
29.98,91.33,2345,0.84,LOW
31.3,70.07,2182,1.31,LOW
33.08,80.93,4095,5.39,HIGH
27.02,63.65,1985,0.08,LOW
28.59,92.23,2692,1.35,MEDIUM
31.84,87.85,4095,2.51,MEDIUM
29.64,80.66,2746,0.99,LOW
28.87,93.22,3355,1.79,MEDIUM
29.36,89.09,2833,2.67,MEDIUM
28.06,73.55,3905,1.83,MEDIUM
36.0,98.0,3436,1.63,MEDIUM
34.19,84.55,2633,3.89,MEDIUM
32.25,92.84,3332,4.92,MEDIUM
30.68,83.24,4095,1.78,MEDIUM
31.47,87.32,1439,10.43,MEDIUM
30.21,85.04,2631,5.82,MEDIUM
33.74,78.15,670,6.5,LOW
30.05,82.92,3372,1.34,MEDIUM
29.23,66.64,3390,8.58,MEDIUM
31.8,83.03,2645,3.33,MEDIUM
26.15,87.74,1081,5.45,LOW
30.71,77.72,3020,1.22,MEDIUM
29.48,84.32,2150,1.52,LOW
29.37,88.18,2094,3.36,MEDIUM
29.53,83.26,2595,1.62,LOW
26.13,76.58,2534,1.38,LOW
27.55,84.65,1630,0.92,LOW
29.08,76.1,2127,1.31,LOW
29.56,51.28,2175,3.03,LOW
30.83,76.91,3832,4.18,MEDIUM
29.69,89.78,2439,1.82,MEDIUM
30.43,73.72,2822,3.45,MEDIUM
31.11,88.09,3331,1.5,MEDIUM
34.41,83.65,1663,2.07,LOW
30.88,81.78,1940,3.13,LOW
32.43,75.3,2578,0.53,LOW
32.66,87.57,2746,4.19,MEDIUM
29.11,78.45,2798,0.98,LOW
28.71,90.09,2286,0.72,LOW
31.93,98.0,3346,2.32,MEDIUM
28.82,83.66,2273,4.01,MEDIUM
28.62,62.67,2547,2.18,LOW
29.27,80.37,3468,0.86,MEDIUM
31.9,69.82,2626,2.16,LOW
28.88,85.94,2394,2.11,LOW
26.81,80.59,1983,5.74,LOW
30.29,67.67,2444,0.33,LOW
34.71,80.59,2098,1.46,LOW
28.16,82.21,2280,0.67,LOW
32.26,98.0,2682,3.27,MEDIUM
31.06,82.95,2301,0.63,LOW
26.29,97.32,2646,2.26,MEDIUM
29.08,97.16,1964,3.98,MEDIUM
26.63,83.53,2711,1.95,LOW
30.07,75.27,2202,0.88,LOW
25.67,73.38,2660,2.66,LOW
28.35,87.09,2084,1.26,LOW
29.68,84.54,3037,3.55,MEDIUM
27.88,77.34,3619,5.54,MEDIUM
27.33,72.71,1758,4.12,LOW
29.09,84.58,2731,0.98,LOW
30.08,66.4,3041,1.23,LOW
31.68,98.0,2684,4.73,MEDIUM
31.19,90.0,2719,1.08,MEDIUM
33.61,83.31,2269,2.01,MEDIUM
30.65,98.0,2332,0.76,MEDIUM
29.04,92.29,3194,3.36,MEDIUM
29.28,80.91,3231,1.41,MEDIUM
29.77,83.56,2084,1.1,LOW
30.94,78.14,2875,1.97,MEDIUM
31.62,84.7,1252,0.12,LOW
29.43,83.89,3064,1.13,MEDIUM
29.99,65.06,1198,10.08,LOW
32.46,66.25,2788,1.86,LOW
27.39,81.82,2252,0.97,LOW
32.28,90.77,3406,2.6,MEDIUM
28.12,92.79,3736,2.61,MEDIUM
26.98,69.25,2047,2.9,LOW
32.32,94.53,2193,4.92,MEDIUM
27.8,77.67,3107,5.84,MEDIUM
30.64,67.13,1917,1.91,LOW
30.08,73.86,901,1.7,LOW
31.96,80.11,3042,4.54,MEDIUM
32.18,83.71,1897,0.23,LOW
34.03,65.36,2963,2.58,MEDIUM
29.3,83.86,1220,3.2,LOW
30.0,98.0,1878,1.27,LOW
31.23,75.04,1257,6.18,LOW
28.05,80.91,2261,2.39,LOW
29.78,79.26,2084,4.34,LOW
31.61,98.0,2516,2.09,MEDIUM
27.21,85.02,2708,1.3,LOW
35.81,80.09,3262,1.99,MEDIUM
32.38,76.46,1148,2.0,LOW
34.76,89.0,2823,2.06,MEDIUM
28.39,85.21,2754,6.14,MEDIUM
28.8,59.37,3340,1.43,LOW
31.94,75.4,2267,7.2,MEDIUM
26.9,70.41,1945,1.45,LOW
28.18,67.36,1176,1.78,LOW
32.31,73.68,2624,1.92,LOW
28.66,77.7,2293,3.82,LOW
30.16,88.35,2119,1.13,LOW
26.59,73.56,1843,2.69,LOW
33.24,68.17,1817,5.45,LOW
27.82,61.76,2444,1.21,LOW
25.63,92.89,3064,4.89,MEDIUM
32.48,73.01,3974,4.03,MEDIUM
34.27,78.16,1474,0.72,LOW
30.2,87.83,1701,9.74,MEDIUM
29.93,93.93,992,1.98,LOW
29.0,84.45,1244,0.29,LOW
29.79,89.65,3394,2.48,MEDIUM
31.42,68.07,2902,0.24,LOW
29.68,90.24,2517,1.81,MEDIUM
29.43,81.59,2991,2.92,MEDIUM
29.94,88.44,2976,1.16,MEDIUM
30.15,86.48,3241,3.16,MEDIUM
32.1,74.77,3290,0.85,MEDIUM
30.85,98.0,2436,8.86,MEDIUM
28.01,89.97,1546,0.98,LOW
29.54,91.27,2595,2.98,MEDIUM
30.93,79.64,1463,2.36,LOW
24.04,81.79,1308,4.38,LOW
30.57,92.15,4095,2.53,MEDIUM
29.68,72.99,1283,3.67,LOW
28.65,87.17,2807,1.59,MEDIUM
29.06,92.48,3590,4.3,MEDIUM
32.2,68.69,2446,0.22,LOW
29.02,81.7,2809,2.77,MEDIUM
29.41,85.32,2216,7.81,MEDIUM
33.52,85.86,3261,0.1,MEDIUM
34.36,81.01,2755,2.4,MEDIUM
28.73,93.55,1530,3.21,LOW
30.27,71.0,3225,2.53,MEDIUM
35.14,64.06,4095,1.42,MEDIUM
33.62,68.82,2051,3.7,LOW
29.71,65.18,3265,0.08,LOW
33.12,69.07,3788,1.67,MEDIUM
30.63,82.17,2891,9.25,MEDIUM
30.9,67.98,2224,3.67,LOW
34.13,68.1,2867,1.41,MEDIUM
28.4,75.12,1790,4.88,LOW
27.08,76.78,2073,2.69,LOW
29.58,58.91,2798,3.75,LOW
32.13,78.61,2854,3.09,MEDIUM
27.47,73.92,3801,0.28,MEDIUM
29.16,72.32,1758,0.75,LOW
32.72,88.84,1655,2.78,LOW
28.91,80.18,2045,5.99,MEDIUM
27.87,98.0,2347,2.54,MEDIUM
25.52,82.63,3267,3.66,MEDIUM
32.37,88.22,2031,2.56,MEDIUM
26.99,75.94,3273,2.72,MEDIUM
28.11,79.31,2499,3.62,LOW
30.34,78.82,2114,0.23,LOW
27.6,85.11,3324,0.2,MEDIUM
30.44,83.0,3130,0.97,MEDIUM
30.26,89.13,1482,6.66,MEDIUM
30.63,82.52,3092,3.11,MEDIUM
27.46,73.3,2381,5.52,LOW
28.58,74.0,3443,6.33,MEDIUM
31.94,73.39,1895,0.46,LOW
28.89,83.84,3058,0.15,MEDIUM
27.45,98.0,3047,0.8,MEDIUM
30.14,87.69,4095,1.84,MEDIUM
29.38,76.03,3283,2.61,MEDIUM
27.97,98.0,2906,4.34,MEDIUM
28.66,75.57,2611,0.87,LOW
31.91,77.75,2776,5.02,MEDIUM
30.56,76.44,3191,0.9,MEDIUM
27.68,71.27,2222,4.11,LOW
28.13,97.99,2457,2.37,MEDIUM
28.71,75.67,2059,3.77,LOW
30.93,94.25,2311,2.12,MEDIUM
31.45,72.27,2236,4.0,LOW
28.02,69.44,2454,10.05,MEDIUM
34.18,82.66,2757,4.11,MEDIUM
24.87,78.68,1876,1.49,LOW
27.92,75.92,2965,0.33,LOW
25.6,94.56,2818,3.55,MEDIUM
29.52,79.86,3665,1.24,MEDIUM
29.1,89.98,1052,0.67,LOW
30.54,85.82,1776,7.29,MEDIUM
27.81,91.58,2341,0.83,LOW
29.9,86.07,2534,0.2,LOW
27.63,78.67,3015,3.32,MEDIUM
32.22,74.14,1754,1.76,LOW
29.37,68.3,1941,3.43,LOW
32.15,84.11,2656,6.29,MEDIUM
33.5,73.66,2773,1.81,MEDIUM
29.89,83.45,1264,3.54,LOW
30.7,95.66,3794,1.64,MEDIUM
26.06,77.38,2190,2.8,LOW
29.27,84.2,3403,0.74,MEDIUM
30.54,87.93,3473,0.43,MEDIUM
27.94,63.84,2272,7.82,LOW
32.21,79.8,1555,0.35,LOW
29.39,76.87,2992,12.07,MEDIUM
28.17,68.61,2878,3.06,LOW
32.65,71.39,2922,5.54,MEDIUM
28.38,71.93,2378,3.76,LOW
30.87,71.79,2038,1.69,LOW
31.31,75.72,2460,3.4,MEDIUM
29.69,76.6,3201,3.76,MEDIUM
31.04,94.39,2798,0.65,MEDIUM
26.93,91.89,2825,1.92,MEDIUM
29.22,81.17,1783,3.1,LOW
30.83,77.44,962,0.24,LOW
31.18,80.47,3106,5.72,MEDIUM
27.17,90.08,3379,0.32,MEDIUM
27.34,75.77,1974,2.13,LOW
33.22,77.21,2642,1.64,MEDIUM
30.83,81.85,1865,0.58,LOW
28.07,87.07,3659,1.74,MEDIUM
28.45,72.84,1834,3.31,LOW
33.3,90.39,3437,3.2,MEDIUM
29.84,76.94,2464,6.08,MEDIUM
32.49,68.43,1548,2.21,LOW
27.67,73.78,2848,0.24,LOW
34.74,77.97,2939,0.9,MEDIUM
35.8,75.15,2320,1.09,LOW
29.89,72.43,1799,2.72,LOW
31.44,80.07,2504,3.54,MEDIUM
30.37,72.12,2642,3.45,MEDIUM
30.75,79.78,2353,2.41,LOW
29.5,70.99,2802,1.12,LOW
32.02,79.86,1633,2.9,LOW
29.45,73.12,2405,1.08,LOW
30.72,85.06,2641,0.1,LOW
31.25,72.49,2033,2.06,LOW
33.61,57.62,666,2.17,LOW
30.64,79.45,2011,1.45,LOW
24.76,80.51,1474,0.34,LOW
27.95,74.78,3397,4.94,MEDIUM
32.77,84.07,3868,2.76,MEDIUM
28.84,63.64,2936,0.77,LOW
29.58,80.85,3793,0.51,MEDIUM
29.54,80.99,2926,1.53,MEDIUM
29.54,94.55,2206,1.62,MEDIUM
28.74,86.79,3131,6.66,MEDIUM
34.86,90.55,4013,1.61,MEDIUM
29.39,97.62,2108,5.19,MEDIUM
30.48,65.94,3932,6.32,MEDIUM
28.43,64.42,1981,1.65,LOW
30.8,81.62,1506,4.19,LOW
28.17,78.45,2086,3.27,LOW
31.92,87.83,1802,0.93,LOW
29.8,62.84,2958,1.24,LOW
31.1,93.91,3669,4.33,MEDIUM
29.96,85.32,2765,1.73,MEDIUM
29.96,60.46,1644,1.95,LOW
32.57,80.64,2327,1.15,LOW
26.69,86.15,2978,8.59,MEDIUM
29.11,78.25,3086,6.59,MEDIUM
34.45,87.33,3696,1.1,MEDIUM
30.65,84.86,2826,3.09,MEDIUM
27.49,94.39,1829,7.28,MEDIUM
28.56,81.87,1636,1.77,LOW
30.56,81.13,2336,2.69,LOW
29.61,77.15,2272,0.56,LOW
31.95,67.08,3318,2.53,MEDIUM
28.32,84.84,797,0.29,LOW
32.01,87.54,4095,4.32,HIGH
29.06,94.05,1741,0.48,LOW
27.06,96.77,3350,1.65,MEDIUM
27.36,97.27,3832,1.77,MEDIUM
31.53,78.43,729,0.63,LOW
33.83,71.44,2567,1.06,LOW
28.77,63.33,3206,5.11,MEDIUM
30.51,82.0,2206,0.63,LOW
32.25,80.51,2538,0.37,LOW
28.89,83.09,2475,3.28,MEDIUM
28.99,73.58,2323,2.2,LOW
31.67,74.21,4095,7.95,HIGH
31.27,83.66,1277,3.95,LOW
31.87,73.59,2710,5.02,MEDIUM
30.4,63.37,1385,2.83,LOW
30.81,81.4,2277,1.65,LOW
29.93,63.71,2867,0.74,LOW
28.81,83.88,1934,4.76,LOW
29.69,89.32,2374,1.16,LOW
30.13,77.14,2625,3.02,MEDIUM
30.82,91.06,1725,6.0,MEDIUM
29.93,79.77,1522,2.29,LOW
29.37,77.59,3044,2.23,MEDIUM
29.42,86.79,2053,0.19,LOW
33.31,63.25,1942,6.67,LOW
28.27,88.4,2486,0.91,LOW
31.93,84.55,2641,2.65,MEDIUM
33.11,96.51,3504,1.9,MEDIUM
30.66,69.99,2204,0.25,LOW
30.74,75.67,1759,0.5,LOW
30.49,68.22,3522,4.24,MEDIUM
30.93,95.08,3715,0.93,MEDIUM
32.41,87.98,1259,0.37,LOW
27.23,80.76,2498,1.68,LOW
31.59,82.76,2203,2.39,LOW
29.27,94.21,1712,0.77,LOW
27.71,84.77,2977,4.89,MEDIUM
31.07,83.09,2825,3.97,MEDIUM
29.89,73.23,1866,1.05,LOW
34.24,73.54,3167,1.55,MEDIUM
30.43,86.81,1599,1.19,LOW
30.48,87.78,781,1.11,LOW
30.58,86.93,3115,2.46,MEDIUM
31.12,80.48,2169,3.11,LOW
28.6,75.14,1321,2.11,LOW
26.88,89.87,2146,2.35,LOW
30.12,91.34,2491,1.23,MEDIUM
29.02,78.35,2472,3.1,LOW
27.61,84.51,1973,1.83,LOW
32.35,86.56,3094,7.46,MEDIUM
29.88,96.46,1764,8.01,MEDIUM
28.28,66.47,3293,1.54,LOW
29.47,84.07,2119,0.58,LOW
31.91,79.94,3332,1.36,MEDIUM
27.97,74.46,2348,8.88,MEDIUM
30.14,65.71,1912,1.56,LOW
33.05,75.47,2764,1.59,MEDIUM
36.0,86.62,870,0.74,LOW
26.94,88.37,2920,0.18,LOW
30.1,83.15,1773,1.71,LOW
29.58,89.55,3080,1.78,MEDIUM
30.67,90.4,3949,0.2,MEDIUM
30.8,78.41,1979,2.01,LOW
34.51,66.47,3048,6.24,MEDIUM
27.22,82.9,1309,2.84,LOW
31.76,68.35,2565,0.93,LOW
28.85,81.75,2455,5.36,MEDIUM
28.4,80.11,2212,1.83,LOW
32.59,82.19,2735,1.64,MEDIUM
28.96,86.27,2988,0.1,MEDIUM
33.98,71.95,1360,5.89,LOW
32.89,72.76,2215,1.64,LOW
26.04,90.77,2899,0.4,LOW
31.45,73.15,2484,2.06,LOW
31.1,85.92,2683,3.03,MEDIUM
28.8,77.0,3085,2.99,MEDIUM
32.38,80.94,3537,5.97,MEDIUM
29.22,77.79,2927,3.36,MEDIUM
24.0,96.59,2020,2.55,LOW
32.23,89.56,1052,2.38,LOW
32.47,72.5,3293,0.43,MEDIUM
32.29,88.06,3356,0.54,MEDIUM
30.87,77.51,2881,4.51,MEDIUM
25.8,80.95,4095,4.09,MEDIUM
29.59,86.35,4095,2.04,MEDIUM
27.81,79.42,2937,2.59,MEDIUM
31.05,79.59,3280,1.37,MEDIUM
28.54,76.26,2646,0.72,LOW
31.67,70.63,2028,3.81,LOW
28.94,87.99,2115,0.38,LOW
26.88,72.31,1358,2.59,LOW
29.31,65.44,3293,2.29,LOW
31.68,78.5,2973,2.89,MEDIUM
25.42,75.49,2472,0.36,LOW
29.91,81.73,2474,3.42,MEDIUM
29.98,77.63,3932,2.92,MEDIUM
26.23,74.94,3500,3.9,MEDIUM
28.54,71.71,1295,3.47,LOW
26.81,73.27,2792,2.2,LOW
26.46,75.52,2003,1.15,LOW
28.47,78.54,2845,5.72,MEDIUM
28.24,79.9,3157,2.33,MEDIUM
27.68,72.69,1397,10.62,MEDIUM
30.92,56.08,2634,1.0,LOW
30.53,91.85,2680,9.4,MEDIUM
26.17,78.71,1659,3.0,LOW
29.96,74.96,2360,0.73,LOW
30.73,69.63,2592,8.68,MEDIUM
27.93,73.67,2632,2.32,LOW
26.5,75.56,1186,1.71,LOW
29.16,60.14,4067,4.33,MEDIUM
30.96,72.57,1953,4.89,LOW
29.62,98.0,3910,1.55,MEDIUM
29.08,70.39,3292,3.05,MEDIUM
28.45,84.23,3080,2.97,MEDIUM
29.39,87.48,3622,0.76,MEDIUM
30.8,62.8,1413,1.04,LOW
33.29,85.42,2935,1.1,MEDIUM
27.08,77.15,2673,7.02,MEDIUM
29.98,70.51,2951,5.5,MEDIUM
25.79,88.36,1297,1.74,LOW
26.69,71.16,4095,2.96,MEDIUM
32.5,80.28,2664,6.06,MEDIUM
29.39,86.02,2580,2.49,MEDIUM
31.64,84.72,1676,6.59,MEDIUM
30.63,73.47,2675,5.11,MEDIUM
27.24,79.96,2546,0.59,LOW
31.61,82.68,2248,2.73,MEDIUM
31.61,90.12,2354,4.23,MEDIUM
27.48,76.65,4095,4.49,MEDIUM
33.46,81.32,2012,1.59,LOW
34.43,76.75,1820,2.95,LOW
28.37,63.78,2063,0.89,LOW
27.28,85.08,2590,0.97,LOW
27.73,88.08,2041,7.6,MEDIUM
29.14,82.06,3323,1.41,MEDIUM
29.46,93.76,3283,3.86,MEDIUM
29.45,70.87,2254,4.74,LOW
28.44,95.41,2450,2.28,MEDIUM
33.3,86.88,2363,6.36,MEDIUM
29.6,84.59,2903,3.42,MEDIUM
29.58,86.39,2896,2.7,MEDIUM
35.93,75.79,2963,0.48,MEDIUM
33.34,73.92,1938,11.9,MEDIUM
32.93,80.14,3476,0.56,MEDIUM
28.3,66.62,2421,2.82,LOW
31.82,93.54,2674,0.36,MEDIUM
32.72,81.93,2741,0.92,MEDIUM
27.24,67.83,1606,1.31,LOW
28.31,80.13,3129,0.76,MEDIUM
26.12,76.17,2404,3.51,LOW
27.05,80.14,1705,3.32,LOW
30.48,88.14,2773,1.75,MEDIUM
29.9,85.96,2364,10.25,MEDIUM
30.25,89.87,2223,9.17,MEDIUM
25.85,82.43,2029,8.56,MEDIUM
30.22,76.2,2880,4.89,MEDIUM
29.92,75.9,2511,4.12,MEDIUM
29.72,90.58,3986,0.97,MEDIUM
28.97,82.89,714,5.96,LOW
25.64,87.02,1684,5.25,LOW
29.57,52.58,2513,5.67,LOW
34.9,74.46,2347,0.56,LOW
31.73,81.42,3038,2.11,MEDIUM
29.51,56.63,3060,1.4,LOW
30.31,89.0,3549,0.14,MEDIUM
31.47,82.78,1360,2.8,LOW
31.57,90.71,500,1.19,LOW
32.69,86.52,2024,0.79,LOW
29.48,78.36,2718,0.74,LOW
28.37,69.98,1945,0.67,LOW
28.39,75.89,2083,1.23,LOW
35.11,77.37,1955,2.83,MEDIUM
32.5,74.92,1991,4.55,LOW
28.53,74.24,2949,1.98,LOW
25.02,91.41,1842,2.44,LOW
31.53,85.61,1959,3.74,MEDIUM
32.86,89.32,2987,5.05,MEDIUM
28.33,76.93,3160,0.66,LOW
29.65,82.32,1572,9.87,MEDIUM
29.23,71.69,1069,0.28,LOW
29.01,67.73,2884,4.94,MEDIUM
28.77,74.93,2320,0.08,LOW
33.51,77.84,2138,2.93,MEDIUM
32.05,95.04,3181,0.95,MEDIUM
29.92,86.12,1234,2.55,LOW
31.38,92.85,2094,8.82,MEDIUM
30.56,92.89,2217,3.23,MEDIUM
28.23,63.88,2293,0.53,LOW
32.59,78.33,2640,1.08,MEDIUM
26.46,72.57,1858,3.33,LOW
30.36,82.15,2427,1.02,LOW
34.38,75.85,2795,4.68,MEDIUM
30.87,84.78,1528,4.51,LOW
26.49,85.53,1213,1.03,LOW
26.52,82.4,2557,4.53,MEDIUM
32.98,84.82,1750,4.07,MEDIUM
28.29,92.37,1825,2.55,LOW
30.83,76.96,1887,6.01,MEDIUM
28.58,81.21,2092,0.26,LOW
28.74,98.0,1599,4.86,MEDIUM
30.77,93.49,2261,0.35,LOW
31.39,72.0,2348,0.34,LOW
30.04,87.65,1088,2.1,LOW
28.66,85.49,3581,1.06,MEDIUM
30.29,84.01,2555,2.1,MEDIUM
30.26,84.05,1483,1.1,LOW
32.74,73.29,2285,0.94,LOW
30.03,74.36,2240,2.42,LOW
26.46,65.61,1537,3.83,LOW
29.19,77.25,2309,3.8,LOW
25.69,95.58,1703,2.56,LOW
28.67,82.5,2550,6.99,MEDIUM
27.9,80.15,2992,3.81,MEDIUM
26.09,85.44,3429,1.98,MEDIUM
30.99,77.12,1180,1.34,LOW
29.21,77.19,4095,4.25,MEDIUM
29.47,62.89,2792,4.62,LOW
28.69,73.87,3803,2.87,MEDIUM
31.91,73.29,3079,3.87,MEDIUM
29.13,81.94,3240,6.25,MEDIUM
31.0,77.21,3588,0.56,MEDIUM
33.88,88.13,3209,3.31,MEDIUM
33.1,85.6,1492,6.92,MEDIUM
30.69,78.19,3146,2.2,MEDIUM
32.11,96.32,2907,2.41,MEDIUM
29.47,86.68,3524,2.37,MEDIUM
31.15,82.45,3488,3.47,MEDIUM
29.32,83.7,3283,2.72,MEDIUM
31.87,71.8,2726,5.35,MEDIUM
29.99,88.85,3060,4.41,MEDIUM
30.16,78.72,1748,5.39,LOW
26.56,70.87,3061,4.7,MEDIUM
30.59,97.91,1307,3.45,LOW
29.8,87.54,1886,0.82,LOW
30.93,76.88,1257,1.16,LOW
27.37,84.48,2913,0.15,LOW
30.9,84.45,3120,4.88,MEDIUM
31.36,95.14,998,2.84,LOW
29.75,97.72,3170,2.54,MEDIUM
34.8,74.16,2497,0.81,LOW
32.97,86.35,2450,1.61,MEDIUM
27.62,69.79,639,0.38,LOW
28.59,59.59,2675,4.08,LOW
27.45,66.69,500,2.7,LOW
32.64,85.85,1762,5.73,MEDIUM
29.52,71.85,2516,0.9,LOW
25.94,79.37,2740,0.79,LOW
29.38,80.49,2497,0.96,LOW
29.34,83.35,3274,8.97,MEDIUM
31.04,83.69,1699,2.42,LOW
27.66,73.02,2958,7.95,MEDIUM
33.78,68.01,4028,3.33,MEDIUM
30.37,76.87,2147,2.26,LOW
28.83,74.48,2634,0.1,LOW
32.88,89.87,3781,2.31,MEDIUM
32.1,74.53,2052,5.39,MEDIUM
29.55,70.35,1646,0.65,LOW
32.55,77.29,2436,1.55,LOW
27.53,65.87,3247,7.92,MEDIUM
30.5,72.11,2433,0.53,LOW
29.93,69.2,2230,3.84,LOW
30.05,74.55,3391,2.78,MEDIUM
27.38,78.64,2331,3.0,LOW
28.43,78.35,2590,11.19,MEDIUM
31.44,82.28,2517,7.26,MEDIUM
27.43,66.25,3216,0.66,LOW
32.67,60.83,1720,4.23,LOW
32.54,66.56,2968,0.14,LOW
30.92,80.43,2535,0.55,LOW
29.1,77.27,2708,2.67,MEDIUM
32.15,83.21,3991,1.53,MEDIUM
31.12,67.89,1736,1.72,LOW
29.99,77.63,2801,0.93,LOW
35.23,85.03,2144,1.88,MEDIUM
30.15,84.36,2725,2.27,MEDIUM
28.69,66.47,1514,1.28,LOW
31.82,80.62,2640,0.56,LOW
35.66,76.01,3281,1.09,MEDIUM
28.27,69.64,2373,4.26,LOW
33.1,90.43,520,2.31,LOW
29.77,83.51,1650,0.14,LOW
31.32,78.96,2914,1.62,MEDIUM
30.3,80.86,2198,5.99,MEDIUM
33.26,65.49,1617,0.17,LOW
28.28,69.09,2250,5.01,LOW
27.84,76.99,2936,4.72,MEDIUM
29.64,81.24,698,4.69,LOW
29.88,82.79,4095,3.14,MEDIUM
30.82,70.51,2833,1.45,LOW
32.4,80.67,2713,2.55,MEDIUM
31.63,78.23,2869,3.11,MEDIUM
28.05,81.99,3152,0.49,MEDIUM
28.59,70.59,2967,3.83,MEDIUM
33.1,71.43,2422,1.74,LOW
31.76,79.21,2638,2.17,MEDIUM
29.23,79.36,1749,5.0,LOW
32.2,63.4,2395,4.43,LOW
28.59,67.18,1654,1.41,LOW
29.91,87.33,1857,2.81,LOW
32.07,90.44,3554,1.21,MEDIUM
30.89,69.59,2811,0.44,LOW
31.59,74.01,2445,3.06,LOW
29.47,59.46,2316,6.31,LOW
28.09,63.27,3650,0.83,LOW
30.13,86.61,1961,3.8,MEDIUM
33.09,87.54,1886,1.35,LOW
30.75,94.06,3713,1.69,MEDIUM
28.17,78.87,2129,0.42,LOW
29.17,91.3,2290,0.86,LOW
31.81,81.69,1135,3.36,LOW
26.25,71.78,3184,0.75,LOW
29.57,85.56,2004,3.98,MEDIUM
27.76,77.8,1707,4.53,LOW
32.37,76.3,2522,4.64,MEDIUM
31.46,87.05,3135,9.02,HIGH
27.64,74.64,3155,4.11,MEDIUM
30.73,67.89,2331,1.07,LOW
30.59,82.31,2563,0.86,LOW
26.32,77.07,3102,0.62,LOW
26.76,84.46,2064,6.7,MEDIUM
30.4,80.82,2389,1.31,LOW
29.4,78.76,3326,3.17,MEDIUM
31.12,77.82,2291,1.43,LOW
28.5,83.17,2493,3.7,MEDIUM
28.48,83.95,2699,0.09,LOW
31.81,86.76,2323,0.74,LOW
29.46,73.17,2069,2.52,LOW
29.71,93.83,1345,3.09,LOW
25.68,76.51,1331,2.78,LOW
30.07,90.21,1916,0.36,LOW
29.02,95.28,1479,0.9,LOW
27.39,73.12,1964,3.23,LOW
33.04,83.58,2808,0.84,MEDIUM
30.57,81.72,945,2.16,LOW
30.76,85.43,3672,1.16,MEDIUM
25.06,76.68,3533,0.59,LOW
27.66,94.27,1300,2.11,LOW
32.22,95.52,2269,3.48,MEDIUM
34.36,87.59,2754,0.45,MEDIUM
31.71,79.92,3127,1.21,MEDIUM
27.9,78.49,1997,1.58,LOW
30.16,84.54,2877,2.16,MEDIUM
31.41,77.33,2164,0.63,LOW
29.11,71.16,3101,4.3,MEDIUM
30.88,98.0,1534,0.46,LOW
30.6,85.94,1854,0.08,LOW
34.72,78.21,3888,1.04,MEDIUM
33.44,64.96,1803,0.63,LOW
31.4,98.0,1964,3.0,MEDIUM
32.8,60.14,2425,1.94,LOW
29.26,90.05,1759,1.03,LOW
30.2,85.04,2972,1.74,MEDIUM
29.15,70.0,1683,1.51,LOW
29.19,79.47,2036,0.79,LOW
30.07,70.41,2251,1.09,LOW
33.26,86.56,1727,4.6,MEDIUM
28.97,76.26,3840,0.97,MEDIUM
33.3,77.54,1854,0.55,LOW
29.1,92.74,2138,2.78,MEDIUM
30.07,94.49,2240,1.36,MEDIUM
32.58,92.27,2320,2.58,MEDIUM
25.61,78.56,1976,5.01,LOW
27.76,86.81,2376,5.94,MEDIUM
29.32,72.56,1642,4.52,LOW
26.69,71.62,2264,1.61,LOW
33.39,78.97,1562,0.75,LOW
28.07,75.32,3087,3.35,MEDIUM
26.93,73.64,1943,1.79,LOW
29.57,79.26,2700,3.46,MEDIUM
26.76,85.39,2214,0.97,LOW
29.36,76.69,1899,2.34,LOW
30.55,78.15,2606,2.71,MEDIUM
30.9,67.57,1754,0.4,LOW
30.15,79.42,1797,1.48,LOW
33.8,78.58,2719,1.67,MEDIUM
29.58,66.78,1701,3.94,LOW
24.76,76.0,1955,1.13,LOW
29.2,70.77,3381,2.19,MEDIUM
29.51,77.69,2955,2.56,MEDIUM
27.13,82.06,1475,0.39,LOW
29.66,73.93,2186,2.09,LOW
28.03,71.34,2109,2.08,LOW
29.88,60.97,1785,0.71,LOW
30.43,91.62,1762,0.4,LOW
29.84,76.33,3764,5.19,MEDIUM
29.55,65.47,1402,1.91,LOW
32.4,87.61,2173,5.39,MEDIUM
30.0,82.36,1864,4.92,LOW
32.15,77.5,2738,3.44,MEDIUM
27.69,96.2,2932,2.14,MEDIUM
31.39,79.02,2532,0.03,LOW
30.28,98.0,1703,0.68,LOW
26.11,78.97,1942,0.7,LOW
28.51,83.62,2432,3.66,MEDIUM
31.87,88.41,1950,0.87,LOW
30.09,77.15,1566,6.57,LOW
29.7,68.07,3064,4.62,MEDIUM
28.33,80.77,3023,0.41,LOW
31.97,79.13,2790,0.27,LOW
28.93,90.07,2393,1.67,MEDIUM
30.05,94.94,2911,3.16,MEDIUM
31.59,58.73,2651,9.3,MEDIUM
28.39,79.94,3102,8.49,MEDIUM
29.68,94.66,2663,3.32,MEDIUM
31.59,72.86,1813,1.7,LOW
32.86,83.96,2067,1.3,LOW
31.76,91.76,2271,1.22,MEDIUM
28.28,77.47,1645,7.84,LOW
26.76,94.87,2834,2.52,MEDIUM
30.82,81.06,1718,3.9,LOW
30.06,79.86,1483,1.33,LOW
26.12,77.53,2509,4.12,LOW
29.73,90.64,725,0.91,LOW
29.0,86.16,2310,3.31,MEDIUM
28.3,78.8,2527,3.44,LOW
29.16,70.62,2793,4.69,MEDIUM
29.69,70.16,2605,0.29,LOW
31.2,85.11,2026,3.15,MEDIUM
33.07,71.18,1953,4.54,LOW
27.21,92.78,2327,2.5,MEDIUM
29.09,84.52,2463,1.97,LOW
32.78,70.7,1571,3.46,LOW
30.9,80.99,3470,5.77,MEDIUM
32.85,76.96,2564,0.91,LOW
31.11,84.97,2279,4.29,MEDIUM
28.06,61.47,1520,1.36,LOW
27.99,69.97,2286,5.68,LOW
34.02,81.08,1443,2.87,LOW
31.24,63.96,1746,0.68,LOW
27.88,95.69,2001,2.2,LOW
25.24,78.41,1906,3.73,LOW
32.41,97.85,3351,6.45,HIGH
28.88,67.47,3384,2.67,MEDIUM
30.86,90.44,3473,0.9,MEDIUM
30.62,73.52,2547,4.03,MEDIUM
32.06,80.25,3333,0.92,MEDIUM
29.18,80.53,2478,2.68,LOW
34.19,72.32,2967,0.57,MEDIUM
27.19,72.93,4095,2.07,MEDIUM
30.77,74.65,2802,0.33,LOW
31.77,58.73,2311,0.39,LOW
33.48,84.99,2989,3.29,MEDIUM
31.65,72.3,2461,1.79,LOW
31.65,75.99,2972,1.05,MEDIUM
31.62,75.85,3331,3.64,MEDIUM
31.61,91.04,1965,1.65,LOW
29.84,93.85,3776,1.94,MEDIUM
27.37,81.0,1739,8.92,MEDIUM
29.86,59.8,2924,2.18,LOW
35.37,75.88,2337,7.25,MEDIUM
28.91,81.06,2571,1.47,LOW
29.12,89.45,2771,5.28,MEDIUM
28.56,70.49,2803,4.4,MEDIUM
27.43,60.49,2154,1.93,LOW
29.1,78.68,2755,2.37,MEDIUM
25.66,81.02,1844,3.83,LOW
30.99,67.94,1237,1.75,LOW
29.67,88.98,2834,1.81,MEDIUM
27.62,85.76,2716,1.31,LOW
28.43,81.27,3332,5.72,MEDIUM
30.31,80.88,1629,1.97,LOW
30.03,73.02,1773,2.11,LOW
27.9,81.07,1607,0.51,LOW
24.67,65.08,3780,2.08,LOW
31.84,72.99,2803,0.27,LOW
28.2,72.36,2532,4.38,LOW
31.4,86.67,3141,3.67,MEDIUM
27.56,84.76,1789,6.67,MEDIUM
30.31,85.25,2486,0.84,LOW
32.22,98.0,3213,2.38,MEDIUM
29.6,77.8,2451,2.62,LOW
30.62,83.83,3071,1.3,MEDIUM
32.37,75.69,2575,1.37,LOW
30.72,82.96,2936,2.05,MEDIUM
29.38,87.12,1921,4.49,MEDIUM
29.18,84.76,3508,2.99,MEDIUM
27.95,84.68,3818,2.92,MEDIUM
29.93,81.21,2832,2.64,MEDIUM
28.54,72.01,2858,1.11,LOW
30.02,80.05,2957,3.26,MEDIUM
30.57,76.11,1596,0.69,LOW
26.5,66.69,2199,0.91,LOW
26.75,92.14,2305,7.31,MEDIUM
29.65,72.62,3546,0.47,MEDIUM
28.09,76.82,3286,8.34,MEDIUM
34.53,86.27,3157,0.57,MEDIUM
29.45,78.42,1790,0.49,LOW
30.04,78.16,2012,3.38,LOW
31.41,85.47,2391,2.19,MEDIUM
26.92,78.42,2500,4.56,LOW
26.72,87.21,2272,1.97,LOW
28.81,98.0,2525,7.85,MEDIUM
29.81,74.15,3303,0.02,LOW
32.07,91.47,2903,0.31,MEDIUM
28.86,71.9,3665,6.24,MEDIUM
30.38,81.75,1731,4.69,LOW
30.87,95.87,1911,0.07,LOW
27.64,70.2,2940,0.36,LOW
29.71,74.93,3476,1.36,MEDIUM
27.9,77.73,811,1.9,LOW
32.38,88.49,2547,6.02,MEDIUM
29.29,72.45,3522,3.27,MEDIUM
29.48,79.39,803,1.49,LOW
31.29,70.84,2760,3.87,MEDIUM
33.55,80.24,3917,8.86,HIGH
31.25,73.07,2682,3.97,MEDIUM
28.43,91.43,3147,0.75,MEDIUM
34.17,89.74,1541,0.82,LOW
30.35,93.16,3436,7.14,HIGH
30.92,70.12,2587,3.5,LOW
31.68,81.87,3712,4.52,MEDIUM
31.2,97.85,2433,2.14,MEDIUM
31.75,72.01,2583,4.02,MEDIUM
25.97,77.92,2767,1.45,LOW
29.12,87.8,3016,1.66,MEDIUM
29.42,78.78,2797,2.18,MEDIUM
27.27,74.44,3732,1.06,MEDIUM
30.45,78.18,1965,3.31,LOW
30.42,69.53,2168,2.1,LOW
32.96,81.83,2827,3.61,MEDIUM
27.09,94.48,1654,0.21,LOW
31.12,82.94,1554,0.76,LOW
26.34,85.01,3302,2.36,MEDIUM
29.86,74.9,2329,0.74,LOW
31.86,81.12,2355,5.67,MEDIUM
29.64,67.78,1402,5.33,LOW
27.23,94.56,2608,2.7,MEDIUM
32.35,76.69,3101,1.77,MEDIUM
31.51,78.78,2259,3.59,MEDIUM
31.66,87.07,2578,1.64,MEDIUM
30.03,79.11,2894,2.76,MEDIUM
29.13,94.71,2123,3.4,MEDIUM
28.59,63.57,2005,3.32,LOW
29.23,76.37,3431,1.06,MEDIUM
29.26,88.33,2750,1.27,MEDIUM
29.62,78.29,2089,2.12,LOW
27.07,71.59,2207,6.14,LOW
30.06,77.79,3137,2.41,MEDIUM
30.8,72.31,2143,1.2,LOW
28.9,79.69,2983,2.03,MEDIUM
33.3,90.79,2943,1.68,MEDIUM
30.71,86.56,2812,4.27,MEDIUM
31.87,75.91,1329,5.99,LOW
30.92,64.74,3694,1.05,MEDIUM
30.72,75.99,2698,1.23,LOW
30.88,76.85,2537,3.06,MEDIUM
31.29,93.76,1707,2.75,MEDIUM
33.31,82.52,3663,1.74,MEDIUM
31.07,76.38,2455,3.87,MEDIUM
32.2,77.11,1000,0.64,LOW
31.08,83.43,2888,0.15,MEDIUM
30.23,72.44,3261,3.65,MEDIUM
31.7,83.84,3044,1.77,MEDIUM
29.11,74.04,3290,2.18,MEDIUM
30.41,80.66,3002,4.61,MEDIUM
25.78,69.78,2292,3.1,LOW
29.86,78.41,2356,2.77,LOW
27.25,80.66,1582,0.24,LOW
28.09,80.48,2615,10.03,MEDIUM
30.51,82.91,1892,1.57,LOW
32.26,70.53,1525,0.49,LOW
32.4,81.29,2631,3.44,MEDIUM
32.64,74.0,2821,4.91,MEDIUM
25.36,77.71,3295,4.71,MEDIUM
34.22,79.9,2232,6.59,MEDIUM
27.48,72.37,3161,2.07,LOW
30.1,75.39,2098,0.21,LOW
30.25,62.34,2856,1.22,LOW
31.01,85.24,1246,4.42,LOW
30.38,77.77,2646,3.23,MEDIUM
29.33,70.58,3303,4.92,MEDIUM
29.47,92.2,2112,4.13,MEDIUM
29.09,62.24,2721,14.72,MEDIUM
24.0,88.64,1885,6.3,LOW
32.04,83.8,1868,1.78,LOW
32.01,83.87,2012,4.8,MEDIUM
30.7,53.54,2038,1.29,LOW
33.13,87.85,1426,0.44,LOW
29.21,92.39,2866,1.52,MEDIUM
26.53,70.23,1123,2.11,LOW
30.53,73.89,3220,0.69,MEDIUM
33.15,65.95,2585,5.75,MEDIUM
31.69,95.76,2737,3.39,MEDIUM
26.89,88.65,2056,1.8,LOW
28.54,72.97,1498,0.35,LOW
28.7,90.96,3188,1.62,MEDIUM
28.92,72.66,1796,6.54,LOW
32.74,58.26,2221,1.11,LOW
30.17,89.34,2500,1.21,MEDIUM
31.35,78.5,2881,0.19,LOW
29.85,72.44,1376,1.33,LOW
29.77,79.9,3699,1.17,MEDIUM
30.17,87.84,1422,0.26,LOW
28.4,97.53,2522,0.43,MEDIUM
30.07,70.55,2058,8.83,MEDIUM
28.31,87.77,1410,3.43,LOW
34.03,80.26,2533,7.49,MEDIUM
26.46,75.59,1910,5.48,LOW
30.89,69.74,3279,1.95,MEDIUM
33.76,89.01,3737,4.1,HIGH
31.91,81.73,1738,1.7,LOW
25.94,78.72,2379,1.82,LOW
25.67,66.2,3803,0.3,LOW
29.79,76.7,1589,0.88,LOW
31.67,91.2,2101,7.46,MEDIUM
27.57,85.59,2220,2.26,LOW
32.25,96.18,1503,2.01,LOW
28.19,65.91,2227,2.03,LOW
30.96,82.79,1466,1.2,LOW
33.04,75.88,1981,3.75,LOW
30.81,82.68,3526,2.08,MEDIUM
32.38,80.07,2306,1.19,LOW
28.41,86.03,2665,1.46,MEDIUM
28.94,71.23,1968,1.29,LOW
30.75,70.46,3342,2.93,MEDIUM
27.04,81.83,3140,1.16,MEDIUM
26.71,85.06,2415,5.85,MEDIUM
30.13,97.0,3806,3.26,MEDIUM
29.28,70.94,3280,3.87,MEDIUM
31.07,83.34,3870,5.4,MEDIUM
26.78,78.03,2347,1.75,LOW
31.62,84.64,2497,1.83,MEDIUM
28.73,84.98,1791,0.24,LOW
31.2,77.05,3339,1.1,MEDIUM
29.49,83.34,3167,1.95,MEDIUM
28.37,69.47,2886,0.36,LOW
25.91,75.21,2380,0.13,LOW
29.88,80.29,2218,0.85,LOW
29.5,79.7,2872,2.07,MEDIUM
28.71,66.89,3192,1.68,LOW
31.15,88.76,2750,7.55,MEDIUM
28.37,82.5,2960,3.33,MEDIUM
33.25,78.36,1701,0.77,LOW
29.65,83.92,3133,3.42,MEDIUM
29.75,90.58,3239,1.74,MEDIUM
28.18,93.39,1927,6.58,MEDIUM
31.56,85.16,2613,0.94,MEDIUM
31.71,80.26,1171,10.25,MEDIUM
29.58,78.51,2961,1.69,MEDIUM
29.45,90.53,2237,0.25,LOW
29.9,88.17,1764,0.98,LOW
28.18,79.7,2808,1.73,LOW
29.4,79.74,2236,2.95,LOW
28.19,66.96,1883,2.05,LOW
27.81,78.58,3722,1.1,MEDIUM
30.53,93.05,2964,4.06,MEDIUM
30.73,80.24,2010,5.34,MEDIUM
28.21,65.7,3603,1.51,MEDIUM
31.42,77.11,2845,1.18,MEDIUM
28.98,91.91,3600,5.74,MEDIUM
30.08,78.15,3099,5.84,MEDIUM
30.88,79.08,2493,3.48,MEDIUM
28.07,85.37,3111,1.36,MEDIUM
25.8,76.64,1861,3.79,LOW
33.56,85.69,2502,4.13,MEDIUM
28.15,69.34,3027,5.06,MEDIUM
31.66,79.73,3339,4.07,MEDIUM
32.02,85.15,3159,2.93,MEDIUM
30.75,96.57,1899,4.56,MEDIUM
29.83,92.51,1947,5.15,MEDIUM
30.23,91.73,3517,1.77,MEDIUM
28.39,77.64,3604,0.85,MEDIUM
27.16,75.33,1856,0.68,LOW
29.62,82.47,2530,1.88,LOW
32.06,69.65,3149,2.29,MEDIUM
30.24,88.79,2779,6.08,MEDIUM
33.7,79.29,713,7.23,LOW
30.44,76.2,1819,3.0,LOW
27.83,71.73,2977,3.36,MEDIUM
31.47,95.31,2429,4.3,MEDIUM
32.58,87.89,3180,2.95,MEDIUM
33.9,94.71,2686,2.09,MEDIUM
27.16,83.36,3703,0.63,MEDIUM
28.03,79.02,2679,3.1,MEDIUM
31.69,84.67,2582,3.24,MEDIUM
30.02,87.86,3735,4.34,MEDIUM
34.02,79.18,2975,1.44,MEDIUM
31.94,66.39,2698,1.58,LOW
26.33,75.1,2565,5.27,LOW
31.09,79.25,1560,0.59,LOW
29.94,75.05,1909,5.22,LOW
29.21,89.8,2717,5.24,MEDIUM
30.87,83.91,2945,1.14,MEDIUM
29.39,78.8,2750,3.2,MEDIUM
32.65,91.15,2407,3.46,MEDIUM
30.7,81.07,3235,4.16,MEDIUM
26.87,87.85,2052,4.56,LOW
35.22,88.91,2077,3.68,MEDIUM
29.16,90.24,2343,3.52,MEDIUM
28.75,66.17,1471,1.28,LOW
27.85,79.53,1477,5.45,LOW
31.73,86.31,2637,1.29,MEDIUM
32.14,75.83,2186,1.47,LOW
31.45,79.0,3315,0.51,MEDIUM
29.76,78.58,2553,0.74,LOW
29.84,83.03,3915,1.4,MEDIUM
33.94,91.08,2854,3.77,MEDIUM
32.38,76.48,2825,3.24,MEDIUM
30.46,83.12,2690,1.72,MEDIUM
29.61,68.02,2189,1.0,LOW
27.48,86.28,1603,0.23,LOW
30.93,91.16,2271,9.79,MEDIUM
29.34,80.45,1570,3.94,LOW
30.78,81.0,3062,0.67,MEDIUM
30.01,89.74,2628,2.88,MEDIUM
30.81,77.1,1183,0.47,LOW
28.53,82.55,3440,0.96,MEDIUM
31.01,80.93,1940,3.72,LOW
30.95,85.88,3192,2.49,MEDIUM
33.17,95.08,2527,5.04,MEDIUM
31.17,83.79,500,0.98,LOW
29.98,69.32,2005,0.95,LOW
25.44,63.73,2136,3.9,LOW
28.16,82.72,2636,3.52,MEDIUM
28.68,80.77,2739,1.85,LOW
32.45,89.7,2807,2.41,MEDIUM
33.15,63.88,2014,6.41,MEDIUM
31.93,71.23,3855,2.57,MEDIUM
32.03,85.3,3103,1.1,MEDIUM
31.51,68.73,2595,3.67,MEDIUM
29.27,81.68,2226,3.38,LOW
31.7,76.0,1981,5.59,MEDIUM
30.75,79.83,2374,3.16,MEDIUM
31.91,79.98,1143,2.79,LOW
30.78,80.4,2117,1.29,LOW
32.61,77.25,2450,5.0,MEDIUM
27.81,85.75,2841,2.65,MEDIUM
31.39,83.07,1087,0.37,LOW
26.79,87.91,2711,1.39,LOW
27.78,74.34,1751,2.73,LOW
30.58,98.0,1765,3.23,MEDIUM
27.36,83.77,2654,4.3,MEDIUM
26.45,79.26,1890,1.59,LOW
30.52,85.23,1760,3.18,LOW
27.37,90.88,2293,3.13,MEDIUM
31.39,63.7,2045,2.89,LOW
31.25,69.95,2119,3.73,LOW
32.15,72.32,2483,4.47,MEDIUM
32.21,69.98,2533,8.15,MEDIUM
30.66,73.23,3725,6.43,MEDIUM
28.3,80.41,2697,0.54,LOW
30.58,82.51,3130,10.74,HIGH
28.99,79.2,2774,5.98,MEDIUM
31.2,78.9,2669,1.06,LOW
28.46,70.57,2793,8.49,MEDIUM
28.61,74.74,2919,0.79,LOW
30.78,85.26,2657,1.19,MEDIUM
29.56,68.29,1414,0.01,LOW
29.11,84.97,2548,4.1,MEDIUM
28.74,68.51,2463,1.61,LOW
29.02,84.87,4095,1.59,MEDIUM
28.32,98.0,2519,4.69,MEDIUM
30.3,72.14,2525,0.55,LOW
30.32,84.58,3121,5.92,MEDIUM
29.96,69.25,1642,5.48,LOW
29.4,93.83,1794,1.87,LOW
28.04,86.79,1892,3.93,LOW
28.95,98.0,2912,5.69,MEDIUM
32.03,72.36,1997,3.15,LOW
27.15,73.02,3605,3.28,MEDIUM
30.89,87.38,2209,3.81,MEDIUM
29.16,80.41,2626,4.97,MEDIUM
30.88,91.87,3109,6.57,MEDIUM
34.03,72.75,2077,1.29,LOW
28.48,81.75,1621,1.92,LOW
28.81,72.92,2054,2.04,LOW
31.42,78.03,2621,1.53,LOW
28.88,80.59,3518,0.11,MEDIUM
33.65,77.4,2111,9.19,MEDIUM
25.77,80.63,3078,2.09,LOW
31.42,66.24,1793,2.33,LOW
32.59,98.0,2133,6.17,MEDIUM
27.13,70.61,3282,0.91,LOW
30.15,84.88,2367,0.47,LOW
29.71,80.88,1410,0.71,LOW
30.38,76.11,3066,6.17,MEDIUM
30.78,86.19,1719,0.44,LOW
28.21,84.54,2751,0.68,LOW
34.56,75.34,2785,0.57,MEDIUM
35.42,80.68,1403,9.93,MEDIUM
27.58,71.18,4095,4.23,MEDIUM
33.83,87.89,3086,4.22,MEDIUM
27.48,81.29,1915,2.64,LOW
29.41,72.11,2198,2.56,LOW
29.74,75.66,3039,4.35,MEDIUM
31.7,55.31,1632,1.88,LOW
32.08,71.74,1682,4.33,LOW
29.51,98.0,3146,0.91,MEDIUM
30.49,94.48,3172,10.14,HIGH
29.83,77.87,3132,1.26,MEDIUM
28.36,76.28,3830,2.36,MEDIUM
32.04,84.02,2752,3.84,MEDIUM
27.08,90.04,3573,0.67,MEDIUM
29.18,72.88,1525,0.63,LOW
28.5,89.04,3181,2.93,MEDIUM
27.34,98.0,2005,0.99,LOW
31.23,68.49,2131,0.99,LOW
31.21,67.86,2263,1.33,LOW
31.59,73.51,1854,3.61,LOW
26.62,87.19,3177,2.94,MEDIUM
30.15,75.68,2023,1.22,LOW
29.47,75.04,3593,4.02,MEDIUM
33.2,90.65,2342,2.61,MEDIUM
30.34,78.71,2154,2.99,LOW
29.73,72.32,3969,2.9,MEDIUM
29.88,68.73,1650,0.67,LOW
33.12,90.41,1213,1.82,LOW
30.41,73.77,2605,1.41,LOW
30.05,53.34,3156,0.8,LOW
27.77,74.49,2565,2.51,LOW
34.09,75.53,2381,6.93,MEDIUM
30.15,76.85,3521,1.58,MEDIUM
31.76,68.88,2424,1.94,LOW
30.42,74.04,3118,2.94,MEDIUM
31.13,79.79,2122,1.72,LOW
34.61,82.63,3871,0.42,MEDIUM
34.45,70.69,3441,3.68,MEDIUM
32.1,86.15,1934,4.72,MEDIUM
30.77,75.11,2909,7.38,MEDIUM
25.55,81.87,2616,2.26,LOW
29.44,79.27,1564,2.83,LOW
30.47,87.97,3476,2.92,MEDIUM
30.88,70.84,2991,0.32,LOW
30.49,93.52,2351,4.36,MEDIUM
32.54,83.58,3467,2.55,MEDIUM
28.22,90.63,2448,0.63,LOW
24.0,88.19,2519,0.66,LOW
31.59,88.6,2322,2.84,MEDIUM
31.3,81.16,2195,2.3,LOW
27.79,67.13,2244,4.16,LOW
29.86,85.65,2188,5.27,MEDIUM
26.1,50.76,2948,0.52,LOW
28.41,78.7,2939,0.03,LOW
27.6,87.18,3833,1.2,MEDIUM
30.5,73.11,2334,3.13,LOW
29.0,90.71,3319,0.61,MEDIUM
29.93,78.03,2488,1.42,LOW
30.12,74.73,3370,9.14,MEDIUM
27.6,88.23,2847,10.44,MEDIUM
28.51,74.06,2055,2.67,LOW
34.14,84.69,2845,0.37,MEDIUM
32.14,73.28,1751,2.28,LOW
28.03,68.93,3855,2.95,MEDIUM
29.06,67.91,1644,5.3,LOW
29.83,82.83,2288,2.25,LOW
26.94,67.95,748,0.89,LOW
33.11,81.05,3443,2.06,MEDIUM
31.0,89.23,3594,1.08,MEDIUM
27.04,82.21,1725,0.42,LOW
29.38,94.77,3369,4.86,MEDIUM
29.82,80.82,2072,0.59,LOW
30.62,88.56,2219,0.43,LOW
29.67,84.34,2126,2.58,LOW
32.3,91.53,3030,0.65,MEDIUM
34.77,91.81,1973,0.4,MEDIUM
31.55,72.75,2144,0.52,LOW
32.22,68.19,2563,4.5,MEDIUM
28.02,88.75,3742,4.88,MEDIUM
33.43,98.0,2694,3.56,MEDIUM
30.88,87.9,3056,4.93,MEDIUM
29.2,77.7,3168,7.12,MEDIUM
25.14,64.94,2488,0.02,LOW
29.79,86.15,2886,7.28,MEDIUM
31.56,63.66,1944,0.95,LOW
29.91,83.98,1224,6.43,LOW
32.13,82.17,2111,1.2,LOW
29.3,78.93,2506,3.0,LOW
28.53,93.97,1471,1.34,LOW
31.5,93.8,3342,0.15,MEDIUM
27.5,79.03,2740,5.25,MEDIUM
30.98,72.51,3632,2.71,MEDIUM
27.39,76.36,2599,2.28,LOW
33.27,98.0,2208,1.39,MEDIUM
28.23,67.31,3537,2.77,MEDIUM
29.05,87.53,2554,1.19,LOW
30.62,89.55,1719,0.6,LOW
27.05,86.56,3153,0.88,MEDIUM
27.66,77.01,1708,0.2,LOW
32.16,73.21,3510,9.83,HIGH
31.72,81.08,2128,3.99,MEDIUM
30.48,86.96,3423,3.02,MEDIUM
29.99,76.0,1368,1.92,LOW
29.51,72.58,2280,5.51,MEDIUM
27.77,70.62,3221,2.42,LOW
28.87,61.24,2751,2.82,LOW
29.56,84.85,2066,4.49,MEDIUM
29.63,79.65,1563,3.09,LOW
33.09,85.24,4095,2.03,MEDIUM
31.56,76.82,2558,2.81,MEDIUM
30.36,85.59,2873,2.0,MEDIUM
33.48,51.54,2139,0.61,LOW
32.8,87.98,3533,1.62,MEDIUM
30.5,82.03,2204,3.83,MEDIUM
29.29,73.45,3134,0.5,LOW
29.38,77.67,3257,4.86,MEDIUM
31.98,91.62,2262,2.8,MEDIUM
30.73,77.94,3640,0.07,MEDIUM
31.23,86.37,2423,1.87,MEDIUM
25.41,75.15,1410,0.71,LOW
33.06,85.85,1872,3.38,MEDIUM
26.19,85.43,2707,5.8,MEDIUM
25.17,79.06,3166,2.78,MEDIUM
28.17,76.95,1990,0.26,LOW
29.54,70.09,2315,0.58,LOW
30.99,85.3,3511,1.4,MEDIUM
28.85,77.81,3089,0.94,LOW
28.53,81.88,2205,3.32,LOW
27.19,88.48,2379,3.32,MEDIUM
29.66,80.83,2362,2.75,LOW
28.07,78.63,3115,2.14,MEDIUM
29.1,85.35,2927,0.16,MEDIUM
29.13,80.0,1932,3.12,LOW
31.82,86.98,1770,1.16,LOW
29.95,91.5,652,0.64,LOW
30.24,71.0,2619,3.01,LOW
32.36,88.56,2289,1.04,MEDIUM
29.52,87.48,2476,5.59,MEDIUM
28.74,77.85,4095,2.95,MEDIUM
30.31,78.11,1965,0.59,LOW
30.2,74.55,1983,2.95,LOW
28.74,82.02,1837,4.2,LOW
31.9,83.9,2713,4.94,MEDIUM
30.99,95.48,2842,0.82,MEDIUM
31.68,75.92,3139,3.05,MEDIUM
28.26,66.92,2911,1.18,LOW
26.63,75.52,2771,1.47,LOW
33.22,80.93,1211,6.88,MEDIUM
29.42,71.11,1919,2.15,LOW
29.47,82.53,2309,2.26,LOW
28.4,83.54,2191,2.35,LOW
33.69,74.15,2839,0.94,MEDIUM
31.43,96.91,3496,4.64,MEDIUM
31.52,68.41,3110,4.11,MEDIUM
32.42,80.38,2706,2.19,MEDIUM
29.55,92.15,2608,4.13,MEDIUM
34.26,84.19,2168,3.26,MEDIUM
27.24,78.24,2174,2.02,LOW
28.24,68.55,1961,1.47,LOW
28.82,73.19,2527,6.6,MEDIUM
35.41,81.76,2039,0.34,LOW
28.3,78.62,2160,3.28,LOW
28.54,77.2,2960,1.46,LOW
34.09,75.02,2534,0.81,LOW
32.02,89.21,1478,0.57,LOW
31.09,89.29,2474,3.09,MEDIUM
26.92,79.03,2811,5.15,MEDIUM
28.52,75.75,2620,0.93,LOW
30.18,62.77,1087,3.47,LOW
33.0,87.19,1615,1.3,LOW
31.55,75.98,3446,2.62,MEDIUM
27.13,84.67,2870,2.8,MEDIUM
31.78,78.85,2397,4.42,MEDIUM
33.77,72.03,1581,2.44,LOW
31.3,93.93,2742,4.01,MEDIUM
26.13,66.3,1339,9.8,LOW
34.61,80.86,3162,0.22,MEDIUM
31.96,84.45,2816,1.72,MEDIUM
30.27,77.92,3328,0.64,MEDIUM
31.04,68.25,2253,3.47,LOW
34.12,86.88,1287,1.76,LOW
27.34,72.87,1415,0.63,LOW
31.1,72.46,1674,2.62,LOW
29.33,64.79,3620,4.66,MEDIUM
31.97,77.1,2569,3.45,MEDIUM
31.13,90.35,3307,3.92,MEDIUM
30.22,72.02,1917,3.67,LOW
27.49,87.31,2025,7.27,MEDIUM
34.39,70.48,2601,4.3,MEDIUM
27.29,86.42,2754,9.36,MEDIUM
28.53,79.1,2134,0.75,LOW
32.79,80.91,3327,1.28,MEDIUM
30.47,69.05,2436,1.82,LOW
33.02,71.96,2334,2.39,LOW
30.29,76.7,1582,1.59,LOW
32.32,71.86,2720,0.36,LOW
31.46,86.95,2239,7.8,MEDIUM
27.35,89.39,3025,6.21,MEDIUM
27.64,83.68,2990,2.87,MEDIUM
33.26,78.62,877,0.42,LOW
34.59,76.37,2427,1.04,LOW
31.47,85.99,3762,0.26,MEDIUM
29.88,82.94,3291,1.9,MEDIUM
31.93,80.07,2902,0.57,MEDIUM
30.51,87.92,2375,0.71,LOW
31.27,75.47,2115,9.09,MEDIUM
26.89,69.38,3047,1.29,LOW
30.95,74.04,3738,3.75,MEDIUM
32.33,82.22,3036,7.69,MEDIUM
30.21,92.74,3304,1.66,MEDIUM
30.53,73.22,4095,3.82,MEDIUM
27.79,72.78,2801,3.98,MEDIUM
29.67,63.29,2013,5.45,LOW
30.59,72.49,1870,0.76,LOW
31.16,87.4,2909,4.74,MEDIUM
32.34,82.97,2353,0.08,LOW
32.4,87.68,2329,3.4,MEDIUM
28.23,73.02,2295,1.38,LOW
34.61,87.82,2132,1.0,MEDIUM
33.34,68.85,4095,0.47,MEDIUM
28.62,85.72,3045,6.22,MEDIUM
26.28,79.83,2900,0.36,LOW
28.41,71.01,3261,1.93,MEDIUM
30.49,65.95,2198,3.91,LOW
29.36,73.14,2938,2.22,LOW
28.31,82.91,2018,1.67,LOW
31.89,82.65,3052,1.29,MEDIUM
31.69,82.61,1909,0.84,LOW
28.16,88.78,2589,2.21,MEDIUM
27.17,76.85,2237,0.64,LOW
28.81,95.77,3533,0.12,MEDIUM
32.27,66.79,2688,1.85,LOW
27.98,71.15,2090,0.51,LOW
30.98,83.39,2430,4.09,MEDIUM
32.5,77.59,3123,4.28,MEDIUM
29.93,88.89,2557,1.23,MEDIUM
26.14,72.71,3698,1.95,MEDIUM
29.39,98.0,3087,0.77,MEDIUM
29.27,88.15,1904,2.46,LOW
28.9,76.38,3428,1.93,MEDIUM
29.19,84.47,2452,2.51,MEDIUM
29.36,87.11,1127,3.77,LOW
28.93,70.31,2405,0.29,LOW
28.64,71.42,2208,4.07,LOW
34.23,72.68,2272,1.33,LOW
29.25,84.88,1978,3.37,LOW
29.94,70.83,3256,1.16,MEDIUM
30.94,78.48,2380,3.61,MEDIUM
27.29,73.53,3916,0.83,MEDIUM
33.91,80.88,2078,0.24,LOW
28.94,71.25,2415,1.77,LOW
31.14,88.01,1531,0.97,LOW
33.58,72.22,2441,5.55,MEDIUM
28.45,75.91,3392,1.72,MEDIUM
27.42,84.35,2968,1.22,MEDIUM
31.17,84.34,2439,1.28,LOW
29.26,73.25,3410,7.82,MEDIUM
34.0,70.45,1858,3.49,LOW
34.03,76.58,2801,5.68,MEDIUM
34.87,86.45,4095,0.81,MEDIUM
32.48,88.17,1526,1.2,LOW
32.3,76.27,1757,1.38,LOW
29.59,83.56,2923,1.4,MEDIUM
30.68,55.85,1304,3.27,LOW
30.91,80.13,2123,0.82,LOW
31.92,82.35,2919,4.7,MEDIUM
32.13,72.6,2048,3.22,LOW
31.21,62.27,2687,4.71,MEDIUM
33.18,72.74,2019,3.26,LOW
32.21,77.28,1257,1.59,LOW
29.73,78.59,2685,1.36,LOW
27.82,81.0,3000,1.33,MEDIUM
29.81,93.05,2562,2.99,MEDIUM
32.97,66.84,3591,0.76,MEDIUM
31.15,79.5,863,1.08,LOW
27.74,82.09,1831,0.1,LOW
32.3,92.94,3188,1.3,MEDIUM
33.59,67.75,3303,1.36,MEDIUM
27.33,80.67,4056,0.69,MEDIUM
28.98,84.6,1919,3.41,LOW
32.55,78.17,2476,2.21,MEDIUM
28.47,82.41,1918,5.69,MEDIUM
29.28,88.74,2811,4.74,MEDIUM
30.51,81.7,2368,2.86,MEDIUM
27.71,68.08,2599,0.89,LOW
25.04,73.94,2677,3.76,LOW
27.39,74.33,2892,3.33,LOW
32.63,75.05,2124,0.91,LOW
31.57,78.32,3239,1.08,MEDIUM
28.11,84.88,2785,1.91,MEDIUM
27.73,94.41,2073,5.12,MEDIUM
33.82,69.64,2819,0.86,LOW
31.24,75.71,2341,2.74,LOW
30.21,78.24,1507,1.69,LOW
31.83,74.46,2087,3.39,LOW
26.02,90.61,1525,0.96,LOW
29.67,79.55,2147,0.7,LOW
27.66,83.68,1431,3.07,LOW
30.8,84.57,3606,1.09,MEDIUM
28.24,72.65,1531,1.46,LOW
32.95,84.12,3662,1.13,MEDIUM
29.71,87.51,2301,2.13,MEDIUM
28.59,78.15,2974,6.05,MEDIUM
24.0,77.22,2963,0.56,LOW
25.82,85.6,1852,0.45,LOW
30.98,75.57,4009,1.13,MEDIUM
30.75,92.96,1533,1.68,LOW
29.38,80.1,2581,1.33,LOW
28.22,70.01,3262,0.11,LOW
29.89,94.56,2098,1.07,LOW
29.42,94.07,2167,0.73,LOW
26.33,67.8,2427,0.99,LOW
28.63,75.9,3247,2.25,MEDIUM
27.85,69.74,2997,4.32,MEDIUM
29.64,80.97,1652,3.02,LOW
27.07,76.91,900,1.0,LOW
30.13,84.05,2101,0.46,LOW
27.59,95.89,2844,0.78,MEDIUM
30.34,72.13,1842,6.05,LOW
30.22,86.29,2690,1.22,MEDIUM
28.44,71.8,3535,3.56,MEDIUM
31.84,70.22,1747,4.17,LOW
29.49,89.5,2727,0.1,MEDIUM
33.45,75.35,3101,4.28,MEDIUM
29.61,83.61,2993,0.88,MEDIUM
30.84,73.72,2538,1.33,LOW
29.29,77.74,2685,1.53,LOW
30.23,84.17,2325,1.1,LOW
27.72,68.14,1304,4.98,LOW
30.51,72.98,3335,3.62,MEDIUM
30.15,82.01,2894,2.19,MEDIUM
28.68,86.36,1840,1.31,LOW
31.64,76.09,2041,0.2,LOW
28.88,72.14,3755,2.59,MEDIUM
29.49,69.53,3329,2.22,MEDIUM
32.44,73.77,2850,2.44,MEDIUM
32.07,81.36,2492,2.13,MEDIUM
27.09,87.58,2850,0.74,LOW
34.53,89.97,1605,3.02,MEDIUM
30.49,98.0,3842,1.44,MEDIUM
28.21,73.26,2703,6.57,MEDIUM
30.61,66.45,1695,0.79,LOW
27.29,85.41,2486,5.55,MEDIUM
26.97,85.75,3444,1.37,MEDIUM
30.48,66.7,3511,0.57,MEDIUM
29.05,90.13,2516,0.57,LOW
33.93,81.31,4095,11.28,HIGH
31.7,64.08,3953,5.18,MEDIUM
29.47,67.76,2582,1.16,LOW
32.16,70.83,1915,3.87,LOW
28.08,78.0,3478,7.74,MEDIUM
29.6,81.96,4079,6.98,HIGH
25.57,86.87,2347,0.23,LOW
26.04,79.03,2160,2.61,LOW
27.62,93.95,1852,2.62,LOW
26.33,68.55,3044,0.95,LOW
35.03,81.71,2826,0.57,MEDIUM
31.86,84.05,2414,2.08,MEDIUM
24.11,88.0,2697,2.04,LOW
30.69,84.28,2658,2.98,MEDIUM
31.24,78.64,1880,4.49,LOW
29.7,71.51,2317,2.91,LOW
31.52,90.33,3458,3.01,MEDIUM
29.39,52.15,2454,5.19,LOW
36.0,91.44,944,0.3,LOW
27.86,81.19,2510,3.37,LOW
30.96,83.03,2778,0.51,MEDIUM
28.73,83.37,2240,5.35,MEDIUM
29.07,80.56,2751,1.09,LOW
30.53,89.02,1429,0.82,LOW
29.2,77.63,1592,1.43,LOW
30.64,76.29,2961,1.53,MEDIUM
31.35,70.99,1820,8.12,MEDIUM
31.43,86.38,3010,4.3,MEDIUM
25.65,71.57,1385,1.95,LOW
27.42,62.89,3334,3.31,LOW
31.06,89.69,1496,2.33,LOW
26.04,79.43,3099,5.34,MEDIUM
31.62,89.68,2553,1.04,MEDIUM
30.49,69.41,1014,1.78,LOW
31.13,80.94,2204,1.12,LOW
30.06,88.22,2995,0.7,MEDIUM
29.74,73.66,2704,6.88,MEDIUM
31.7,72.7,2151,0.85,LOW
28.24,77.09,2682,1.17,LOW
30.14,74.62,2630,3.83,MEDIUM
26.24,81.03,2129,3.04,LOW
30.98,67.21,2647,0.5,LOW
29.84,92.67,1934,6.45,MEDIUM
28.65,75.22,3097,4.31,MEDIUM
29.61,96.49,2055,3.32,MEDIUM
24.63,81.63,3042,3.16,MEDIUM
31.27,80.39,3334,2.88,MEDIUM
31.7,84.08,1871,0.96,LOW
29.63,92.26,1889,6.34,MEDIUM
28.58,84.13,2148,0.93,LOW
30.21,87.85,1520,0.99,LOW
31.46,75.35,2309,1.17,LOW
31.43,73.53,3228,2.18,MEDIUM
27.08,77.41,2835,1.18,LOW
24.0,59.97,1807,5.6,LOW
33.31,62.24,4095,4.98,MEDIUM
28.37,82.13,1823,2.73,LOW
32.37,75.35,4050,1.04,MEDIUM
29.22,88.58,1744,1.53,LOW
28.06,75.42,2478,3.38,LOW
31.45,86.26,3559,3.47,MEDIUM
28.32,84.05,3138,1.39,MEDIUM
31.27,56.16,3142,0.57,LOW
29.04,77.23,2276,2.27,LOW
27.81,84.12,3000,1.07,MEDIUM
32.55,79.43,809,0.07,LOW
29.35,70.28,1897,1.09,LOW
29.14,80.33,2709,1.17,LOW
30.55,81.87,3170,2.88,MEDIUM
28.47,59.89,2076,2.22,LOW
28.27,90.82,3427,6.64,MEDIUM
28.66,68.89,1718,2.11,LOW
34.75,88.26,3465,4.36,MEDIUM
31.26,86.53,1903,1.77,LOW
28.15,80.55,1556,0.36,LOW
30.33,85.72,2325,0.14,LOW
27.41,82.35,1507,3.28,LOW
27.94,85.09,2276,4.44,MEDIUM
25.34,83.63,2398,1.68,LOW
26.61,83.93,3066,0.96,LOW
24.59,86.46,2968,2.12,MEDIUM
28.21,93.38,1817,1.93,LOW
30.01,91.73,2318,0.58,LOW
30.4,74.17,1821,1.87,LOW
30.89,62.85,2045,0.55,LOW
34.13,75.0,1917,3.23,LOW
31.26,70.6,3722,1.27,MEDIUM
32.71,75.99,3340,0.93,MEDIUM
31.52,98.0,500,1.06,LOW
28.26,88.58,2653,0.16,LOW
33.67,82.0,2850,2.69,MEDIUM
30.94,77.4,2704,10.62,MEDIUM
30.86,77.77,2316,1.1,LOW
28.42,76.46,3977,0.95,MEDIUM
31.78,85.63,3075,0.33,MEDIUM
34.29,79.91,3450,3.73,MEDIUM
34.71,78.15,1428,6.14,MEDIUM
27.14,79.46,2255,4.27,LOW
24.87,94.45,2307,0.48,LOW
28.27,88.18,1482,2.47,LOW
31.39,81.04,2601,8.73,MEDIUM
28.7,95.45,1372,3.25,LOW
28.27,79.67,3684,0.69,MEDIUM
31.29,77.68,1646,2.11,LOW
26.24,82.37,1285,3.61,LOW
26.08,75.22,2296,3.16,LOW
31.21,87.25,3859,7.94,HIGH
27.01,82.04,2445,0.95,LOW
27.42,86.3,748,0.95,LOW
31.73,73.42,3811,1.23,MEDIUM
29.81,78.09,1646,2.0,LOW
25.41,75.53,2113,1.62,LOW
31.07,90.49,1146,2.79,LOW
28.71,71.48,2536,1.51,LOW
31.34,74.67,2580,1.64,LOW
33.39,71.25,1090,2.33,LOW
28.83,77.02,2626,4.49,MEDIUM
25.34,77.65,2028,9.53,MEDIUM
27.2,66.01,2153,15.36,MEDIUM
32.73,88.6,3697,4.87,HIGH
32.03,79.62,3347,1.62,MEDIUM
29.91,81.04,2010,1.97,LOW
26.38,88.67,1730,0.38,LOW
32.1,77.82,2831,2.75,MEDIUM
28.88,68.69,2715,0.77,LOW
29.64,87.64,2989,9.66,MEDIUM
31.59,73.94,1831,3.07,LOW
27.83,78.43,4095,8.29,HIGH
27.15,71.17,1457,6.59,LOW
27.72,80.67,2919,1.67,LOW
31.39,69.79,3382,3.15,MEDIUM
30.92,69.97,3024,2.35,MEDIUM
30.42,75.01,2276,10.06,MEDIUM
27.48,66.99,1401,4.54,LOW
30.95,77.54,2858,4.14,MEDIUM
30.5,80.66,2750,1.95,MEDIUM
25.58,75.87,3334,0.87,LOW
29.35,79.52,2406,2.56,LOW
31.67,67.82,1749,3.36,LOW
28.73,79.4,1507,1.55,LOW
26.91,83.92,3634,3.31,MEDIUM
27.55,79.22,2117,13.0,MEDIUM
32.88,69.34,2983,1.76,MEDIUM
28.68,80.63,2904,5.14,MEDIUM
30.71,75.13,3070,0.28,LOW
28.03,66.42,2052,0.76,LOW
31.28,92.17,1892,4.82,MEDIUM
31.33,81.14,2505,5.34,MEDIUM
29.75,77.17,3579,0.46,MEDIUM
30.7,83.58,2751,3.16,MEDIUM
28.18,75.28,2602,6.38,MEDIUM
30.5,83.97,2527,1.86,MEDIUM
28.91,73.51,2311,0.52,LOW
30.35,98.0,1906,1.91,MEDIUM
25.41,74.47,1976,2.85,LOW
33.97,67.8,2313,1.53,LOW
26.31,86.02,3440,0.62,MEDIUM
29.76,65.97,2644,2.75,LOW
30.38,75.91,3446,0.88,MEDIUM
28.46,70.26,3572,2.35,MEDIUM
32.81,81.01,2364,3.89,MEDIUM
30.24,73.94,3930,3.52,MEDIUM
30.46,73.68,2597,1.36,LOW
32.41,83.86,2058,0.96,LOW
28.53,79.03,2645,1.48,LOW
33.23,85.53,1184,2.23,LOW
27.33,83.38,2515,7.19,MEDIUM
30.77,76.85,1199,0.44,LOW
29.95,95.15,2539,0.01,MEDIUM
30.23,70.33,1637,1.35,LOW
29.73,80.48,2692,2.39,MEDIUM
30.06,76.96,2028,2.04,LOW
35.27,88.29,2900,1.32,MEDIUM
28.2,92.3,1248,1.13,LOW
29.07,71.3,2337,1.03,LOW
31.0,85.55,3234,6.06,MEDIUM
32.19,70.29,1244,0.63,LOW
32.2,83.32,1899,0.63,LOW
24.38,88.09,1688,4.23,LOW
34.0,81.25,2448,0.8,MEDIUM
27.18,82.45,3194,1.67,MEDIUM
34.36,75.71,3085,4.62,MEDIUM
26.83,72.15,2046,1.19,LOW
32.02,93.69,3875,5.86,HIGH
32.07,70.61,2550,5.3,MEDIUM
36.0,80.0,2355,1.48,MEDIUM
28.32,75.46,2255,8.2,MEDIUM
30.04,79.15,2860,12.2,HIGH
27.69,65.54,2062,0.52,LOW
27.94,86.76,2731,1.32,MEDIUM
30.59,74.75,2751,11.47,MEDIUM
27.58,65.1,2827,0.73,LOW
30.59,74.23,3085,0.31,LOW
29.71,77.85,1874,0.52,LOW
31.84,90.04,2203,2.79,MEDIUM
28.13,73.99,3315,3.49,MEDIUM
24.73,98.0,535,11.19,MEDIUM
32.7,91.86,2137,2.42,MEDIUM
31.7,87.43,1016,1.94,LOW
27.66,71.92,1501,1.3,LOW
29.04,78.27,500,6.12,LOW
35.91,70.73,3223,0.43,MEDIUM
31.09,74.26,2422,6.1,MEDIUM
29.26,80.18,2454,1.22,LOW
27.72,72.96,2714,8.14,MEDIUM
25.5,83.27,3420,2.5,MEDIUM
29.16,75.18,2941,1.86,LOW
32.69,86.35,2069,7.83,MEDIUM
28.86,69.85,1398,2.4,LOW
28.33,92.05,2770,10.3,MEDIUM
32.57,87.11,2868,0.04,MEDIUM
29.07,84.82,2610,7.18,MEDIUM
28.91,85.12,1933,2.34,LOW
30.15,76.5,3722,1.46,MEDIUM
30.66,87.01,2650,3.63,MEDIUM
29.68,83.31,1704,2.67,LOW
31.93,58.77,3286,3.44,MEDIUM
30.0,82.21,2545,6.95,MEDIUM
31.31,82.65,3407,1.42,MEDIUM
29.91,76.17,2331,2.17,LOW
29.23,85.33,2969,0.26,MEDIUM
30.51,71.29,2920,0.9,LOW
29.39,84.54,1132,1.46,LOW
31.69,78.47,2536,0.53,LOW
34.92,86.36,3124,2.54,MEDIUM
30.45,95.31,2252,0.62,MEDIUM
32.24,91.4,1192,1.22,LOW
31.22,83.23,1516,5.02,LOW
29.19,76.43,1965,2.18,LOW
25.72,74.33,2938,2.89,LOW
31.32,81.47,2580,4.08,MEDIUM
30.97,94.08,3180,0.17,MEDIUM
29.02,75.94,2822,0.4,LOW
26.7,88.49,960,0.47,LOW
28.88,89.98,1602,1.96,LOW
27.68,73.97,3013,1.32,LOW
26.91,81.17,3097,6.82,MEDIUM
31.99,74.27,2310,2.53,LOW
27.6,86.48,2170,1.59,LOW
31.37,89.86,1394,2.38,LOW
31.78,91.24,3282,2.82,MEDIUM
30.08,79.48,1826,1.03,LOW
27.96,71.54,1626,2.86,LOW
31.13,84.62,1194,4.44,LOW
29.89,87.76,3104,3.54,MEDIUM
30.41,68.63,3146,2.26,MEDIUM
31.4,74.52,3607,6.64,MEDIUM
26.78,88.68,2339,0.56,LOW
32.28,77.27,2400,4.84,MEDIUM
31.61,71.04,3433,2.08,MEDIUM
34.38,87.27,1953,4.64,MEDIUM
28.95,81.31,3394,4.64,MEDIUM
27.38,76.13,2472,3.28,LOW
27.47,72.43,2033,0.88,LOW
30.62,83.95,3617,0.82,MEDIUM
31.4,73.4,3475,4.1,MEDIUM
28.47,78.07,2194,0.33,LOW
28.85,83.45,2668,3.08,MEDIUM
26.1,86.31,1397,4.06,LOW
32.39,86.96,1829,0.63,LOW
30.22,92.13,2229,6.46,MEDIUM
30.08,78.56,2581,2.66,MEDIUM
29.43,86.96,1990,1.55,LOW
28.77,65.89,3124,2.45,LOW
31.18,70.83,2482,2.72,LOW
34.07,74.58,1985,0.09,LOW
33.28,72.29,2333,0.63,LOW
33.54,81.01,1291,2.11,LOW
27.2,85.74,2943,7.13,MEDIUM
28.36,92.68,4095,1.16,MEDIUM
35.27,67.29,2481,7.44,MEDIUM
31.97,79.93,1748,2.0,LOW
31.51,73.08,2157,9.04,MEDIUM
32.95,84.67,2673,4.08,MEDIUM
28.28,82.57,1941,5.18,LOW
29.56,57.02,3024,5.94,MEDIUM
33.19,92.92,750,0.2,LOW
29.59,73.95,2154,1.73,LOW
27.77,89.06,2178,2.71,LOW
31.28,88.51,3547,3.06,MEDIUM
28.69,60.24,1568,1.09,LOW
28.9,65.46,1653,6.32,LOW
34.03,73.29,2065,0.52,LOW
28.63,97.53,1838,3.05,MEDIUM
26.02,78.64,2093,3.08,LOW
36.0,73.54,3543,2.8,MEDIUM
26.79,89.97,1864,0.44,LOW
29.34,79.61,2182,0.76,LOW
28.52,76.4,2380,3.18,LOW
29.93,60.51,1772,1.53,LOW
33.65,75.32,1904,1.67,LOW
32.51,98.0,1023,0.7,LOW
29.63,83.0,2649,2.95,MEDIUM
25.38,82.77,1511,5.93,LOW
32.84,98.0,1476,3.82,MEDIUM
26.78,80.8,2746,0.52,LOW
31.3,76.3,1067,2.36,LOW
30.52,77.24,2891,1.77,MEDIUM
32.46,96.72,3158,4.09,MEDIUM
33.63,78.02,3913,0.74,MEDIUM
32.12,75.67,1700,1.13,LOW
28.23,74.77,1749,3.06,LOW
27.23,92.09,2971,2.48,MEDIUM
26.77,96.12,2063,3.51,MEDIUM
27.15,75.15,2982,1.4,LOW
32.11,81.37,3127,6.98,MEDIUM
27.75,81.8,2267,1.73,LOW
29.6,77.28,2160,0.47,LOW
30.41,94.47,1228,1.78,LOW
26.52,71.86,500,5.58,LOW
28.06,93.87,2715,7.24,MEDIUM
31.91,61.86,4095,1.35,MEDIUM
31.13,69.88,2647,3.53,MEDIUM
26.5,71.94,1669,6.85,LOW
27.68,84.3,1758,3.42,LOW
32.13,67.56,3362,3.02,MEDIUM
26.98,79.91,2486,1.39,LOW
27.31,62.63,3776,2.48,MEDIUM
27.97,89.48,2538,3.83,MEDIUM
29.9,93.82,604,3.41,LOW
31.65,87.61,2263,8.92,MEDIUM
30.68,83.66,1803,1.62,LOW
27.3,87.05,3304,3.06,MEDIUM
33.29,57.18,1783,1.85,LOW
28.54,67.07,1950,3.23,LOW
29.85,98.0,2312,2.93,MEDIUM
30.12,91.78,2053,0.36,LOW
29.62,84.91,1939,1.41,LOW
30.12,72.41,1753,3.48,LOW
29.78,81.73,2162,1.07,LOW
33.71,82.52,2027,9.89,MEDIUM
29.78,96.11,3166,4.64,MEDIUM
30.96,76.22,2928,5.68,MEDIUM
27.05,91.05,2756,1.59,MEDIUM
28.82,89.52,3480,2.28,MEDIUM
31.03,96.52,2230,0.23,MEDIUM
29.79,98.0,3085,0.89,MEDIUM
28.2,66.91,2174,3.62,LOW
29.72,96.61,2175,4.69,MEDIUM
26.47,80.29,3000,9.48,MEDIUM
31.36,80.93,2507,1.21,LOW
30.99,76.41,2846,2.18,MEDIUM
26.26,90.87,3316,3.58,MEDIUM
27.21,81.69,2381,5.13,MEDIUM
34.91,72.89,2394,2.4,MEDIUM
29.86,83.55,2874,1.17,MEDIUM
28.54,78.99,1399,1.08,LOW
28.81,81.03,1582,1.7,LOW
32.38,75.93,2619,3.58,MEDIUM
29.11,66.79,3847,1.26,MEDIUM
32.86,82.69,3024,1.08,MEDIUM
30.28,90.12,1574,0.2,LOW
28.55,79.59,1326,1.37,LOW
30.42,83.99,1418,1.14,LOW
32.34,72.27,3749,0.41,MEDIUM
29.91,98.0,2695,1.03,MEDIUM
28.87,72.45,2077,1.83,LOW
33.28,73.41,2654,3.39,MEDIUM
29.15,74.21,3299,1.61,MEDIUM
27.88,76.7,4095,4.06,MEDIUM
30.71,83.38,3574,0.37,MEDIUM
28.67,95.08,1968,6.62,MEDIUM
29.29,82.39,1851,2.9,LOW
29.67,66.79,2456,1.64,LOW
27.19,76.1,4095,3.11,MEDIUM
33.01,83.13,3021,4.62,MEDIUM
28.07,77.77,1998,3.82,LOW
35.66,70.27,2677,2.77,MEDIUM
30.68,87.69,2270,1.89,MEDIUM
29.07,81.66,2887,4.54,MEDIUM
30.66,78.89,1882,4.95,LOW
28.08,85.97,2834,1.98,MEDIUM
28.12,89.1,2895,5.14,MEDIUM
28.6,67.58,2394,2.83,LOW
29.36,86.27,1460,1.09,LOW
33.66,82.57,2062,4.06,MEDIUM
31.23,83.69,3649,1.45,MEDIUM
27.31,91.84,2821,3.0,MEDIUM
33.78,88.48,1830,1.32,LOW
31.14,74.7,2855,1.45,MEDIUM
29.74,91.16,2218,2.28,MEDIUM
33.5,93.27,2279,0.38,MEDIUM
31.47,72.12,1538,6.0,LOW
30.97,71.28,2643,2.69,LOW
32.35,69.08,3110,0.07,LOW
28.26,89.93,3014,2.6,MEDIUM
31.46,77.29,2191,0.63,LOW
28.26,88.88,2501,2.2,MEDIUM
27.95,94.12,1746,2.83,LOW
27.85,95.34,1904,3.05,LOW
27.76,75.64,1344,0.78,LOW
30.43,71.49,2551,1.79,LOW
27.97,94.07,3024,5.09,MEDIUM
29.48,98.0,3366,1.66,MEDIUM
27.52,79.02,2133,1.84,LOW
29.5,84.95,2915,2.76,MEDIUM
28.34,83.15,3823,5.63,MEDIUM
30.34,72.69,2953,2.68,MEDIUM
33.38,73.62,2329,3.34,MEDIUM
29.32,71.91,2060,0.98,LOW
29.58,82.66,1843,2.7,LOW
28.88,92.37,3691,2.63,MEDIUM
31.32,82.66,2674,2.05,MEDIUM
27.61,89.1,1486,1.57,LOW
28.72,67.89,3405,6.38,MEDIUM
28.06,82.38,1596,5.36,LOW
31.66,70.92,1825,1.11,LOW
27.76,92.05,3870,3.17,MEDIUM
31.8,97.87,1715,1.96,MEDIUM
32.97,86.78,1552,2.56,LOW
31.12,70.69,3460,1.5,MEDIUM
31.23,67.27,3045,2.63,MEDIUM
30.25,75.4,2679,2.1,LOW
31.16,55.53,960,3.64,LOW
30.29,89.39,2694,2.24,MEDIUM
34.6,68.49,3070,5.57,MEDIUM
26.87,73.96,2529,2.41,LOW
29.78,94.74,2323,6.36,MEDIUM
30.54,81.45,3197,4.22,MEDIUM
28.81,74.78,2279,1.26,LOW
33.61,92.48,1627,0.04,LOW
27.45,90.71,1887,6.39,MEDIUM
28.04,64.31,3481,2.46,MEDIUM
28.56,78.89,2150,1.6,LOW
27.8,74.31,3440,6.6,MEDIUM
31.67,79.88,2367,0.2,LOW
28.92,78.2,1725,5.3,LOW
31.17,88.05,1347,2.31,LOW
31.59,77.2,2593,0.72,LOW
33.37,90.54,2090,1.47,MEDIUM
29.39,93.16,2744,0.61,MEDIUM
33.57,92.12,4042,1.4,MEDIUM
27.81,89.34,2355,0.4,LOW
33.26,98.0,2425,2.13,MEDIUM
31.78,89.6,2374,6.86,MEDIUM
31.1,74.47,2181,1.89,LOW
28.95,76.46,2244,2.29,LOW
30.08,62.13,2339,5.37,LOW
31.11,90.77,3881,2.13,MEDIUM
30.14,71.73,2608,2.68,LOW
32.49,75.7,3769,1.73,MEDIUM
30.28,88.7,3083,5.09,MEDIUM
30.84,74.5,2738,1.19,LOW
30.5,74.89,2642,0.5,LOW
29.62,79.67,3154,0.18,MEDIUM
30.67,87.71,2404,2.66,MEDIUM
27.1,80.35,2469,2.55,LOW
28.73,87.22,637,6.15,LOW
29.18,80.16,2424,0.94,LOW
29.04,71.68,3900,2.44,MEDIUM
32.58,71.99,2138,0.91,LOW
26.99,75.65,1643,5.18,LOW
31.33,75.4,4095,1.71,MEDIUM
27.49,67.7,3073,1.09,LOW
33.19,69.41,3194,2.74,MEDIUM
31.7,80.99,2706,5.48,MEDIUM
31.41,76.03,705,1.64,LOW
30.78,66.95,959,0.07,LOW
29.67,81.61,1843,1.3,LOW
30.96,84.84,2042,0.7,LOW
31.83,85.09,2950,7.16,MEDIUM
31.3,97.8,2212,1.29,MEDIUM
30.74,82.23,2339,2.66,MEDIUM
27.53,78.83,2682,6.84,MEDIUM
33.26,84.32,3630,2.59,MEDIUM
31.94,94.7,2574,0.51,MEDIUM
28.62,98.0,2700,3.89,MEDIUM
31.41,91.81,3085,1.4,MEDIUM
29.38,72.5,2104,0.22,LOW
30.97,61.73,2933,0.22,LOW
26.83,75.54,3381,1.16,LOW
28.58,78.06,2267,1.68,LOW
27.42,70.15,2034,1.59,LOW
33.56,87.51,1542,0.44,LOW
29.39,71.03,1968,0.83,LOW
26.49,97.81,4095,3.32,MEDIUM
32.83,91.54,1945,4.24,MEDIUM
31.7,75.42,2756,2.24,MEDIUM
28.57,66.21,2581,3.45,LOW
32.1,88.55,3781,1.54,MEDIUM
28.43,72.2,2861,2.32,LOW
27.64,89.8,3368,0.65,MEDIUM
31.29,73.14,2023,1.73,LOW
32.19,73.5,2642,1.74,LOW
28.12,68.88,2112,2.35,LOW
27.98,78.13,3610,5.64,MEDIUM
33.56,84.64,3740,2.61,MEDIUM
30.98,78.35,1859,2.45,LOW
29.61,75.84,2968,6.31,MEDIUM
29.08,75.85,2327,1.86,LOW
31.53,77.83,1787,2.8,LOW
32.01,81.03,1739,5.22,MEDIUM
31.14,80.14,2794,1.55,MEDIUM
30.72,70.3,2165,1.28,LOW
30.44,89.46,2729,3.34,MEDIUM
26.72,79.26,2522,2.04,LOW
29.14,84.92,2672,0.11,LOW
29.63,78.66,1323,0.93,LOW
31.93,80.92,1481,1.01,LOW
33.88,78.75,3351,2.64,MEDIUM
30.52,70.84,3617,7.09,MEDIUM
25.33,87.11,3228,8.84,MEDIUM
30.7,70.98,2078,4.97,LOW
32.72,70.63,2247,4.33,MEDIUM
30.37,76.79,3182,5.73,MEDIUM
32.45,75.0,1789,0.04,LOW
30.41,82.73,2975,4.09,MEDIUM
26.44,77.95,2479,0.57,LOW
32.11,82.35,2559,1.32,MEDIUM
29.23,91.55,1757,4.56,MEDIUM
30.6,83.68,3338,6.46,MEDIUM
29.44,80.11,1936,0.98,LOW
30.2,84.5,1992,6.97,MEDIUM
32.08,66.88,1872,6.11,LOW
28.3,87.64,2168,1.45,LOW
31.18,87.22,2742,2.22,MEDIUM
31.85,85.31,2011,0.2,LOW
28.33,85.39,1582,1.67,LOW
32.5,68.1,2219,0.51,LOW
30.2,81.46,500,0.65,LOW
30.84,87.45,4095,2.25,MEDIUM
33.2,80.1,3294,1.68,MEDIUM
26.82,80.48,2052,0.59,LOW
30.12,76.04,1550,1.54,LOW
28.18,83.94,1768,1.44,LOW
33.97,80.15,1586,11.46,MEDIUM
31.75,70.23,1794,1.18,LOW
32.23,73.83,2836,0.76,LOW
31.04,66.03,2852,0.86,LOW
30.12,85.72,3101,5.39,MEDIUM
30.5,72.71,1107,1.58,LOW
34.72,66.74,3055,2.07,MEDIUM
27.83,80.8,2331,6.66,MEDIUM
31.74,63.46,2034,1.22,LOW
28.46,90.5,2290,1.06,LOW
29.06,92.26,3431,0.71,MEDIUM
32.94,74.88,3423,2.87,MEDIUM
32.55,86.74,2998,1.04,MEDIUM
29.72,80.75,1486,0.8,LOW
29.14,61.01,2546,3.21,LOW
28.88,81.19,1978,3.12,LOW
29.43,75.81,2635,1.44,LOW
29.96,76.43,2246,1.19,LOW
30.94,88.16,2135,6.74,MEDIUM
29.77,80.17,2875,3.18,MEDIUM
31.73,81.51,2406,5.18,MEDIUM
31.38,81.53,2263,4.47,MEDIUM
24.81,75.64,2333,1.6,LOW
28.98,98.0,1989,0.51,LOW
31.19,78.14,2963,1.25,MEDIUM
29.39,77.74,2014,0.62,LOW
30.84,77.01,2687,1.75,LOW
26.96,73.64,2748,2.41,LOW
26.4,74.79,3105,3.95,MEDIUM
27.78,85.29,2434,1.91,LOW
33.2,67.4,2205,2.4,LOW
28.81,87.95,1781,1.53,LOW
36.0,68.28,2500,2.44,MEDIUM
28.61,85.67,3123,3.08,MEDIUM
30.95,90.04,1570,4.48,MEDIUM
26.08,75.35,3152,2.9,MEDIUM
32.01,71.43,1894,0.42,LOW
31.28,81.47,2343,1.59,LOW
32.0,84.38,2040,3.17,MEDIUM
27.59,73.87,2694,9.07,MEDIUM
30.13,96.91,1856,2.5,MEDIUM
32.6,98.0,2191,7.0,MEDIUM
28.95,95.33,2529,1.28,MEDIUM
29.43,91.99,2544,6.15,MEDIUM
28.09,97.67,1906,2.93,MEDIUM
28.12,79.96,3008,5.91,MEDIUM
28.52,70.26,1832,0.42,LOW
30.0,91.19,2263,0.37,LOW
30.91,81.55,1518,1.45,LOW
32.86,83.53,2020,0.51,LOW
28.84,98.0,3267,1.34,MEDIUM
30.13,71.44,3743,1.83,MEDIUM
32.37,78.96,2761,0.75,MEDIUM
34.43,69.48,2281,2.43,LOW
27.38,77.78,2139,0.1,LOW
32.27,85.83,3062,2.25,MEDIUM
31.96,61.97,3878,4.0,MEDIUM
27.75,77.03,2554,5.99,MEDIUM
29.17,79.18,3367,0.9,MEDIUM
28.83,96.76,2744,4.16,MEDIUM
30.21,84.51,2748,2.62,MEDIUM
30.69,80.54,2568,3.23,MEDIUM
28.57,72.72,1917,0.55,LOW
34.39,76.09,2563,0.39,LOW
28.27,98.0,2756,0.61,MEDIUM
31.03,87.76,1391,3.42,LOW
25.46,77.5,2329,11.5,MEDIUM
29.09,76.38,1142,5.35,LOW
31.61,63.68,2878,2.52,LOW
30.99,80.51,1442,0.72,LOW
29.86,67.07,2606,6.64,MEDIUM
32.58,69.38,1884,3.24,LOW
30.79,56.09,2804,2.4,LOW
29.11,85.64,2295,0.58,LOW
31.76,74.04,2366,17.97,HIGH
30.18,80.82,3170,0.7,MEDIUM
28.31,86.7,3043,2.77,MEDIUM
29.89,91.5,2667,1.14,MEDIUM
31.54,70.25,3219,0.29,LOW
35.08,59.28,1643,3.08,LOW
28.96,84.78,2437,5.42,MEDIUM
32.38,83.73,2296,0.83,LOW
28.36,83.3,2807,1.84,MEDIUM
29.95,75.03,2466,3.34,LOW
30.54,97.67,1764,2.09,MEDIUM
32.04,93.15,3241,1.86,MEDIUM
27.91,76.28,1825,6.68,LOW
27.58,69.62,4095,0.69,MEDIUM
32.78,85.99,2131,2.15,MEDIUM
30.0,67.95,2588,0.16,LOW
30.85,70.93,2057,4.01,LOW
31.97,74.89,2141,1.23,LOW
28.84,74.01,2973,5.57,MEDIUM
31.88,83.99,3507,12.75,HIGH
30.51,88.68,2944,3.06,MEDIUM
30.69,86.61,998,1.97,LOW
28.75,86.95,1842,3.34,LOW
30.11,60.18,2756,3.5,LOW
34.65,77.94,654,3.37,LOW
27.18,87.49,2132,1.24,LOW
29.29,72.63,2397,9.04,MEDIUM
31.0,60.2,2396,7.4,MEDIUM
25.52,86.25,2563,0.94,LOW
32.64,78.34,1913,6.62,MEDIUM
27.03,77.58,2367,9.95,MEDIUM
32.43,84.9,2118,1.25,LOW
25.91,71.83,2714,1.34,LOW
31.54,74.59,1814,0.46,LOW
27.77,91.04,2902,5.92,MEDIUM
30.72,80.46,2442,3.22,MEDIUM
34.56,75.8,2666,3.44,MEDIUM
32.41,81.15,3157,2.47,MEDIUM
27.76,71.99,2037,2.25,LOW
34.8,82.98,2926,0.36,MEDIUM
28.89,79.28,1854,0.71,LOW
28.74,71.68,1615,6.91,LOW
31.42,77.82,1911,0.49,LOW
28.22,95.74,2012,1.91,LOW
31.36,75.99,2143,3.1,LOW
30.45,81.79,2608,3.14,MEDIUM
28.15,76.32,3068,3.77,MEDIUM
32.59,77.19,2904,4.81,MEDIUM
30.04,72.68,3182,3.45,MEDIUM
28.95,81.62,3018,5.8,MEDIUM
35.91,94.55,1280,6.04,MEDIUM
28.53,83.02,2804,3.18,MEDIUM
32.36,82.72,2291,5.59,MEDIUM
29.95,80.42,2920,4.93,MEDIUM
29.24,83.79,2768,3.08,MEDIUM
29.2,66.98,2438,2.27,LOW
31.85,76.37,1522,0.65,LOW
26.44,85.67,3077,2.18,MEDIUM
33.72,80.12,3435,1.13,MEDIUM
29.82,82.2,2288,2.04,LOW
29.89,79.59,3132,0.89,MEDIUM
33.33,77.78,2149,0.58,LOW
29.96,86.75,3701,1.46,MEDIUM
29.43,76.16,2528,1.27,LOW
31.36,63.99,771,2.84,LOW
32.35,69.03,2552,1.14,LOW
30.79,88.69,2829,2.3,MEDIUM
32.85,78.4,2951,4.2,MEDIUM
28.95,79.5,1806,0.48,LOW
29.55,80.73,3415,1.8,MEDIUM
30.56,68.07,3344,1.69,MEDIUM
30.22,62.27,2488,5.25,LOW
34.42,92.23,2467,0.15,MEDIUM
26.91,94.01,1888,3.69,LOW
30.42,95.15,2782,2.24,MEDIUM
26.93,81.16,2960,6.16,MEDIUM
27.33,98.0,2601,4.89,MEDIUM
28.1,94.37,3303,0.05,MEDIUM
26.07,85.97,2156,2.72,LOW
29.49,86.35,1593,1.06,LOW
29.23,81.86,2449,7.59,MEDIUM
28.05,73.51,2890,1.76,LOW
27.5,71.22,2308,2.67,LOW
27.33,65.41,2666,2.83,LOW
30.67,73.37,1717,1.88,LOW
30.66,72.89,1816,1.23,LOW
31.49,78.38,2338,0.52,LOW
29.31,77.06,4023,4.49,MEDIUM
33.44,75.81,2162,8.07,MEDIUM
32.63,75.51,3436,0.75,MEDIUM
29.96,75.24,2098,3.24,LOW
30.67,79.96,3147,0.51,MEDIUM
28.37,77.44,2277,2.8,LOW
31.36,85.83,2879,0.47,MEDIUM
31.52,81.96,1598,3.91,LOW
29.05,73.42,2176,3.47,LOW
29.01,78.12,3431,0.39,MEDIUM
30.49,81.08,2994,9.09,MEDIUM
28.56,73.29,2389,0.05,LOW
29.9,64.75,3651,4.44,MEDIUM
31.12,87.82,2750,0.37,MEDIUM
32.26,79.34,1916,10.16,MEDIUM
31.45,75.2,3269,2.02,MEDIUM
33.38,85.86,2862,6.22,MEDIUM
29.92,88.26,3387,1.21,MEDIUM
30.21,65.48,3278,1.58,LOW
32.03,75.6,1486,1.68,LOW
33.95,61.6,974,2.42,LOW
29.14,64.52,2313,4.26,LOW
34.5,81.79,2338,1.58,MEDIUM
29.41,74.74,2332,0.79,LOW
29.53,77.8,1737,1.33,LOW
31.33,72.64,2008,0.46,LOW
30.95,75.85,3150,4.79,MEDIUM
32.0,77.9,2218,0.38,LOW
28.47,75.16,2349,6.31,MEDIUM
30.25,66.73,2309,1.85,LOW
31.35,91.38,2539,4.91,MEDIUM
36.0,77.21,1925,1.68,LOW
31.81,78.23,2125,1.17,LOW
29.59,81.71,2854,9.04,MEDIUM
33.43,75.24,3709,1.9,MEDIUM
30.43,82.94,2331,1.12,LOW
27.51,75.64,2426,1.74,LOW
29.4,79.2,1351,7.47,LOW
29.34,81.48,2180,1.13,LOW
29.53,72.66,1818,3.85,LOW
31.21,93.95,3331,2.75,MEDIUM
28.04,96.45,2994,0.78,MEDIUM
30.09,76.04,1839,2.36,LOW
26.96,60.97,3398,0.86,LOW
26.87,77.83,1207,4.99,LOW
28.37,78.13,2627,2.49,LOW
32.59,85.28,2363,0.31,LOW
29.43,83.4,2767,3.16,MEDIUM
28.05,86.05,1452,4.85,LOW
34.12,84.04,3102,0.96,MEDIUM
32.48,82.61,1632,2.08,LOW
32.82,89.55,2291,1.74,MEDIUM
31.29,84.2,1722,1.28,LOW
29.29,75.7,1925,2.85,LOW
29.74,77.29,1847,1.65,LOW
29.49,66.3,1090,2.51,LOW
30.3,87.45,2294,0.51,LOW
29.65,70.74,2717,4.09,MEDIUM
29.09,72.31,1617,0.54,LOW
30.89,84.01,2389,2.93,MEDIUM
30.76,84.47,2197,2.78,MEDIUM
31.25,76.01,3366,2.73,MEDIUM
30.88,74.77,2650,1.45,LOW
27.14,72.62,1804,8.85,MEDIUM
30.49,81.48,3990,0.16,MEDIUM
30.44,86.58,3069,0.95,MEDIUM
28.56,79.33,544,1.97,LOW
31.35,73.86,2830,2.92,MEDIUM
32.64,81.55,4095,1.34,MEDIUM
25.42,77.05,2323,2.39,LOW
27.5,78.57,3022,3.66,MEDIUM
25.3,80.62,2165,0.62,LOW
27.81,75.97,2482,1.3,LOW
29.63,78.41,1950,4.79,LOW
27.7,77.6,3433,5.3,MEDIUM
29.29,83.04,3165,0.49,MEDIUM
27.16,78.46,1586,0.93,LOW
28.62,70.61,2952,1.38,LOW
26.93,85.63,4037,0.51,MEDIUM
29.86,89.6,832,6.45,LOW
31.56,78.17,2056,9.33,MEDIUM
25.39,81.66,2370,4.57,LOW
34.05,88.57,2358,1.45,MEDIUM
27.4,71.62,2898,0.86,LOW
32.26,84.47,2836,0.26,MEDIUM
28.27,83.6,2044,0.48,LOW
35.25,86.57,2200,0.87,MEDIUM
30.14,68.59,3555,1.15,MEDIUM
25.08,73.09,2374,3.12,LOW
26.58,80.84,1667,0.47,LOW
24.65,86.67,2136,1.98,LOW
27.06,82.33,3018,1.7,MEDIUM
29.29,77.73,2713,1.47,LOW
34.07,76.92,3048,1.08,MEDIUM
29.52,81.32,1163,5.48,LOW
25.57,86.93,3285,3.87,MEDIUM
31.08,81.57,1315,4.75,LOW
24.4,82.79,2369,2.84,LOW
29.07,58.6,2782,2.35,LOW
30.33,82.3,2212,0.07,LOW
29.72,67.32,2391,4.32,LOW
28.9,77.35,3423,0.36,MEDIUM
29.91,71.62,2948,2.03,LOW
32.69,74.34,3215,1.35,MEDIUM
27.13,88.22,2518,6.24,MEDIUM
32.05,78.47,2463,1.5,LOW
33.66,79.91,2057,3.61,MEDIUM
26.12,79.29,2183,6.57,MEDIUM
31.07,95.75,3184,3.8,MEDIUM
30.52,72.51,2236,0.13,LOW
32.71,67.36,2390,4.25,MEDIUM
31.7,86.72,3894,2.7,MEDIUM
30.81,84.01,2631,1.22,MEDIUM
26.11,78.48,2566,3.44,LOW
30.18,86.21,2972,2.52,MEDIUM
31.47,83.6,2518,2.52,MEDIUM
32.58,98.0,2333,2.36,MEDIUM
33.67,84.07,3125,0.49,MEDIUM
29.28,96.33,2945,0.53,MEDIUM
30.52,74.84,2742,1.57,LOW
28.2,76.64,1785,9.45,MEDIUM
27.58,75.51,2378,1.56,LOW
29.7,73.51,2648,7.29,MEDIUM
31.53,89.16,1820,8.14,MEDIUM
30.51,80.64,2809,2.86,MEDIUM
30.32,77.55,1444,1.37,LOW
30.1,75.18,1825,0.04,LOW
30.94,83.26,2483,0.15,LOW
34.94,78.15,2515,1.51,MEDIUM
31.54,90.52,4095,3.99,HIGH
26.64,78.76,2132,6.38,MEDIUM
33.99,98.0,1560,0.25,LOW
33.68,93.21,2276,0.52,MEDIUM
31.94,90.62,1273,3.39,LOW
29.34,85.43,3187,0.7,MEDIUM
29.55,80.4,2659,1.73,LOW
26.12,77.01,1118,0.16,LOW
29.62,66.36,2912,0.51,LOW
30.52,92.87,2840,5.35,MEDIUM
31.59,77.29,2994,4.09,MEDIUM
30.93,77.66,2208,0.14,LOW
32.8,89.59,2366,0.35,MEDIUM
26.83,78.24,3106,5.32,MEDIUM
29.9,89.08,2834,3.27,MEDIUM
29.3,93.69,2530,0.44,MEDIUM
27.53,83.45,2562,2.59,LOW
31.0,91.18,1997,0.82,LOW
34.91,97.4,2837,0.27,MEDIUM
33.55,76.12,2869,2.61,MEDIUM
25.56,86.28,1709,4.26,LOW
35.23,81.87,2422,2.43,MEDIUM
30.56,87.72,2846,2.35,MEDIUM
33.44,69.88,1958,1.5,LOW
25.08,64.61,1847,3.95,LOW
30.5,60.95,1596,1.69,LOW
33.32,76.98,3148,0.67,MEDIUM
31.74,86.35,2909,1.01,MEDIUM
29.19,64.08,500,10.6,LOW
31.37,76.82,3316,0.48,MEDIUM
28.46,73.07,1981,1.36,LOW
24.89,81.24,2594,0.23,LOW
30.54,77.22,2682,1.13,LOW
27.79,80.64,1969,3.76,LOW
27.9,88.14,2418,0.74,LOW
33.41,71.43,1877,6.06,MEDIUM
29.24,80.28,1576,3.28,LOW
28.13,85.11,2827,3.5,MEDIUM
30.79,75.91,1497,7.37,LOW
30.83,73.94,2266,1.71,LOW
28.91,67.63,3368,0.43,LOW
30.19,90.98,1966,1.25,LOW
30.79,85.86,3911,1.48,MEDIUM
30.48,76.54,2435,1.04,LOW
30.57,69.31,2582,2.02,LOW
33.9,84.29,1774,1.31,LOW
29.9,81.62,2009,4.19,LOW
29.29,84.69,3379,4.94,MEDIUM
29.87,83.34,2728,0.72,LOW
33.86,85.96,2063,0.81,LOW
30.67,82.45,1787,2.91,LOW
28.84,93.43,3060,11.76,HIGH
27.61,64.74,3120,0.72,LOW
29.26,77.57,2434,0.41,LOW
31.7,87.07,2398,2.42,MEDIUM
31.48,75.57,1378,0.09,LOW
27.57,90.96,1775,2.28,LOW
30.12,98.0,1048,1.51,LOW
26.72,81.92,1405,0.29,LOW
30.94,77.2,2363,7.19,MEDIUM
32.0,82.77,1767,4.17,LOW
27.47,87.0,1307,0.26,LOW
29.18,88.61,2179,3.98,MEDIUM
31.47,73.85,1895,0.62,LOW
33.16,76.6,3398,3.93,MEDIUM
30.59,76.03,3473,0.16,MEDIUM
32.47,78.15,1844,2.95,LOW
28.65,91.37,1814,1.92,LOW
30.2,69.67,2813,1.63,LOW
28.2,80.65,2179,0.6,LOW
28.3,69.73,2328,2.48,LOW
32.0,75.97,2144,2.8,LOW
32.7,84.26,3009,3.48,MEDIUM
27.21,81.78,2853,1.06,LOW
30.63,71.23,2605,1.43,LOW
29.31,77.8,1622,8.94,MEDIUM
26.59,96.07,2692,0.78,MEDIUM
27.42,73.23,3080,1.54,LOW
30.43,85.79,2130,5.83,MEDIUM
26.63,86.06,2562,2.69,LOW
30.28,89.85,3301,2.25,MEDIUM
33.75,71.56,2050,3.0,LOW
31.43,76.01,3563,3.32,MEDIUM
30.02,87.02,2156,2.25,LOW
32.27,84.7,2095,0.76,LOW
30.49,81.23,1768,7.06,MEDIUM
31.73,82.06,3085,0.3,MEDIUM
28.97,65.68,1670,3.31,LOW
26.39,77.66,3771,7.17,MEDIUM
29.15,75.67,3516,2.31,MEDIUM
29.45,74.9,1676,1.9,LOW
28.63,78.89,2970,1.15,LOW
30.23,67.05,1645,0.4,LOW
28.4,80.33,1939,0.68,LOW
29.78,74.1,2159,4.28,LOW
30.47,81.95,2618,1.22,LOW
30.09,87.3,2226,3.41,MEDIUM
30.55,75.71,2772,0.42,LOW
25.94,71.26,3358,5.16,MEDIUM
26.91,60.46,3727,3.92,MEDIUM
30.17,84.72,3415,2.22,MEDIUM
25.51,73.64,1805,7.38,LOW
33.38,90.04,2357,0.15,MEDIUM
27.81,87.49,3442,1.7,MEDIUM
30.16,88.87,1554,1.7,LOW
27.67,81.41,4095,2.4,MEDIUM
32.29,92.76,3697,0.23,MEDIUM
27.8,85.91,1778,1.17,LOW
28.85,78.82,2851,2.83,MEDIUM
28.36,90.18,1679,5.73,MEDIUM
30.95,66.31,2897,5.34,MEDIUM
28.44,77.95,1918,0.95,LOW
27.84,84.46,1912,0.35,LOW
27.41,81.22,2537,4.35,MEDIUM
28.6,68.83,1395,0.07,LOW
30.12,73.06,2681,10.63,MEDIUM
26.5,68.06,2936,3.32,LOW
28.73,83.88,2086,0.98,LOW
30.2,81.3,3391,0.89,MEDIUM
29.87,77.51,4069,1.43,MEDIUM
31.66,78.64,3063,2.09,MEDIUM
33.92,63.06,2518,1.84,LOW
32.49,73.74,3588,3.81,MEDIUM
28.22,90.95,2499,1.2,LOW
30.04,68.83,1501,1.25,LOW
32.03,73.52,1833,0.61,LOW
27.49,74.76,1943,2.11,LOW
32.16,86.18,1805,2.99,LOW
32.48,77.7,2706,6.33,MEDIUM
31.24,83.66,1795,1.11,LOW
31.99,73.55,3419,2.39,MEDIUM
28.01,69.81,2962,6.18,MEDIUM
31.69,85.32,3980,2.77,MEDIUM
32.85,64.06,1475,4.66,LOW
29.67,55.54,2628,0.88,LOW
33.27,98.0,2819,4.76,MEDIUM
33.36,87.67,3043,1.09,MEDIUM
32.89,89.38,862,4.22,LOW
31.22,67.15,2247,2.31,LOW
32.36,89.03,1412,4.45,MEDIUM
30.71,90.39,2378,0.76,MEDIUM
30.99,79.68,2456,7.29,MEDIUM
27.99,79.98,1886,5.57,LOW
27.88,90.81,2906,2.12,MEDIUM
28.24,78.08,1575,6.18,LOW
27.61,97.53,3435,3.59,MEDIUM
29.13,98.0,3049,7.78,HIGH
31.4,81.23,1854,0.47,LOW
32.92,73.76,2083,1.76,LOW
34.41,82.29,2159,1.44,MEDIUM
32.36,80.78,2192,1.89,LOW
33.98,67.8,2643,2.27,MEDIUM
29.16,82.88,2153,2.19,LOW
29.73,97.96,2483,0.41,MEDIUM
31.84,98.0,1657,5.19,MEDIUM
26.22,92.2,2761,6.89,MEDIUM
30.58,69.99,1012,0.83,LOW
27.62,60.4,1002,0.2,LOW
29.88,80.25,2641,0.2,LOW
30.66,75.07,1998,3.73,LOW
31.24,87.24,3889,1.57,MEDIUM
29.99,76.41,2187,0.75,LOW
28.26,73.63,2771,2.24,LOW
31.47,66.49,2686,2.76,LOW
30.99,86.46,2473,6.85,MEDIUM
29.54,80.75,2364,6.13,MEDIUM
31.89,81.4,3591,3.25,MEDIUM
29.24,82.18,2256,4.37,MEDIUM
29.91,80.05,3579,0.71,MEDIUM
31.38,70.11,3610,1.91,MEDIUM
29.12,59.23,3415,0.56,LOW
29.27,70.45,2383,5.59,MEDIUM
32.4,75.94,2373,2.18,LOW
30.24,74.57,2190,1.52,LOW
32.0,86.27,1357,0.15,LOW
29.65,64.56,1837,5.24,LOW
28.65,90.17,2658,6.72,MEDIUM
32.32,81.33,2641,1.38,MEDIUM
31.87,79.71,1370,1.14,LOW
31.33,79.49,2795,6.11,MEDIUM
28.99,84.91,2867,0.51,MEDIUM
29.66,82.26,2485,2.08,LOW
30.42,72.47,3091,0.36,LOW
29.5,67.69,1817,0.93,LOW
33.94,78.5,2357,2.69,MEDIUM
29.38,81.46,2190,5.83,MEDIUM
31.5,73.29,3429,7.81,MEDIUM
30.03,72.57,2391,2.95,LOW
28.0,69.68,2094,1.17,LOW
30.16,97.08,2805,2.75,MEDIUM
28.62,72.28,2739,1.38,LOW
32.86,88.18,4045,1.9,MEDIUM
29.08,58.61,2513,7.49,MEDIUM
30.37,68.9,2325,5.28,LOW
28.42,89.36,1732,2.42,LOW
32.41,81.53,1056,1.69,LOW
26.28,82.53,1944,5.66,LOW
29.78,72.66,747,5.88,LOW
30.3,67.55,2847,4.24,MEDIUM
31.04,89.54,3710,3.86,MEDIUM
29.63,76.36,1870,3.92,LOW
28.84,76.71,3273,1.94,MEDIUM
30.14,82.91,2010,1.76,LOW
31.31,82.23,972,0.45,LOW
29.1,67.22,3062,9.73,MEDIUM
33.66,69.93,1312,5.36,LOW
30.7,73.68,3086,2.66,MEDIUM
29.0,63.49,2454,4.79,LOW
31.07,73.37,2588,3.93,MEDIUM
31.32,98.0,1478,1.06,LOW
29.74,74.23,1970,0.18,LOW
30.35,58.62,1385,2.49,LOW
29.71,90.78,3094,5.31,MEDIUM
27.8,77.73,1185,1.86,LOW
29.07,85.53,2769,0.17,LOW
30.94,82.98,3069,5.47,MEDIUM
28.28,89.27,1711,1.87,LOW
33.08,89.38,3148,1.94,MEDIUM
29.32,58.59,2758,9.31,MEDIUM
31.33,76.28,3127,5.4,MEDIUM
29.57,78.8,1421,4.22,LOW
26.55,72.89,3477,2.44,MEDIUM
32.36,76.76,2702,9.35,MEDIUM
31.06,70.49,2559,0.9,LOW
32.41,91.92,2744,0.62,MEDIUM
25.43,88.57,2592,6.88,MEDIUM
29.0,88.19,2358,0.1,LOW
31.64,70.47,2972,1.8,MEDIUM
31.64,86.83,3056,0.49,MEDIUM
31.69,88.92,2812,5.45,MEDIUM
28.14,75.09,1848,1.99,LOW
26.34,94.46,3936,4.08,MEDIUM
32.68,80.66,3387,1.54,MEDIUM
34.48,67.11,2398,2.74,LOW
27.95,67.25,1932,2.84,LOW
32.6,73.3,3253,1.85,MEDIUM
30.88,72.84,2388,1.26,LOW
31.13,79.18,2725,2.48,MEDIUM
28.55,85.2,2266,14.57,HIGH
30.07,89.94,3010,0.21,MEDIUM
29.67,68.27,2536,1.86,LOW
32.73,90.68,2147,2.13,MEDIUM
32.01,80.21,1296,0.49,LOW
27.39,82.92,1844,1.72,LOW
33.36,79.87,1412,5.79,MEDIUM
30.37,84.6,814,0.61,LOW
27.12,87.15,2168,1.94,LOW
28.48,76.37,3240,5.56,MEDIUM
30.81,88.14,3480,0.36,MEDIUM
28.46,77.93,1613,0.77,LOW
29.18,81.92,2122,2.69,LOW
33.21,83.85,1435,0.97,LOW
25.81,78.46,4095,1.16,MEDIUM
32.74,82.28,2475,5.55,MEDIUM
29.89,77.68,2485,1.83,LOW
25.88,78.91,2740,0.27,LOW
31.53,72.59,3290,2.84,MEDIUM
27.25,69.45,2901,0.37,LOW
27.23,57.08,2853,1.25,LOW
30.31,94.14,2095,6.09,MEDIUM
29.38,78.19,2104,5.85,MEDIUM
27.6,81.63,3365,1.18,MEDIUM
30.75,85.07,2540,2.07,MEDIUM
24.09,91.85,1826,1.11,LOW
32.06,77.87,2711,1.1,MEDIUM
30.3,79.44,3465,4.11,MEDIUM
27.25,76.42,2538,2.48,LOW
33.26,78.32,2355,2.08,MEDIUM
28.75,71.43,2562,1.01,LOW
31.02,70.64,2263,1.37,LOW
31.61,72.57,3059,1.38,MEDIUM
31.48,73.51,2545,5.75,MEDIUM
27.7,86.9,2822,0.35,LOW
31.32,73.98,3312,3.01,MEDIUM
30.59,83.53,2259,1.13,LOW
25.44,98.0,1976,0.29,LOW
31.33,73.13,2750,1.79,LOW
29.6,74.84,2648,1.1,LOW
31.92,86.0,3418,2.03,MEDIUM
33.85,64.7,2167,1.21,LOW
29.57,78.0,2248,2.54,LOW
28.59,68.46,2209,1.1,LOW
26.54,80.8,3493,2.53,MEDIUM
29.82,63.52,2726,3.84,LOW
30.37,81.36,3249,0.36,MEDIUM
31.77,79.29,2948,1.45,MEDIUM
31.85,82.1,2493,2.75,MEDIUM
30.34,85.24,2507,2.24,MEDIUM
29.11,75.71,1931,3.21,LOW
33.71,95.16,3009,2.12,MEDIUM
31.52,90.29,2773,1.89,MEDIUM
28.16,58.85,2891,6.54,MEDIUM
32.65,77.85,2747,7.48,MEDIUM
27.01,63.96,1607,1.92,LOW
30.06,94.01,2559,0.57,MEDIUM
30.3,94.57,2460,0.39,MEDIUM
34.1,78.73,3086,2.33,MEDIUM
28.3,68.89,2574,1.47,LOW
30.86,72.71,2249,3.27,LOW
28.99,91.6,1301,1.74,LOW
30.64,75.95,2179,0.33,LOW
30.78,84.84,1529,0.8,LOW
28.52,88.7,1687,2.82,LOW
27.33,66.85,1910,1.54,LOW
32.66,81.06,3703,1.0,MEDIUM
33.87,81.71,2724,2.97,MEDIUM
31.12,77.08,3355,1.1,MEDIUM
26.14,76.75,2474,3.01,LOW
30.67,82.55,1571,2.7,LOW
29.34,81.49,3527,0.64,MEDIUM
32.54,86.54,1996,1.68,LOW
29.76,98.0,2845,4.45,MEDIUM
31.2,76.32,2040,4.32,LOW
32.7,90.3,2490,1.06,MEDIUM
30.28,77.81,2472,5.26,MEDIUM
26.49,73.92,2436,0.32,LOW
30.14,79.69,1164,3.43,LOW
30.33,92.56,1405,10.18,MEDIUM
32.43,89.93,3896,1.59,MEDIUM
30.54,96.24,1761,7.99,MEDIUM
33.83,72.67,1659,2.2,LOW
28.15,71.43,2888,2.12,LOW
26.69,72.0,2552,0.27,LOW
28.4,82.88,3741,2.41,MEDIUM
34.4,90.45,4095,2.92,HIGH
26.96,81.01,3086,0.25,LOW
28.67,88.97,2915,1.39,MEDIUM
30.91,87.55,960,1.76,LOW
28.85,80.22,3235,0.6,MEDIUM
29.37,83.67,4095,4.5,MEDIUM
29.6,68.2,2884,0.6,LOW
26.07,84.91,2375,1.75,LOW
30.49,79.72,1808,6.89,MEDIUM
32.79,81.52,1641,6.3,MEDIUM
31.33,72.73,3320,2.09,MEDIUM
30.19,84.23,2662,2.06,MEDIUM
28.72,74.64,3066,1.12,LOW
30.12,74.11,1652,3.0,LOW
30.29,77.53,1193,2.66,LOW
28.6,92.65,1788,0.64,LOW
33.3,87.51,2852,1.51,MEDIUM
24.38,89.1,1083,1.25,LOW
29.53,64.41,2021,4.57,LOW
26.34,82.61,2627,3.43,LOW
29.48,83.4,1791,2.29,LOW
29.95,79.74,3035,1.06,MEDIUM
33.71,75.01,2911,2.5,MEDIUM
28.96,84.07,2130,0.57,LOW
30.19,82.76,2240,2.51,LOW
29.25,79.51,3282,4.27,MEDIUM
31.94,96.23,1716,1.8,MEDIUM
29.5,54.81,2475,4.11,LOW
31.3,64.1,3315,2.95,MEDIUM
31.97,72.16,4095,0.22,MEDIUM
30.22,68.91,3495,9.65,MEDIUM
32.77,86.56,2883,4.26,MEDIUM
33.7,84.17,2461,1.53,MEDIUM
32.64,81.38,3250,6.9,MEDIUM
30.57,74.55,2211,0.42,LOW
30.69,75.54,1685,1.2,LOW
32.81,83.91,2105,1.96,LOW
29.32,71.1,3501,0.69,MEDIUM
29.87,89.41,2070,7.82,MEDIUM
29.24,60.34,3634,0.17,LOW
29.89,77.89,2220,4.77,MEDIUM
30.8,85.0,2313,2.48,MEDIUM
31.75,69.73,2521,1.17,LOW
29.07,89.01,1483,9.0,MEDIUM
28.13,76.35,1453,2.32,LOW
31.97,93.33,2687,2.08,MEDIUM
28.54,63.1,2413,0.98,LOW
31.0,72.61,2329,0.8,LOW
24.6,72.2,3708,5.47,MEDIUM
32.3,80.82,3121,2.94,MEDIUM
32.61,78.78,2849,6.4,MEDIUM
30.24,88.06,2095,1.06,LOW
31.34,87.46,3007,1.44,MEDIUM
31.4,68.16,3276,4.67,MEDIUM
28.19,78.9,2184,2.83,LOW
32.5,78.08,2650,0.32,LOW
32.8,85.07,1694,3.91,MEDIUM
33.17,71.96,1110,1.8,LOW
28.43,93.84,2696,0.56,MEDIUM
29.9,86.55,3247,2.04,MEDIUM
27.06,72.34,2305,2.54,LOW
32.37,58.21,3171,0.82,LOW
34.17,84.09,1777,1.67,LOW
30.19,98.0,2774,0.89,MEDIUM
30.14,61.6,3709,0.47,LOW
27.3,75.21,2377,1.86,LOW
27.99,50.0,2231,6.95,LOW
28.59,88.56,1125,2.66,LOW
32.66,66.87,1376,8.45,LOW
30.9,74.77,2536,0.17,LOW
31.02,87.81,3006,2.57,MEDIUM
31.9,78.16,2226,1.16,LOW
27.17,69.35,934,1.05,LOW
30.52,98.0,3338,6.64,HIGH
32.68,87.02,3863,0.79,MEDIUM
33.12,81.16,2802,4.34,MEDIUM
26.97,70.09,2199,0.84,LOW
33.13,89.35,2215,2.26,MEDIUM
28.91,85.03,3233,8.6,MEDIUM
33.5,92.44,1933,4.45,MEDIUM
27.67,76.57,2464,0.02,LOW
24.0,66.42,1618,20.0,MEDIUM
33.92,71.4,3577,1.45,MEDIUM
28.47,70.38,2138,2.22,LOW
31.25,96.52,3285,6.29,HIGH
28.0,88.15,2258,2.42,LOW
29.69,77.78,1974,12.98,MEDIUM
32.15,88.04,2098,1.21,LOW
33.01,93.95,2173,4.4,MEDIUM
31.17,92.74,1549,3.05,LOW
29.35,82.12,3038,2.17,MEDIUM
31.31,64.96,1089,0.85,LOW
30.43,85.61,1595,1.76,LOW
29.33,69.69,2294,5.43,LOW
27.69,77.64,1678,2.98,LOW
30.54,81.6,2232,0.82,LOW
30.59,80.7,2965,2.33,MEDIUM
28.27,76.47,2129,1.68,LOW
31.99,86.63,2898,8.78,MEDIUM
28.21,88.22,1304,10.56,MEDIUM
28.79,85.4,2863,8.88,MEDIUM
32.28,83.75,1653,0.41,LOW
31.76,79.73,2343,4.04,MEDIUM
29.57,93.42,2572,1.09,MEDIUM
26.88,87.48,2404,3.41,MEDIUM
28.03,94.23,3486,4.16,MEDIUM
28.09,78.03,2510,4.39,MEDIUM
33.0,82.18,3302,4.11,MEDIUM
29.92,72.84,2039,0.37,LOW
28.44,81.42,3970,4.23,MEDIUM
34.33,72.92,3211,1.21,MEDIUM
27.43,57.38,2023,3.31,LOW
31.69,77.3,2829,2.33,MEDIUM
31.71,81.71,2362,0.87,LOW
29.59,68.63,2892,1.22,LOW
27.33,70.83,2304,2.45,LOW
28.65,73.49,3454,2.38,MEDIUM
31.11,82.06,1453,1.67,LOW
29.95,77.67,2119,0.1,LOW
30.59,72.06,2625,2.6,LOW
29.42,76.64,1518,1.26,LOW
33.72,87.79,1962,3.81,MEDIUM
30.63,79.94,3675,3.36,MEDIUM
31.4,86.16,3260,4.14,MEDIUM
28.89,98.0,1919,0.58,LOW
31.06,81.37,2388,2.01,LOW
28.9,83.76,2975,6.14,MEDIUM
29.68,82.3,2611,0.7,LOW
28.04,81.2,2199,1.72,LOW
30.26,95.13,3736,2.88,MEDIUM
30.21,70.29,3149,0.58,LOW
30.86,82.1,2991,0.19,MEDIUM
29.13,80.67,2399,0.69,LOW
27.32,84.57,3162,0.74,MEDIUM
30.88,72.05,3809,9.2,HIGH
30.97,85.72,2210,0.33,LOW
32.38,91.46,2834,3.31,MEDIUM
30.12,88.39,2247,0.27,LOW
33.49,78.05,3617,1.1,MEDIUM
29.86,83.39,2134,3.23,LOW
30.48,91.16,2105,3.94,MEDIUM
29.8,66.51,2427,6.05,MEDIUM
27.43,77.2,2617,0.66,LOW
32.67,74.64,2897,0.67,MEDIUM
29.15,81.61,2134,0.97,LOW
29.36,77.35,3671,1.96,MEDIUM
28.32,79.05,1637,3.65,LOW
32.79,77.16,3639,0.05,MEDIUM
28.49,86.71,4009,0.69,MEDIUM
29.74,67.6,2519,1.15,LOW
29.77,84.18,2339,3.42,MEDIUM
31.1,88.63,1689,7.82,MEDIUM
28.65,85.01,2684,2.36,MEDIUM
29.52,64.29,1634,5.64,LOW
31.62,63.33,2687,2.54,LOW
32.07,85.67,2307,5.64,MEDIUM
27.91,84.55,1981,0.45,LOW
32.81,98.0,1900,1.93,MEDIUM
33.22,80.03,1708,1.59,LOW
29.86,82.68,2591,3.09,MEDIUM
26.13,78.42,2738,2.12,LOW
30.75,70.49,3619,4.83,MEDIUM
28.74,76.68,841,1.32,LOW
30.05,98.0,1785,3.1,MEDIUM
27.87,83.55,3468,0.98,MEDIUM
32.67,70.91,2679,1.23,LOW
30.4,74.44,1903,4.58,LOW
25.96,83.57,2359,1.43,LOW
28.87,81.35,2165,4.31,LOW
31.08,72.3,1335,0.25,LOW
31.56,64.06,1308,1.81,LOW
32.88,85.0,2518,2.59,MEDIUM
29.57,80.14,2325,1.77,LOW
33.14,68.38,2030,7.71,MEDIUM
30.16,89.14,2143,1.97,LOW
30.05,94.44,1785,4.14,MEDIUM
30.99,80.05,2654,6.2,MEDIUM
27.39,70.66,2214,3.17,LOW
32.76,77.22,1337,1.01,LOW
31.16,68.52,2246,6.53,MEDIUM
28.53,69.23,2727,2.93,LOW
28.88,86.04,2174,2.97,LOW
27.57,65.64,2630,1.13,LOW
31.4,79.94,2431,0.14,LOW
29.69,60.73,2617,1.59,LOW
29.9,80.28,1949,5.06,LOW
30.04,77.44,1996,2.61,LOW
26.98,88.64,2493,1.29,LOW
29.49,80.99,3062,3.26,MEDIUM
29.23,94.76,2582,1.99,MEDIUM
30.04,89.6,2486,6.86,MEDIUM
34.36,67.43,2895,2.92,MEDIUM
31.76,71.01,3490,1.7,MEDIUM
28.81,85.91,2123,3.41,LOW
29.39,71.35,2975,1.89,LOW
31.61,59.73,2063,1.81,LOW
30.94,76.89,3755,2.58,MEDIUM
32.34,76.48,3096,4.0,MEDIUM
30.15,87.09,2463,0.69,LOW
30.02,98.0,3152,4.21,MEDIUM
26.86,77.52,1660,2.33,LOW
33.72,75.36,2593,2.54,MEDIUM
31.01,97.19,2879,6.13,MEDIUM
30.86,85.1,3101,3.97,MEDIUM
26.6,80.66,2883,1.6,LOW
30.28,90.55,2034,1.47,LOW
33.23,69.17,3036,1.12,MEDIUM
32.74,81.19,3133,7.26,MEDIUM
27.35,85.26,3000,1.2,MEDIUM
28.9,69.67,2295,2.83,LOW
30.5,84.85,1413,8.2,MEDIUM
35.25,82.42,2480,4.05,MEDIUM
29.82,75.18,3685,0.37,MEDIUM
30.28,78.37,1531,4.33,LOW
26.0,81.53,2490,1.56,LOW
33.61,86.35,2203,1.92,MEDIUM
27.41,75.79,2395,2.96,LOW
33.39,94.4,3032,0.92,MEDIUM
32.64,90.68,2126,0.25,LOW
28.42,76.41,2311,2.98,LOW
30.54,80.98,2023,0.87,LOW
28.68,88.13,2163,1.18,LOW
29.17,68.27,4027,1.88,MEDIUM
26.8,98.0,1215,2.87,LOW
29.69,79.1,3135,4.87,MEDIUM
26.87,83.83,3904,3.01,MEDIUM
29.64,88.88,2158,4.13,MEDIUM
31.99,88.31,2093,8.4,MEDIUM
29.11,74.57,2113,3.26,LOW
29.83,80.35,2072,3.33,LOW
31.51,88.65,2819,0.58,MEDIUM
30.95,75.04,3128,4.21,MEDIUM
34.05,92.64,1777,3.83,MEDIUM
28.36,69.01,2944,11.35,MEDIUM
26.54,89.64,2176,3.16,LOW
30.83,74.7,1998,1.74,LOW
31.89,94.44,2387,1.31,MEDIUM
26.08,88.01,839,1.99,LOW
28.42,86.93,1226,1.14,LOW
29.57,81.32,2103,6.38,MEDIUM
27.47,80.17,2776,1.79,LOW
28.69,64.31,2235,6.88,LOW
30.64,71.31,2560,3.48,LOW
31.05,86.36,3343,2.25,MEDIUM
30.02,75.04,1740,2.48,LOW
32.55,79.39,1725,2.14,LOW
29.83,77.62,2589,2.56,LOW
30.87,77.21,999,2.16,LOW
27.58,78.91,2250,2.75,LOW
26.05,69.18,3022,0.65,LOW
34.97,96.5,1959,3.17,MEDIUM
28.06,69.89,1600,2.83,LOW
33.13,86.41,2775,1.89,MEDIUM
30.83,70.71,2603,2.79,LOW
32.66,73.03,2394,3.09,MEDIUM
27.8,82.07,3828,1.18,MEDIUM
30.27,75.14,2390,0.87,LOW
27.68,86.33,1568,1.53,LOW
25.26,75.48,1657,6.76,LOW
29.27,86.63,2854,6.83,MEDIUM
33.09,63.81,1857,5.9,LOW
35.83,82.03,3617,1.01,MEDIUM
30.72,76.03,3236,1.8,MEDIUM
28.35,76.02,3080,7.47,MEDIUM
28.01,86.49,1972,0.63,LOW
29.63,86.36,2642,7.74,MEDIUM
33.58,69.95,2054,0.01,LOW
29.3,75.94,2306,2.11,LOW
28.73,81.41,1777,0.53,LOW
31.27,86.03,2559,2.77,MEDIUM
36.0,77.0,2272,4.74,MEDIUM
30.58,75.58,2795,0.65,LOW
31.29,83.51,3145,2.61,MEDIUM
31.28,90.08,2170,1.7,MEDIUM
29.79,64.43,3072,1.28,LOW
31.77,69.65,2053,4.23,LOW
28.55,72.8,3646,1.86,MEDIUM
29.92,89.7,3361,1.84,MEDIUM
26.3,87.64,3084,1.93,MEDIUM
25.48,85.79,2136,0.49,LOW
33.93,74.83,2336,2.14,LOW
30.31,86.47,4095,2.01,MEDIUM
29.96,77.94,2654,1.37,LOW
31.62,70.76,3980,0.55,MEDIUM
29.77,82.92,3232,2.98,MEDIUM
35.47,77.05,2971,0.05,MEDIUM
27.16,68.89,3502,4.23,MEDIUM
31.63,80.05,1564,1.45,LOW
31.74,78.79,2312,0.81,LOW
28.33,80.52,2588,9.89,MEDIUM
27.7,80.84,1765,2.96,LOW
28.72,97.46,1241,0.6,LOW
32.08,64.0,3186,2.12,MEDIUM
28.13,92.02,3762,4.26,MEDIUM
29.18,98.0,2339,2.06,MEDIUM
31.04,59.49,3286,1.6,LOW
30.37,72.14,2715,1.64,LOW
28.35,86.16,2516,1.17,LOW
31.43,69.84,3177,2.47,MEDIUM
28.97,55.89,2724,4.49,LOW
27.67,90.86,1178,5.03,LOW
28.66,94.42,2257,7.93,MEDIUM
30.78,77.9,1752,1.43,LOW
29.02,74.79,2936,0.91,LOW
29.25,88.91,1484,3.32,LOW
30.14,80.03,3050,0.38,MEDIUM
29.04,79.98,3871,2.44,MEDIUM
30.71,84.26,1794,1.52,LOW
29.58,68.06,2171,1.96,LOW
28.96,79.65,2882,1.95,MEDIUM
28.47,79.43,2485,0.31,LOW
29.39,93.26,2043,6.23,MEDIUM
27.91,67.68,1943,1.5,LOW
26.22,74.14,2310,3.49,LOW
32.03,72.7,2661,1.9,LOW
30.93,68.65,2100,2.96,LOW
34.1,81.68,3464,1.82,MEDIUM
30.1,72.5,1776,1.23,LOW
30.05,82.62,1965,4.84,MEDIUM
24.02,80.65,3744,5.23,MEDIUM
26.85,87.58,2180,2.05,LOW
31.21,77.1,2776,1.46,MEDIUM
29.52,87.2,2742,2.46,MEDIUM
30.63,67.96,1963,0.77,LOW
28.01,71.45,2254,2.53,LOW
27.5,79.8,1943,0.49,LOW
26.18,91.21,2939,1.61,MEDIUM
31.24,95.35,3000,3.86,MEDIUM
27.46,96.21,2978,0.4,MEDIUM
29.87,77.84,2420,2.52,LOW
29.66,74.93,1978,1.85,LOW
30.79,81.2,2769,0.22,LOW
32.04,82.15,3037,1.02,MEDIUM
31.2,90.12,2364,1.06,MEDIUM
33.74,84.77,2362,3.12,MEDIUM
29.64,87.9,3677,1.6,MEDIUM
29.5,72.41,2398,4.38,LOW
30.04,77.56,2658,0.32,LOW
29.78,78.3,2187,6.23,MEDIUM
31.28,76.09,3030,5.64,MEDIUM
28.97,94.69,3101,1.23,MEDIUM
29.36,78.56,2139,1.53,LOW
27.59,79.25,1699,2.09,LOW
30.49,83.47,2313,5.63,MEDIUM
30.3,67.78,2059,2.24,LOW
35.64,67.38,1488,2.34,LOW
30.74,67.19,4095,2.12,MEDIUM
31.53,71.45,1938,6.16,MEDIUM
30.51,77.5,2271,1.69,LOW
33.23,67.81,2695,1.08,LOW
31.29,56.94,2031,3.28,LOW
28.75,81.63,1261,1.73,LOW
31.82,78.42,2755,1.73,MEDIUM
25.09,67.67,1882,2.35,LOW
28.54,73.73,1576,2.0,LOW
31.08,87.54,2520,1.73,MEDIUM
28.66,70.63,3173,5.07,MEDIUM
27.39,89.27,3174,1.19,MEDIUM
29.53,77.14,1394,3.98,LOW
30.53,66.17,2346,3.29,LOW
32.03,73.36,1160,3.48,LOW
27.67,91.88,846,3.58,LOW
31.2,71.76,2112,3.78,LOW
28.27,78.19,2085,1.32,LOW
30.54,74.36,2861,2.13,MEDIUM
30.45,89.93,2169,0.4,LOW
32.07,69.77,1641,1.21,LOW
27.59,84.83,2164,6.91,MEDIUM
31.29,76.74,3317,1.17,MEDIUM
32.78,77.73,4095,4.21,MEDIUM
32.6,88.92,2642,1.53,MEDIUM
33.06,83.88,2490,2.45,MEDIUM
31.55,70.97,2776,1.46,LOW
26.22,71.74,2165,2.14,LOW
32.18,82.04,824,1.21,LOW
29.63,69.53,3033,0.28,LOW
29.87,72.47,2567,9.96,MEDIUM
27.41,89.66,3950,1.8,MEDIUM
33.02,75.8,2404,4.94,MEDIUM
34.24,74.5,3317,7.04,MEDIUM
27.38,71.83,2435,2.59,LOW
32.34,78.28,4095,2.89,MEDIUM
25.91,82.77,2511,2.08,LOW
28.53,70.8,2461,0.35,LOW
32.78,89.82,2934,1.25,MEDIUM
27.56,76.9,1846,2.01,LOW
28.97,70.24,2927,1.2,LOW
32.7,72.86,2159,3.49,LOW
30.4,83.9,2158,9.81,MEDIUM
26.82,76.39,1796,1.09,LOW
29.86,87.11,3579,10.77,HIGH
28.97,78.55,2123,2.13,LOW
27.8,72.14,3214,2.13,MEDIUM
33.5,74.26,3437,5.71,MEDIUM
29.44,82.3,2224,0.36,LOW
29.16,83.14,2183,1.22,LOW
30.01,75.44,3844,5.22,MEDIUM
26.81,67.66,2533,1.69,LOW
33.97,87.69,2106,0.07,LOW
30.97,69.23,2683,1.65,LOW
32.72,88.04,2418,1.71,MEDIUM
30.24,72.79,1993,2.66,LOW
30.96,78.11,3100,1.95,MEDIUM
31.18,67.38,2718,1.49,LOW
27.84,83.47,2015,1.6,LOW
33.48,81.93,3391,3.86,MEDIUM
27.39,74.81,2686,3.31,LOW
33.21,76.93,2238,0.31,LOW
25.57,64.26,832,0.53,LOW
30.78,95.46,2764,0.69,MEDIUM
30.85,83.94,1728,0.82,LOW
24.93,82.23,3969,0.13,MEDIUM
30.71,92.92,4081,5.56,HIGH
31.93,93.26,2292,0.49,MEDIUM
32.25,73.81,3554,0.15,MEDIUM
30.06,78.14,2557,4.63,MEDIUM
29.99,84.37,2509,6.11,MEDIUM
29.03,79.79,4021,6.11,MEDIUM
29.28,76.24,1662,7.17,LOW
33.05,74.65,1965,2.03,LOW
30.27,76.47,2497,6.22,MEDIUM
31.34,84.32,1964,1.9,LOW
30.43,72.65,2026,0.78,LOW
30.57,77.12,3457,1.07,MEDIUM
31.1,66.23,2087,2.54,LOW
27.08,78.41,2847,0.99,LOW
30.68,76.62,2951,1.41,MEDIUM
30.09,62.06,1662,0.63,LOW
28.24,87.74,1527,4.1,LOW
30.64,75.32,1538,1.56,LOW
33.06,87.79,3172,1.5,MEDIUM
31.38,86.05,1500,2.42,LOW
28.16,88.42,2508,1.89,MEDIUM
27.09,77.24,2471,4.09,LOW
28.45,69.13,2574,2.35,LOW
31.09,80.14,1755,0.25,LOW
29.09,83.23,2929,0.76,MEDIUM
35.21,90.65,2784,3.03,MEDIUM
30.06,80.33,1819,2.54,LOW
29.66,75.97,2778,2.56,MEDIUM
28.84,66.41,2233,7.36,MEDIUM
28.92,75.45,1937,0.88,LOW
33.72,76.33,2664,1.5,MEDIUM
31.52,72.05,1056,10.0,MEDIUM
26.13,98.0,2733,1.52,MEDIUM
30.71,83.41,2847,3.33,MEDIUM
29.81,73.27,2316,1.33,LOW
28.76,77.51,2982,2.16,MEDIUM
30.48,81.45,2719,2.85,MEDIUM
27.54,87.57,2520,4.82,MEDIUM
29.47,77.33,1156,1.47,LOW
31.52,64.21,2663,17.52,HIGH
29.92,84.02,3032,2.06,MEDIUM
25.89,81.58,2971,6.63,MEDIUM
24.42,56.11,2673,1.25,LOW
29.5,72.41,1795,0.99,LOW
28.02,84.65,1334,0.63,LOW
33.65,85.14,3276,0.85,MEDIUM
35.64,67.97,1900,0.19,LOW
30.49,84.51,2419,1.12,LOW
30.2,70.14,1876,0.88,LOW
30.46,71.52,2991,2.85,MEDIUM
33.46,66.8,2173,2.14,LOW
29.53,82.99,2609,3.08,MEDIUM
27.92,84.72,2556,2.05,LOW
32.08,62.11,3245,1.76,MEDIUM
31.4,75.5,1465,0.69,LOW
28.75,80.81,3340,5.72,MEDIUM
30.04,72.4,3058,1.51,LOW
31.14,87.17,2728,1.3,MEDIUM
30.18,75.12,3168,7.14,MEDIUM
30.46,78.04,759,1.6,LOW
24.57,89.74,2876,5.67,MEDIUM
32.94,89.51,3118,1.05,MEDIUM
31.57,92.92,3698,3.32,MEDIUM
27.26,87.39,2269,2.3,LOW
32.33,65.87,2451,1.57,LOW
30.08,68.34,2240,0.9,LOW
30.0,71.57,1105,2.05,LOW
28.15,75.76,3256,0.5,LOW
30.51,88.01,1894,0.85,LOW
25.89,71.68,2987,1.74,LOW
33.67,79.4,1580,0.36,LOW
31.28,83.52,2868,1.35,MEDIUM
31.0,79.95,1268,5.3,LOW
28.66,91.49,2089,1.46,LOW
27.62,88.27,4095,0.61,MEDIUM
25.6,83.16,2342,5.38,MEDIUM
30.28,85.1,2332,0.55,LOW
28.47,84.1,1475,3.81,LOW
32.87,71.92,4095,3.71,MEDIUM
32.28,98.0,3460,0.69,MEDIUM
29.0,67.69,2625,0.51,LOW
29.07,75.23,1526,5.14,LOW
31.72,75.79,1968,2.99,LOW
28.07,77.81,2206,3.76,LOW
30.43,74.69,1806,2.59,LOW
29.34,77.7,4095,4.4,MEDIUM
29.96,83.63,1930,0.31,LOW
27.8,86.76,1911,1.86,LOW
27.71,78.9,2836,2.4,LOW
30.72,67.79,2415,1.36,LOW
29.52,92.3,2724,7.7,MEDIUM
30.02,63.2,2423,8.28,MEDIUM
34.42,59.61,1368,1.4,LOW
32.97,82.78,1620,1.61,LOW
24.75,83.13,1580,0.37,LOW
31.99,98.0,3234,0.5,MEDIUM
29.64,71.48,2261,3.63,LOW
28.25,71.89,1519,1.57,LOW
28.88,77.13,2337,3.9,LOW
29.72,70.81,3200,3.08,MEDIUM
31.06,82.65,3215,1.12,MEDIUM
29.49,76.27,2530,0.8,LOW
29.16,83.64,1464,0.11,LOW
33.2,69.6,2916,0.5,LOW
29.07,79.79,2717,6.23,MEDIUM
30.47,85.16,2915,3.64,MEDIUM
25.73,78.56,2856,0.23,LOW
29.18,73.98,1929,0.18,LOW
30.93,84.56,2610,10.09,MEDIUM
32.84,67.49,3338,4.73,MEDIUM
30.53,94.33,2284,1.07,MEDIUM
26.62,85.02,2048,3.44,LOW
31.46,89.31,1181,3.56,LOW
28.4,81.79,2960,4.24,MEDIUM
33.39,83.46,2443,2.9,MEDIUM
30.33,74.3,2624,1.24,LOW
32.17,89.81,1369,6.69,MEDIUM
25.42,91.74,1215,1.78,LOW
26.6,88.07,2931,2.17,MEDIUM
30.32,64.58,2404,4.86,LOW
29.36,94.18,3399,4.75,MEDIUM
31.14,80.04,1991,1.16,LOW
28.12,74.75,1929,4.85,LOW
30.36,81.19,1884,1.6,LOW
28.99,97.06,2534,1.49,MEDIUM
30.67,79.89,1731,6.21,MEDIUM
29.32,87.11,2531,4.48,MEDIUM
33.77,77.57,3474,3.44,MEDIUM
28.61,82.26,2509,1.78,LOW
34.48,85.05,2713,2.51,MEDIUM
28.7,81.2,2565,0.82,LOW
24.38,84.34,1315,1.09,LOW
30.23,77.28,2984,6.92,MEDIUM
30.03,95.38,1937,4.06,MEDIUM
34.74,86.5,1991,0.15,LOW
32.11,93.44,2936,8.94,HIGH
29.83,84.97,2354,5.23,MEDIUM
29.24,91.05,3590,0.22,MEDIUM
25.96,84.65,1762,0.09,LOW
30.96,84.2,2228,2.85,MEDIUM
29.3,92.84,2383,5.06,MEDIUM
27.15,75.87,2360,3.81,LOW
36.0,75.18,2850,2.17,MEDIUM
27.2,78.4,2218,2.83,LOW
33.11,78.53,3139,1.04,MEDIUM
30.42,69.41,3535,1.32,MEDIUM
33.69,94.24,3637,11.31,HIGH
29.98,85.83,2884,12.35,HIGH
27.66,69.9,2359,1.64,LOW
30.87,62.07,1952,0.77,LOW
31.02,83.74,2030,2.62,LOW
28.45,65.0,1268,1.43,LOW
31.02,81.79,2896,0.43,MEDIUM
27.24,75.56,2821,6.03,MEDIUM
28.93,83.35,2403,0.09,LOW
28.23,81.84,1933,5.77,MEDIUM
33.75,79.17,3417,3.82,MEDIUM
29.37,69.22,3382,1.38,MEDIUM
29.56,75.72,1929,1.22,LOW
30.47,87.58,2050,0.95,LOW
32.22,83.75,3446,0.85,MEDIUM
31.74,64.94,1426,0.19,LOW
28.72,72.28,1864,1.05,LOW
29.41,80.65,2299,3.09,LOW
32.05,88.31,2677,1.52,MEDIUM
32.52,85.09,4088,5.51,HIGH
30.24,93.92,1916,0.67,LOW
26.9,77.67,1740,3.87,LOW
29.76,75.59,2612,0.8,LOW
34.16,80.7,3619,0.41,MEDIUM
31.95,81.11,2342,4.83,MEDIUM
29.46,93.01,1721,4.51,MEDIUM
29.32,74.73,1970,3.84,LOW
30.09,83.95,3106,1.92,MEDIUM
33.14,98.0,1833,0.28,MEDIUM
33.86,84.81,3371,0.85,MEDIUM
27.42,85.18,2353,0.63,LOW
31.62,69.38,1796,0.88,LOW
30.33,66.93,1082,5.42,LOW
29.7,89.01,1219,10.42,MEDIUM
30.66,64.14,2895,0.32,LOW
30.02,93.26,3071,0.4,MEDIUM
30.11,73.91,1468,1.94,LOW
25.53,79.03,1400,2.61,LOW
30.04,86.41,1485,0.67,LOW
29.5,72.99,2635,3.52,LOW
29.47,78.61,4095,3.74,MEDIUM
25.65,84.18,3062,1.88,MEDIUM
31.88,87.39,3618,3.09,MEDIUM
31.55,73.44,2797,6.33,MEDIUM
32.42,82.81,3459,3.37,MEDIUM
26.95,84.91,2243,7.58,MEDIUM
31.13,73.17,2003,0.41,LOW
28.7,98.0,1872,0.35,LOW
31.15,83.34,2442,7.3,MEDIUM
32.34,87.41,3314,2.63,MEDIUM
31.04,64.85,3231,1.64,LOW
30.16,81.32,1151,2.13,LOW
30.61,96.09,3885,3.79,HIGH
29.59,71.49,3020,0.28,LOW
32.18,64.19,2094,1.6,LOW
32.99,82.06,2011,6.32,MEDIUM
30.47,73.31,2588,0.23,LOW
31.15,82.99,2007,1.47,LOW
26.56,77.76,2287,2.18,LOW
28.78,77.14,3042,5.34,MEDIUM
34.32,68.98,2357,3.56,MEDIUM
29.33,72.4,3145,0.2,LOW
29.4,78.36,1371,0.49,LOW
33.9,92.1,1325,8.27,MEDIUM
26.46,77.8,1803,1.88,LOW
28.47,86.15,1966,3.75,LOW
30.24,86.84,3266,2.31,MEDIUM
28.29,86.51,1662,3.37,LOW
27.29,67.88,3777,1.08,MEDIUM
32.24,67.47,2087,2.75,LOW
27.89,75.13,3626,5.1,MEDIUM
29.21,79.25,1970,0.81,LOW
34.03,70.07,3389,0.34,MEDIUM
34.43,72.02,2055,2.43,LOW
32.67,84.1,1665,0.73,LOW
32.54,89.53,1243,2.11,LOW
29.93,56.99,2808,1.89,LOW
31.26,98.0,2694,3.26,MEDIUM
28.36,75.93,3029,0.33,LOW
26.05,79.45,2315,1.34,LOW
32.75,68.6,1539,1.69,LOW
28.53,74.61,2486,2.48,LOW
27.12,98.0,2339,1.75,MEDIUM
33.95,87.75,2718,0.88,MEDIUM
27.69,90.89,2823,2.35,MEDIUM
28.93,80.0,2554,2.63,LOW
30.64,84.76,3624,2.32,MEDIUM
29.72,77.23,1959,2.24,LOW
28.44,90.69,1084,7.4,LOW
28.11,84.86,1975,8.23,MEDIUM
30.56,82.65,2832,1.2,MEDIUM
33.36,98.0,4095,7.39,HIGH
27.1,90.63,2720,5.79,MEDIUM
27.27,76.78,1214,0.43,LOW
30.57,77.78,2866,7.1,MEDIUM
32.56,80.34,2365,3.53,MEDIUM
33.14,69.33,1558,1.08,LOW
28.87,90.58,3225,3.41,MEDIUM
30.78,86.14,2908,0.14,MEDIUM
33.25,98.0,1294,3.22,MEDIUM
26.62,74.76,2753,6.33,MEDIUM
29.97,72.04,2026,4.63,LOW
29.84,75.93,3813,1.41,MEDIUM
28.22,58.91,3528,2.51,LOW
31.11,73.3,2819,2.69,MEDIUM
28.43,93.43,2771,6.06,MEDIUM
29.64,89.06,2374,0.12,LOW
28.13,76.1,1736,2.51,LOW
31.93,80.72,1894,2.74,LOW
27.82,66.89,1438,3.64,LOW
30.94,83.11,1700,0.11,LOW
31.22,76.1,2740,9.49,MEDIUM
28.59,74.85,3313,1.03,MEDIUM
28.15,91.48,2500,2.41,MEDIUM
27.33,83.63,1862,2.6,LOW
31.61,82.29,2339,1.59,LOW
27.59,90.28,2590,1.05,LOW
32.63,98.0,2788,2.6,MEDIUM
27.47,87.38,2996,0.8,MEDIUM
30.6,89.41,2135,3.55,MEDIUM
30.28,64.32,3298,4.28,MEDIUM
30.77,77.83,3845,1.67,MEDIUM
30.8,72.88,2944,3.63,MEDIUM
30.98,86.16,2736,1.04,MEDIUM
33.17,91.14,1659,5.31,MEDIUM
33.31,90.37,3476,2.62,MEDIUM
27.86,94.69,3697,0.7,MEDIUM
29.69,83.17,1080,2.76,LOW
30.2,82.4,3554,2.37,MEDIUM
28.59,83.71,2055,2.2,LOW
30.96,86.17,3464,3.62,MEDIUM
27.71,59.1,2835,1.73,LOW
28.53,80.36,1823,0.13,LOW
29.05,85.48,4058,2.41,MEDIUM
28.92,84.32,1670,0.59,LOW
32.77,84.08,2722,2.61,MEDIUM
28.25,92.04,2779,5.27,MEDIUM
30.49,89.03,3369,2.59,MEDIUM
31.06,81.79,3026,0.43,MEDIUM
28.59,83.58,1333,3.88,LOW
26.56,81.04,1597,1.6,LOW
30.4,98.0,2066,6.97,MEDIUM
31.92,80.88,2778,0.36,MEDIUM
26.36,88.14,2503,3.59,MEDIUM
32.3,84.25,3291,7.77,HIGH
31.46,68.15,2450,1.75,LOW
29.54,73.87,3211,7.85,MEDIUM
34.72,75.37,2108,0.54,LOW
28.94,88.6,1388,2.86,LOW
27.27,79.62,2069,1.36,LOW
26.22,74.18,3314,4.52,MEDIUM
30.77,74.63,1967,1.91,LOW
30.53,90.75,3643,1.06,MEDIUM
32.72,65.06,3653,1.37,MEDIUM
32.65,86.56,2420,1.45,MEDIUM
29.41,75.4,2598,3.68,MEDIUM
29.35,70.26,2328,4.58,LOW
26.77,77.97,2618,1.72,LOW
28.79,80.5,3291,8.06,MEDIUM
26.63,80.77,3432,3.04,MEDIUM
30.07,98.0,2679,2.36,MEDIUM
29.42,97.08,3531,0.84,MEDIUM
28.83,83.99,2445,0.29,LOW
26.43,83.3,2427,12.89,MEDIUM
32.2,80.99,3248,1.12,MEDIUM
31.06,97.66,2968,0.56,MEDIUM
29.42,65.98,3439,4.27,MEDIUM
36.0,95.09,2416,2.6,MEDIUM
30.41,72.76,1729,5.6,LOW
27.2,85.41,2145,1.83,LOW
33.83,72.07,1496,2.21,LOW
31.13,87.76,2635,2.59,MEDIUM
30.05,68.32,2412,2.3,LOW
28.29,76.61,500,1.36,LOW
29.15,91.09,2714,0.82,MEDIUM
26.08,81.48,2168,15.32,MEDIUM
28.7,84.4,1934,1.47,LOW
30.16,71.26,1970,0.87,LOW
32.48,80.44,2721,8.59,MEDIUM
28.06,87.47,2436,0.52,LOW
32.0,90.15,1590,3.75,MEDIUM
29.59,78.72,4095,5.99,MEDIUM
26.85,80.02,2899,3.51,MEDIUM
30.91,68.14,2007,0.78,LOW
28.14,87.22,2765,1.81,MEDIUM
30.29,73.5,500,0.57,LOW
33.05,75.15,3354,0.32,MEDIUM
33.16,63.13,1329,0.64,LOW
32.97,88.5,603,0.91,LOW
33.67,98.0,3465,1.59,MEDIUM
28.47,64.43,2150,0.47,LOW
36.0,75.49,955,2.51,LOW
31.11,82.7,3348,0.86,MEDIUM
28.27,73.35,2789,0.88,LOW
35.55,88.71,2940,1.05,MEDIUM
30.14,66.08,3136,3.66,MEDIUM
30.72,88.68,2810,4.11,MEDIUM
32.6,71.5,1439,11.91,MEDIUM
29.59,92.31,3265,3.04,MEDIUM
30.8,89.86,2341,1.03,MEDIUM
29.25,78.6,2823,0.73,LOW
26.42,81.64,3159,3.54,MEDIUM
33.09,83.32,3732,2.49,MEDIUM
32.93,96.5,1738,1.01,LOW
24.79,89.72,2865,1.49,LOW
29.08,83.02,3009,2.14,MEDIUM
27.29,84.03,1447,1.26,LOW
31.62,88.28,3882,6.05,HIGH
28.93,71.74,2335,7.43,MEDIUM
29.02,80.11,2013,2.34,LOW
26.44,81.82,3589,2.91,MEDIUM
30.24,89.4,1884,8.3,MEDIUM
28.12,69.77,2010,0.34,LOW
29.63,70.09,1991,0.49,LOW
29.65,73.26,2524,3.78,LOW
29.67,65.92,2709,4.07,LOW
29.66,93.23,2736,0.3,MEDIUM
26.88,70.98,3141,5.1,MEDIUM
31.54,79.51,4014,2.64,MEDIUM
29.8,61.36,3392,1.39,LOW
30.73,67.2,2098,9.0,MEDIUM
31.73,69.14,2288,0.15,LOW
29.13,87.55,2876,1.01,MEDIUM
31.27,58.08,1755,0.56,LOW
33.75,71.48,2470,1.83,LOW
26.99,81.28,2285,1.57,LOW
31.61,98.0,2881,2.28,MEDIUM
31.01,80.21,2697,0.51,LOW
30.27,85.71,3262,9.33,HIGH
28.95,61.56,1730,2.3,LOW
30.52,82.79,2103,0.61,LOW
30.94,83.94,2764,1.39,MEDIUM
31.47,74.67,3087,0.93,MEDIUM
27.57,95.12,1925,8.91,MEDIUM
30.73,89.27,2921,2.43,MEDIUM
30.28,76.16,2141,3.73,LOW
28.41,69.5,2946,2.64,LOW
30.86,91.01,1921,3.54,MEDIUM
30.39,80.6,2650,0.37,LOW
28.78,79.66,2670,0.36,LOW
30.44,75.59,2627,1.32,LOW
35.64,71.4,1385,8.58,MEDIUM
30.92,94.66,3358,0.42,MEDIUM
28.76,84.59,3021,0.68,MEDIUM
27.64,69.38,3852,2.08,MEDIUM
28.77,83.14,2162,2.33,LOW
27.97,81.54,2875,2.77,MEDIUM
29.06,80.38,1990,1.23,LOW
26.43,83.1,2514,0.27,LOW
31.69,66.63,3449,1.58,MEDIUM
31.72,86.9,2594,4.54,MEDIUM
29.73,82.87,1716,0.41,LOW
30.9,67.63,2606,1.12,LOW
29.03,72.59,2852,3.16,MEDIUM
29.57,68.06,3209,2.46,MEDIUM
28.03,87.61,2277,11.58,MEDIUM
29.52,90.01,3519,0.08,MEDIUM
29.32,77.15,500,3.24,LOW
31.23,93.91,3767,1.0,MEDIUM
27.94,87.07,1512,1.54,LOW
29.52,75.84,1837,4.36,LOW
31.4,82.34,3940,1.48,MEDIUM
28.94,74.18,1901,5.33,LOW
29.49,73.8,3674,3.09,MEDIUM
31.88,77.31,1169,1.85,LOW
31.17,91.48,2838,0.75,MEDIUM
26.64,60.88,2939,0.19,LOW
31.33,82.77,2294,3.69,MEDIUM
31.3,91.07,2708,1.01,MEDIUM
33.82,73.57,500,2.15,LOW
31.31,90.26,1366,0.78,LOW
31.75,82.37,1958,0.92,LOW
31.9,86.67,2021,5.64,MEDIUM
27.4,69.4,1851,5.05,LOW
31.94,85.39,2523,1.46,MEDIUM
30.9,68.89,2289,1.01,LOW
33.05,69.0,2302,6.44,MEDIUM
26.8,73.15,1323,2.26,LOW
31.15,84.75,3213,2.72,MEDIUM
28.5,73.75,1914,2.73,LOW
30.75,75.24,2497,0.73,LOW
30.02,90.18,2123,3.1,MEDIUM
29.78,79.1,1376,1.64,LOW
29.77,94.67,1460,0.06,LOW
30.12,86.08,1010,3.88,LOW
32.86,78.84,3143,1.14,MEDIUM
33.57,83.04,2002,5.56,MEDIUM
29.68,61.33,2141,1.95,LOW
32.54,84.03,2069,1.64,LOW
33.67,98.0,1870,5.77,MEDIUM
29.32,84.51,1990,2.03,LOW
30.13,78.24,3215,2.57,MEDIUM
27.47,81.96,2393,1.4,LOW
30.46,84.48,3511,2.83,MEDIUM
31.58,83.92,3823,6.2,HIGH
33.45,82.81,4095,1.12,MEDIUM
28.45,83.53,2947,0.43,LOW
30.1,98.0,2890,2.28,MEDIUM
29.38,87.72,3257,1.26,MEDIUM
29.21,78.38,2830,3.23,MEDIUM
33.24,91.98,2711,1.85,MEDIUM
28.55,81.58,2017,5.3,MEDIUM
28.66,66.15,2882,2.51,LOW
26.77,88.41,2444,6.71,MEDIUM
33.61,88.82,2233,2.99,MEDIUM
29.84,78.88,2538,1.19,LOW
32.94,82.19,3063,5.57,MEDIUM
27.59,73.75,1872,4.61,LOW
29.46,80.07,1959,3.87,LOW
29.11,83.7,2834,1.66,MEDIUM
26.95,79.32,2071,0.87,LOW
28.44,95.58,2448,3.53,MEDIUM
31.67,84.21,2973,2.6,MEDIUM
28.65,75.37,1449,5.98,LOW
29.53,66.59,4058,1.35,MEDIUM
31.3,97.17,3691,2.82,MEDIUM
31.67,82.45,2320,9.66,MEDIUM
33.49,86.17,3344,2.94,MEDIUM
26.95,98.0,3396,1.72,MEDIUM
30.55,77.04,3791,0.39,MEDIUM
28.78,89.83,2577,1.31,MEDIUM
30.63,85.36,2944,2.34,MEDIUM
31.62,82.81,2846,2.66,MEDIUM
26.06,88.71,2088,5.35,MEDIUM
35.33,98.0,3661,0.62,MEDIUM
28.52,75.92,3709,2.02,MEDIUM
25.7,68.33,2373,1.77,LOW
30.04,80.07,2877,1.9,MEDIUM
26.26,86.87,2524,3.5,MEDIUM
32.51,87.43,2005,0.54,LOW
31.15,75.24,2719,0.97,LOW
30.45,72.44,2049,3.96,LOW
31.84,85.83,2850,1.39,MEDIUM
31.08,72.33,2435,3.8,LOW
28.9,67.1,2363,0.42,LOW
33.58,80.59,3479,5.73,MEDIUM
31.91,88.69,2901,1.74,MEDIUM
28.58,79.04,2165,0.21,LOW
30.7,81.29,3668,0.28,MEDIUM
29.4,88.06,2826,0.27,MEDIUM
30.37,77.87,2793,0.77,LOW
27.94,84.3,1742,1.14,LOW
30.99,72.89,2166,2.81,LOW
26.31,69.3,2782,5.1,LOW
35.23,90.04,3417,0.44,MEDIUM
33.67,74.65,3059,5.07,MEDIUM
27.11,82.44,1774,4.7,LOW
31.89,84.2,4095,2.2,MEDIUM
30.35,82.94,2477,6.7,MEDIUM
31.78,83.62,2200,5.29,MEDIUM
31.56,80.61,3021,1.3,MEDIUM
30.38,93.2,2047,2.45,MEDIUM
26.37,93.98,2315,2.23,LOW
31.57,72.95,2059,4.37,LOW
29.91,76.27,3212,6.13,MEDIUM
30.16,78.07,4095,3.72,MEDIUM
30.02,57.34,3777,0.47,LOW
30.54,73.27,2990,1.05,LOW
33.07,82.16,3232,0.44,MEDIUM
27.45,82.06,4095,1.18,MEDIUM
31.53,69.79,2969,0.53,LOW
30.62,87.91,1751,2.16,LOW
30.62,73.77,2146,0.29,LOW
31.13,85.64,3535,2.5,MEDIUM
27.28,83.65,3240,3.58,MEDIUM
34.48,83.66,4086,8.02,HIGH
31.95,72.49,500,1.79,LOW
30.07,70.21,2913,0.8,LOW
29.94,79.76,1999,0.71,LOW
33.57,82.47,2407,4.41,MEDIUM
30.89,77.78,2598,0.6,LOW
30.1,82.67,1952,1.99,LOW
31.16,76.0,3431,1.27,MEDIUM
31.41,65.19,3823,1.9,MEDIUM
31.61,79.35,2854,3.65,MEDIUM
30.04,95.19,1804,5.12,MEDIUM
26.97,89.12,2421,3.01,MEDIUM
30.6,80.94,3343,2.6,MEDIUM
29.98,96.4,1964,8.4,MEDIUM
29.24,78.04,2069,2.88,LOW
32.16,82.78,2070,3.84,MEDIUM
34.18,76.01,2774,3.89,MEDIUM
30.07,90.7,2729,4.94,MEDIUM
27.26,81.43,2112,3.11,LOW
29.58,87.41,2766,2.13,MEDIUM
29.03,98.0,1823,3.52,MEDIUM
30.6,88.62,2698,6.08,MEDIUM
29.09,67.62,2153,0.89,LOW
31.12,65.79,3654,0.92,MEDIUM
26.31,87.98,1439,4.0,LOW
32.52,94.23,2574,7.51,MEDIUM
32.21,83.67,2238,2.06,MEDIUM
28.63,85.9,2234,3.29,LOW
27.06,79.14,3429,5.2,MEDIUM
28.81,82.2,3047,0.62,MEDIUM
29.46,77.02,2661,0.69,LOW
31.03,78.22,2516,1.19,LOW
30.12,84.49,2162,1.81,LOW
31.18,72.01,2340,0.25,LOW
30.44,74.2,500,6.73,LOW
25.78,85.39,2756,0.84,LOW
30.8,74.0,3327,1.8,MEDIUM
33.72,80.61,1234,2.46,LOW
26.64,78.78,2803,2.92,LOW
32.25,87.18,2779,7.36,MEDIUM
27.69,85.06,3613,10.12,HIGH
29.27,90.18,742,1.87,LOW
31.16,86.46,2380,6.75,MEDIUM
30.05,85.61,2267,2.4,LOW
32.19,84.19,676,0.98,LOW
30.05,71.0,1865,1.76,LOW
28.74,77.05,1720,0.57,LOW
28.31,73.14,3651,0.6,MEDIUM
29.01,98.0,1693,6.21,MEDIUM
28.0,83.91,2354,2.61,LOW
26.71,87.33,3938,0.79,MEDIUM
26.33,88.87,3294,3.56,MEDIUM
30.61,82.24,2830,1.72,MEDIUM
27.94,85.34,2596,0.71,LOW
29.94,73.07,1253,1.19,LOW
29.32,87.16,3210,3.85,MEDIUM
32.24,93.31,2303,1.21,MEDIUM
31.33,83.04,1720,0.78,LOW
32.37,90.2,1544,0.88,LOW
28.1,75.37,2578,0.1,LOW
28.69,84.83,2548,3.03,MEDIUM
28.73,80.11,4095,2.4,MEDIUM
29.74,67.49,1955,6.33,LOW
31.19,81.54,3318,0.34,MEDIUM
34.88,94.11,2744,5.94,MEDIUM
27.02,56.05,1460,7.72,LOW
27.65,82.46,2000,6.11,MEDIUM
28.89,62.42,2010,1.41,LOW
33.2,84.04,2443,3.06,MEDIUM
32.39,76.38,2561,2.78,MEDIUM
26.42,83.31,2807,1.65,LOW
30.65,85.45,2845,2.75,MEDIUM
29.64,80.05,2292,1.27,LOW
25.8,86.6,1862,3.89,LOW
28.92,73.26,2809,5.76,MEDIUM
30.57,76.26,3689,4.87,MEDIUM
31.0,80.03,3882,1.85,MEDIUM
30.0,75.31,2937,2.32,MEDIUM
29.95,77.59,3121,4.12,MEDIUM
32.95,88.74,1407,1.93,LOW
29.07,80.79,2679,5.04,MEDIUM
30.75,80.95,1495,0.6,LOW
29.65,70.04,3180,1.1,LOW
30.76,81.79,1667,0.73,LOW
28.68,95.57,1941,2.83,MEDIUM
33.72,90.01,2839,0.75,MEDIUM
31.13,69.73,4003,3.17,MEDIUM
33.03,89.94,2564,3.9,MEDIUM
28.45,78.86,2586,5.78,MEDIUM
32.36,82.46,2816,0.1,MEDIUM
30.44,78.47,3134,0.83,MEDIUM
27.82,77.97,1403,2.53,LOW
28.83,81.8,1941,1.43,LOW
27.43,74.79,1673,4.32,LOW
28.1,68.9,4095,2.93,MEDIUM
31.86,92.56,3125,4.08,MEDIUM
32.94,82.34,2179,6.43,MEDIUM
27.6,74.56,2450,4.55,LOW
32.56,84.98,3222,2.08,MEDIUM
30.71,77.29,1894,3.23,LOW
33.64,90.59,1092,2.64,LOW
33.19,80.35,2069,5.02,MEDIUM
30.19,97.53,3255,4.79,MEDIUM
34.09,62.89,2591,1.66,LOW
29.6,76.05,3418,1.54,MEDIUM
34.76,81.88,2891,1.08,MEDIUM
29.52,71.48,1645,8.99,MEDIUM
34.24,74.46,3567,14.29,HIGH
32.33,67.23,2194,4.1,LOW
27.04,89.3,2055,0.54,LOW
28.7,78.79,1623,3.85,LOW
27.5,88.56,1538,1.2,LOW
33.36,85.44,2599,3.88,MEDIUM
27.71,86.51,2799,1.72,MEDIUM
33.76,71.84,1545,2.23,LOW
31.47,76.97,2555,3.08,MEDIUM
31.07,67.88,1621,1.29,LOW
29.62,71.62,1168,1.27,LOW
27.81,77.86,3845,5.02,MEDIUM
31.34,71.17,2424,0.76,LOW
30.46,86.37,4028,3.35,MEDIUM
35.05,77.92,3294,2.03,MEDIUM
31.91,77.9,3013,0.01,MEDIUM
34.47,73.29,3285,1.54,MEDIUM
32.15,63.61,1341,3.64,LOW
32.18,88.1,2524,8.84,MEDIUM
32.83,60.9,2939,1.14,LOW
27.79,83.79,2091,9.09,MEDIUM
29.49,77.59,2109,3.47,LOW
33.54,88.39,2602,1.94,MEDIUM
29.78,80.24,2479,3.06,MEDIUM
27.45,77.88,3353,0.29,LOW
31.0,80.73,1457,6.71,MEDIUM
30.42,78.15,2651,2.84,MEDIUM
27.47,66.56,2537,1.23,LOW
27.68,77.21,2463,3.93,LOW
30.5,70.44,1635,0.47,LOW
30.83,86.75,1853,0.33,LOW
25.74,64.91,2185,0.12,LOW
27.94,81.29,3498,0.28,MEDIUM
32.72,78.51,2909,4.29,MEDIUM
32.16,71.53,4095,1.23,MEDIUM
29.19,93.4,2140,1.39,LOW
26.76,65.8,2045,1.83,LOW
30.32,89.49,2991,0.6,MEDIUM
30.59,68.36,3371,3.47,MEDIUM
33.65,76.54,2219,1.55,LOW
31.32,76.95,4095,7.52,HIGH
29.33,67.76,4084,3.02,MEDIUM
30.51,82.53,1613,5.61,LOW
28.25,82.87,3269,2.04,MEDIUM
30.12,89.06,1658,0.6,LOW
27.15,77.38,1778,2.68,LOW
30.67,76.37,2065,1.62,LOW
29.36,81.68,2224,1.27,LOW
34.3,72.4,4059,0.51,MEDIUM
32.08,90.79,2622,0.68,MEDIUM
31.48,85.84,2428,2.63,MEDIUM
28.16,67.63,2448,1.33,LOW
25.29,84.06,1111,0.66,LOW
31.51,72.34,2470,2.94,LOW
27.03,85.68,2564,0.54,LOW
26.37,86.82,3430,2.25,MEDIUM
28.83,74.14,1972,0.3,LOW
31.23,79.81,3921,0.47,MEDIUM
29.92,96.07,1998,2.62,MEDIUM
30.72,74.96,2127,0.62,LOW
33.34,79.33,2169,3.79,MEDIUM
24.0,70.07,2334,4.45,LOW
28.11,78.64,2791,7.15,MEDIUM
29.91,61.71,1343,10.02,LOW
32.24,77.54,2467,1.45,LOW
27.92,81.68,1921,0.39,LOW
33.76,84.51,4075,1.76,MEDIUM
31.43,83.88,2638,0.87,MEDIUM
32.84,86.12,1983,1.28,LOW
31.22,75.27,2590,2.66,MEDIUM
29.62,94.27,1853,3.12,MEDIUM
30.01,79.75,3556,1.38,MEDIUM
30.3,87.3,2225,4.12,MEDIUM
33.03,75.73,3324,0.72,MEDIUM
29.17,81.38,2748,1.71,MEDIUM
28.52,78.55,2080,7.34,MEDIUM
31.39,68.14,2604,1.5,LOW
29.08,72.86,2785,1.55,LOW
27.44,89.17,2040,2.95,LOW
28.31,83.12,500,1.73,LOW
28.01,79.36,2307,2.09,LOW
26.43,83.84,1872,0.38,LOW
31.43,62.78,2733,1.48,LOW
27.94,66.15,3642,3.96,MEDIUM
29.91,71.41,2936,6.11,MEDIUM
30.79,82.82,2640,2.29,MEDIUM
25.78,65.6,3324,0.18,LOW
26.04,67.85,2359,3.09,LOW
26.58,85.35,3391,1.67,MEDIUM
31.19,75.81,3219,3.52,MEDIUM
27.87,79.89,1753,3.07,LOW
25.14,85.59,1284,2.43,LOW
30.19,75.35,2861,0.87,LOW
27.58,73.54,4095,8.95,HIGH
29.13,72.49,2591,2.46,LOW
31.4,75.91,1788,10.96,MEDIUM
27.14,80.06,2187,3.75,LOW
28.78,88.32,1223,0.42,LOW
28.97,83.74,2261,2.92,LOW
28.99,92.19,2781,8.59,MEDIUM
24.69,72.74,2485,1.24,LOW
30.76,87.79,2893,4.27,MEDIUM
33.9,73.08,2679,1.65,MEDIUM
32.45,87.35,4095,2.03,MEDIUM
30.31,85.65,3635,3.75,MEDIUM
25.98,88.42,4072,4.75,MEDIUM
26.18,96.21,3366,3.74,MEDIUM
30.48,66.19,3338,1.5,MEDIUM
29.18,67.38,1721,11.09,MEDIUM
30.19,86.03,1475,3.19,LOW
27.42,83.28,2089,6.93,MEDIUM
26.25,73.21,1843,3.59,LOW
30.95,87.29,3471,1.93,MEDIUM
35.85,83.67,809,2.04,LOW
30.97,66.27,2005,0.59,LOW
28.61,67.86,1818,0.19,LOW
33.79,73.99,3579,3.34,MEDIUM
26.69,98.0,3338,2.24,MEDIUM
28.12,91.94,1611,3.19,LOW
26.45,76.62,2424,0.55,LOW
29.94,77.07,2596,3.33,MEDIUM
32.65,74.6,2540,1.76,LOW
30.01,68.65,3364,3.52,MEDIUM
30.94,72.18,1723,0.5,LOW
29.14,73.63,2831,1.69,LOW
26.98,64.76,3004,0.47,LOW
29.5,98.0,2091,5.86,MEDIUM
29.84,77.41,2041,2.17,LOW
29.8,88.15,2471,2.79,MEDIUM
33.67,79.57,3106,0.55,MEDIUM
30.86,76.83,2307,4.16,MEDIUM
29.02,81.51,3274,1.98,MEDIUM
30.15,68.08,2011,1.66,LOW
31.26,89.42,2543,0.21,MEDIUM
32.72,84.95,3504,5.21,MEDIUM
29.23,65.43,2589,8.16,MEDIUM
30.54,86.71,1765,1.29,LOW
28.73,89.52,2888,3.37,MEDIUM
28.53,83.93,4095,1.22,MEDIUM
27.84,82.9,3376,4.72,MEDIUM
30.55,73.58,2362,5.41,MEDIUM
29.07,97.57,3754,7.96,HIGH
26.37,97.36,1578,5.46,MEDIUM
29.95,80.04,2820,2.62,MEDIUM
31.73,84.9,2832,0.88,MEDIUM
29.77,94.11,3622,1.43,MEDIUM
28.17,76.43,2949,7.28,MEDIUM
29.35,83.3,2824,0.49,LOW
32.8,69.83,1463,3.31,LOW
27.88,84.23,2067,2.18,LOW
32.29,98.0,1304,0.72,LOW
28.65,95.27,2788,1.77,MEDIUM
31.41,80.29,2491,0.92,LOW
29.59,62.92,1745,3.43,LOW
32.26,77.06,3113,2.16,MEDIUM
33.52,73.09,2872,1.61,MEDIUM
31.21,73.96,1936,9.42,MEDIUM
31.81,75.57,630,0.23,LOW
26.36,69.52,2767,2.93,LOW
28.47,84.29,2890,3.53,MEDIUM
29.35,79.59,1171,4.65,LOW
30.15,73.52,2315,0.95,LOW
30.93,90.85,1792,0.4,LOW
31.95,70.36,3146,1.09,MEDIUM
33.65,81.02,2033,2.29,LOW
30.7,78.18,2354,10.03,MEDIUM
34.08,90.9,2691,2.78,MEDIUM
29.16,82.99,2355,5.66,MEDIUM
28.94,69.1,3285,0.36,LOW
26.95,88.95,2257,0.79,LOW
30.87,78.91,2013,2.74,LOW
33.37,90.77,3737,5.91,HIGH
30.88,67.02,3157,0.86,LOW
31.0,72.48,3547,3.12,MEDIUM
29.01,82.32,3039,0.56,MEDIUM
29.53,89.26,3089,3.57,MEDIUM
28.62,81.94,2405,2.94,LOW
28.96,87.89,3046,2.18,MEDIUM
28.64,76.39,2900,1.18,LOW
25.8,70.54,3117,1.21,LOW
28.61,76.79,2606,2.75,LOW
32.54,89.72,2901,2.33,MEDIUM
28.75,75.63,2091,2.28,LOW
28.58,91.68,1428,3.82,LOW
33.23,73.26,2349,0.23,LOW
26.45,89.49,2612,8.46,MEDIUM
30.34,61.93,2228,4.69,LOW
32.17,77.28,2845,5.87,MEDIUM
29.37,93.39,2790,2.25,MEDIUM
34.03,66.67,1776,1.1,LOW
30.02,65.8,3189,3.73,MEDIUM
31.76,72.77,1921,2.57,LOW
26.84,69.87,2538,0.91,LOW
29.88,87.49,2645,4.22,MEDIUM
30.62,72.02,3199,4.57,MEDIUM
30.75,98.0,2516,2.37,MEDIUM
31.69,82.61,1477,1.67,LOW
29.2,83.92,2097,0.35,LOW
31.74,81.76,1989,2.03,LOW
32.57,84.11,1858,0.2,LOW
29.83,60.51,2430,3.83,LOW
29.33,98.0,2339,1.27,MEDIUM
29.53,77.11,2552,2.4,LOW
29.45,69.62,3143,1.89,LOW
30.89,80.72,1387,1.45,LOW
31.64,96.85,3197,0.32,MEDIUM
30.87,80.55,3257,1.31,MEDIUM
29.59,82.9,2537,0.66,LOW
33.25,96.06,3567,2.57,MEDIUM
29.82,68.78,1984,1.78,LOW
32.18,74.93,1645,0.97,LOW
27.35,98.0,3270,1.29,MEDIUM
32.61,81.99,2897,0.46,MEDIUM
29.34,92.54,2693,3.91,MEDIUM
28.34,69.76,500,0.41,LOW
31.93,75.77,1125,4.08,LOW
30.57,61.52,2596,4.88,LOW
29.66,89.94,1981,0.32,LOW
30.11,75.25,776,1.56,LOW
28.37,76.12,2594,0.53,LOW
30.5,73.24,977,3.73,LOW
29.29,88.04,2821,7.25,MEDIUM
28.16,77.14,2465,5.93,MEDIUM
30.97,74.36,2827,4.11,MEDIUM
31.33,91.12,2381,2.34,MEDIUM
30.87,72.51,2157,1.39,LOW
30.91,76.21,1313,2.14,LOW
36.0,69.55,2612,1.54,MEDIUM
29.83,88.55,1587,7.03,MEDIUM
28.06,86.65,2351,5.91,MEDIUM
29.15,83.76,1509,1.81,LOW
32.55,76.43,3882,0.58,MEDIUM
34.8,79.82,2387,8.85,MEDIUM
30.3,67.93,2158,2.5,LOW
24.14,84.68,4095,4.1,MEDIUM
30.54,79.97,2900,2.33,MEDIUM
27.08,80.53,2417,3.28,LOW
28.44,85.79,2318,3.28,MEDIUM
26.73,79.33,3094,2.13,MEDIUM
30.5,86.33,1926,1.97,LOW
26.18,89.41,2134,2.93,LOW
27.17,79.95,2024,2.86,LOW
32.47,76.79,2771,1.12,MEDIUM
29.57,79.39,1040,0.57,LOW
29.39,74.01,2812,1.47,LOW
29.48,90.7,2598,0.28,MEDIUM
28.47,75.86,3213,1.32,MEDIUM
30.55,82.51,3826,0.79,MEDIUM
31.58,84.87,1284,1.17,LOW
28.14,82.38,3214,6.87,MEDIUM
32.88,82.49,3462,1.59,MEDIUM
29.5,75.18,2781,2.28,LOW
32.66,77.12,2085,0.72,LOW
27.72,83.43,1975,0.47,LOW
33.12,74.82,2911,4.03,MEDIUM
28.5,91.63,1491,0.76,LOW
32.98,94.52,3580,6.12,HIGH
32.42,92.87,3342,0.19,MEDIUM
30.5,65.5,1974,3.31,LOW
35.55,80.3,2238,0.06,LOW
27.77,82.82,2226,2.07,LOW
31.96,83.05,1416,1.61,LOW
28.4,80.97,2125,2.49,LOW
28.03,70.45,2609,3.03,LOW
30.08,93.21,3352,3.67,MEDIUM
27.13,80.93,3327,0.67,MEDIUM
27.46,81.78,2421,1.29,LOW
32.86,89.93,3800,2.26,MEDIUM
33.2,74.05,3378,11.9,HIGH
26.84,86.19,2072,1.94,LOW
29.21,75.62,2116,0.71,LOW
31.84,86.85,755,1.07,LOW
28.38,87.76,2240,3.44,MEDIUM
30.49,66.29,772,1.17,LOW
28.39,67.24,3164,1.39,LOW
27.41,79.4,2361,0.42,LOW
28.54,76.93,3173,2.53,MEDIUM
27.97,89.05,3083,0.38,MEDIUM
32.51,70.53,1453,3.86,LOW
34.62,87.28,3650,6.13,HIGH
30.05,87.03,2847,2.98,MEDIUM
30.54,80.94,2065,0.84,LOW
32.94,83.3,1903,5.57,MEDIUM
31.44,87.46,2779,2.63,MEDIUM
31.22,89.24,1400,1.01,LOW
31.29,72.3,2227,0.84,LOW
28.17,92.71,2294,3.69,MEDIUM
31.23,77.84,2495,7.2,MEDIUM
31.89,59.36,2652,3.08,LOW
29.9,65.8,3193,2.49,MEDIUM
28.13,78.61,3059,4.2,MEDIUM
31.59,74.29,2606,1.52,LOW
32.05,61.23,2738,2.67,LOW
31.58,83.96,1383,0.13,LOW
33.69,69.04,3312,0.63,MEDIUM
31.95,81.19,3990,0.42,MEDIUM
30.13,62.54,2238,2.13,LOW
30.58,92.17,3443,1.93,MEDIUM
29.36,77.5,2553,5.59,MEDIUM
29.45,82.29,2861,0.84,MEDIUM
27.53,67.56,1888,4.93,LOW
27.73,87.67,2386,3.42,MEDIUM
24.41,50.0,2256,2.7,LOW
27.45,98.0,3373,7.2,MEDIUM
33.24,75.56,2415,1.44,LOW
30.76,66.75,3014,1.07,LOW
29.12,79.92,2335,7.25,MEDIUM
31.13,88.93,1425,3.48,LOW
33.67,75.47,3170,2.26,MEDIUM
29.82,76.48,2715,1.38,LOW
30.09,82.29,3454,1.19,MEDIUM
31.33,90.46,2824,2.94,MEDIUM
28.94,83.47,1302,7.59,LOW
28.0,80.34,2317,2.15,LOW
29.64,85.51,2526,3.25,MEDIUM
31.58,93.21,1678,2.32,LOW
31.13,87.5,2009,2.11,LOW
30.97,61.66,2275,2.73,LOW
29.72,74.27,3070,4.11,MEDIUM
33.94,86.71,2426,3.2,MEDIUM
30.75,80.43,1630,2.74,LOW
30.87,74.83,2894,2.4,MEDIUM
27.89,80.36,1664,0.21,LOW
26.28,79.59,1653,6.84,LOW
28.74,87.1,2999,1.87,MEDIUM
29.48,75.31,2424,0.44,LOW
32.23,72.84,3040,5.14,MEDIUM
30.96,82.47,3736,1.85,MEDIUM
27.78,88.02,1595,1.45,LOW
33.89,74.86,2409,4.85,MEDIUM
29.38,98.0,1728,3.88,MEDIUM
30.24,86.11,2009,0.34,LOW
30.83,82.39,2376,1.79,LOW
30.46,66.3,2090,1.84,LOW
28.63,78.76,2413,3.43,LOW
28.83,76.31,3210,0.86,MEDIUM
32.02,73.08,2706,0.92,LOW
30.76,78.32,3850,1.57,MEDIUM
28.06,67.07,1610,3.63,LOW
31.71,76.87,2899,5.76,MEDIUM
31.57,88.07,2371,1.06,MEDIUM
31.7,85.77,1384,2.67,LOW
31.31,83.59,2004,2.13,LOW
30.34,59.85,3537,3.12,MEDIUM
29.32,94.3,1530,3.63,LOW
30.25,89.94,2741,0.77,MEDIUM
26.01,88.58,1567,7.04,LOW
28.43,82.59,2601,0.53,LOW
31.28,63.89,2570,3.13,LOW
27.84,75.86,1612,0.92,LOW
28.45,74.02,2048,3.92,LOW
28.9,84.3,1255,8.21,MEDIUM
26.03,77.69,3460,1.31,MEDIUM
28.9,74.17,2029,2.59,LOW
32.04,77.1,3137,1.52,MEDIUM
27.64,79.53,1104,1.48,LOW
29.99,81.42,1843,3.83,LOW
28.39,83.82,1953,2.06,LOW
30.87,78.35,1803,2.76,LOW
29.28,64.87,2093,4.89,LOW
31.28,71.03,2388,0.98,LOW
28.68,77.9,3179,3.81,MEDIUM
30.9,66.85,2386,2.77,LOW
27.66,98.0,1791,5.7,MEDIUM
30.55,77.49,3670,4.3,MEDIUM
33.98,75.36,1703,8.81,MEDIUM
29.04,72.9,2878,0.4,LOW
34.91,75.83,2123,4.54,MEDIUM
30.37,69.1,1898,0.72,LOW
29.54,71.42,2013,1.4,LOW
28.9,85.08,2723,4.96,MEDIUM
29.04,75.64,2317,3.99,LOW
27.98,80.22,2291,0.46,LOW
31.46,83.57,2032,3.82,MEDIUM
24.74,98.0,2624,3.51,MEDIUM
30.08,61.98,2586,2.38,LOW
27.71,66.97,2133,4.06,LOW
32.47,96.24,2034,5.33,MEDIUM
33.53,68.46,3477,7.64,MEDIUM
32.31,90.47,3434,6.89,HIGH
30.86,80.22,2872,0.29,LOW
32.46,98.0,3511,0.78,MEDIUM
30.45,79.57,2277,9.77,MEDIUM
26.38,81.11,3412,0.37,MEDIUM
33.0,95.67,2467,2.16,MEDIUM
30.35,88.03,3747,9.04,HIGH
34.14,88.02,2255,2.59,MEDIUM
30.25,88.72,2637,7.95,MEDIUM
29.84,84.43,3176,1.62,MEDIUM
31.47,82.42,2565,1.05,MEDIUM
27.79,65.69,1526,0.84,LOW
28.84,75.72,1202,1.63,LOW
29.51,80.41,1511,3.18,LOW
31.31,79.73,2297,2.83,LOW
27.46,90.5,3005,3.67,MEDIUM
31.11,95.32,2012,0.7,LOW
27.28,81.31,3703,1.64,MEDIUM
25.86,72.48,1382,1.64,LOW
36.0,73.57,2454,6.46,MEDIUM
28.48,70.11,2047,4.16,LOW
29.91,57.64,2637,0.58,LOW
29.92,68.33,2706,2.92,LOW
30.92,73.89,1935,2.97,LOW
30.82,62.58,2127,2.38,LOW
30.3,58.74,1505,7.38,LOW
31.23,98.0,1703,2.76,MEDIUM
29.34,76.56,3952,3.3,MEDIUM
32.4,71.38,2703,2.19,MEDIUM
27.1,67.62,3744,0.99,LOW
27.26,72.83,1969,0.61,LOW
29.36,67.07,2062,1.67,LOW
30.49,73.44,3313,1.68,MEDIUM
30.56,73.36,1946,3.26,LOW
31.11,93.96,2277,0.12,LOW
30.25,79.46,1381,5.55,LOW
29.64,78.62,1874,0.1,LOW
31.43,80.51,2076,3.36,LOW
27.84,82.25,2681,0.46,LOW
27.69,94.75,3372,1.37,MEDIUM
30.77,68.31,3009,5.74,MEDIUM
31.4,89.96,2266,2.73,MEDIUM
33.07,79.87,3182,2.63,MEDIUM
30.63,85.95,2436,0.64,LOW
29.18,98.0,2415,2.8,MEDIUM
31.62,74.73,1808,3.75,LOW
25.7,92.92,1999,0.27,LOW
29.52,80.85,1783,2.24,LOW
26.06,75.49,2077,1.01,LOW
32.52,90.32,2200,4.27,MEDIUM
26.47,85.1,2647,0.31,LOW
29.71,72.58,2365,2.01,LOW
30.71,81.84,2142,1.54,LOW
30.36,86.17,2259,1.0,LOW
29.94,68.51,2995,1.46,LOW
34.29,82.45,2080,2.64,MEDIUM
27.27,69.07,2468,4.53,LOW
30.97,81.11,3426,3.01,MEDIUM
31.39,78.08,2195,4.51,MEDIUM
30.87,87.31,3113,3.33,MEDIUM
31.04,73.43,1939,3.7,LOW
29.16,71.17,2568,4.84,MEDIUM
30.28,96.41,2012,3.17,MEDIUM
30.64,80.35,3099,1.45,MEDIUM
28.33,75.88,2751,1.21,LOW
28.29,64.94,2859,3.7,LOW
27.37,83.04,2396,1.04,LOW
29.36,82.27,1625,2.66,LOW
31.34,87.93,2548,1.24,MEDIUM
35.27,93.31,2115,3.22,MEDIUM
30.89,86.89,2871,0.92,MEDIUM
28.16,78.95,3903,2.94,MEDIUM
31.82,81.19,3496,5.0,MEDIUM
27.8,77.05,1927,5.42,LOW
26.69,83.9,1790,1.39,LOW
31.31,82.89,2540,4.84,MEDIUM
29.96,73.87,3223,2.78,MEDIUM
31.81,89.43,2632,1.43,MEDIUM
28.64,89.56,1702,3.53,LOW
28.78,82.85,2068,6.02,MEDIUM
27.88,91.06,1185,4.17,LOW
26.48,73.37,3638,3.54,MEDIUM
30.92,69.75,2626,2.03,LOW
26.5,85.6,2178,0.22,LOW
28.44,89.63,2833,0.39,MEDIUM
28.64,74.67,3117,2.08,MEDIUM
32.43,78.69,1218,1.92,LOW
28.89,75.06,3391,1.01,MEDIUM
30.74,80.93,1761,1.99,LOW
31.53,75.05,2819,0.33,LOW
28.16,86.86,1304,8.84,MEDIUM
32.77,81.62,3720,3.55,MEDIUM
27.95,78.07,3265,1.47,MEDIUM
31.24,94.29,2570,13.49,HIGH
28.36,89.11,3073,2.16,MEDIUM
31.3,98.0,2577,0.61,MEDIUM
27.09,86.32,2755,1.56,LOW
29.95,72.97,2719,0.28,LOW
31.63,74.17,2875,1.16,LOW
26.02,70.49,2325,0.96,LOW
28.2,71.43,2221,4.33,LOW
30.03,94.52,1256,0.29,LOW
26.77,82.37,1056,0.88,LOW
28.05,66.69,3307,3.75,MEDIUM
31.48,72.95,1329,3.61,LOW
32.69,84.27,2127,0.45,LOW
28.82,91.47,3944,2.27,MEDIUM
29.36,77.25,3156,1.13,MEDIUM
30.87,85.71,2402,2.13,MEDIUM
28.58,80.42,3350,3.99,MEDIUM
32.09,69.67,2980,4.82,MEDIUM
31.28,76.25,2677,2.73,MEDIUM
32.48,79.54,2043,1.33,LOW
30.08,67.93,2741,1.47,LOW
30.15,75.94,2678,3.85,MEDIUM
27.99,75.97,3482,4.25,MEDIUM
31.39,98.0,2774,2.89,MEDIUM
29.2,78.47,3266,2.66,MEDIUM
26.86,83.04,2105,1.06,LOW
31.72,85.48,2865,3.47,MEDIUM
30.89,67.3,1476,1.4,LOW
29.9,78.76,2946,1.16,MEDIUM
28.15,86.16,2050,1.55,LOW
29.86,78.86,2675,7.63,MEDIUM
30.2,97.13,3083,4.78,MEDIUM
30.44,79.51,2121,4.59,MEDIUM
27.58,84.29,2698,0.42,LOW
29.99,79.34,902,0.85,LOW
26.17,95.21,3289,0.56,MEDIUM
29.96,77.4,3720,9.96,HIGH
29.35,78.36,2004,1.25,LOW
29.42,88.97,3106,1.03,MEDIUM
30.84,81.15,2710,3.7,MEDIUM
30.66,80.74,3506,5.14,MEDIUM
34.24,87.97,2250,5.03,MEDIUM
28.59,69.59,2117,2.45,LOW
31.69,83.68,1575,3.05,LOW
31.57,70.5,1879,2.51,LOW
35.01,84.01,2751,2.12,MEDIUM
31.01,77.86,3140,5.7,MEDIUM
30.53,78.87,2784,0.39,LOW
29.5,60.13,1807,4.72,LOW
31.55,86.21,2888,2.11,MEDIUM
29.13,84.24,2069,1.93,LOW
29.73,89.44,1638,2.26,LOW
32.34,74.68,3894,3.74,MEDIUM
28.8,73.67,2495,0.26,LOW
33.49,62.77,3215,3.37,MEDIUM
33.08,74.37,3268,1.96,MEDIUM
32.8,76.9,2248,8.12,MEDIUM
31.06,80.56,2266,1.74,LOW
30.93,81.12,1940,1.09,LOW
29.11,64.98,3063,0.49,LOW
25.74,74.33,1400,1.06,LOW
31.26,93.42,3083,1.8,MEDIUM
24.0,80.3,2090,1.4,LOW
32.0,97.95,1523,1.22,LOW
27.51,82.1,3521,1.83,MEDIUM
27.06,68.22,2856,1.14,LOW
29.95,78.91,2836,0.08,LOW
29.5,91.3,2630,5.74,MEDIUM
27.64,97.23,2514,1.85,MEDIUM
27.55,93.03,1275,4.84,LOW
28.02,68.07,3535,2.4,MEDIUM
28.46,88.81,2440,1.09,LOW
31.61,78.04,3861,2.04,MEDIUM
28.63,74.33,1953,1.66,LOW
32.76,83.45,2868,3.64,MEDIUM
26.45,96.15,2502,0.59,LOW
29.57,83.2,1630,1.23,LOW
30.4,78.16,1355,0.65,LOW
26.88,69.98,2528,0.43,LOW
28.84,92.24,1931,0.68,LOW
29.55,74.23,2500,1.08,LOW
25.37,71.78,2899,1.74,LOW
33.26,82.98,3719,8.01,HIGH
31.44,98.0,3881,5.17,HIGH
31.2,73.52,2764,1.24,LOW
32.83,83.23,3413,9.0,HIGH
29.15,81.85,1676,3.72,LOW
28.51,90.9,1497,2.34,LOW
28.49,64.57,3109,5.64,MEDIUM
25.85,75.68,3537,8.92,MEDIUM
28.06,86.75,3113,0.27,MEDIUM
28.62,73.27,2589,0.23,LOW
29.61,72.15,2664,6.05,MEDIUM
26.61,69.47,1252,3.42,LOW
28.69,81.74,3270,3.04,MEDIUM
28.43,84.47,2284,1.52,LOW
31.6,77.97,3992,0.66,MEDIUM
28.11,70.19,2715,1.04,LOW
28.4,64.67,2858,0.98,LOW
31.55,80.88,2576,9.42,MEDIUM
30.67,83.45,2724,4.24,MEDIUM
28.61,94.27,2286,2.25,MEDIUM
27.67,81.77,2000,1.91,LOW
32.88,70.07,2776,1.46,LOW
29.49,80.37,3640,1.01,MEDIUM
32.12,72.42,1721,1.5,LOW
26.34,85.49,2456,1.7,LOW
33.06,97.33,3142,0.19,MEDIUM
30.7,69.48,2419,6.08,MEDIUM
32.76,87.97,3956,5.62,HIGH
30.57,80.48,1883,2.3,LOW
28.36,74.64,1434,5.95,LOW
29.08,69.53,2341,1.17,LOW
29.55,62.49,2854,2.26,LOW
32.66,88.0,3679,0.86,MEDIUM
28.91,70.49,3758,2.93,MEDIUM
31.74,87.53,3157,6.51,MEDIUM
25.93,73.7,2210,2.08,LOW
27.82,83.63,3029,5.8,MEDIUM
26.89,75.1,1820,2.6,LOW
30.85,81.51,2658,1.36,MEDIUM
31.43,82.94,1312,1.03,LOW
28.98,81.33,1688,1.09,LOW
30.51,83.8,2793,1.2,MEDIUM
28.03,63.8,2820,2.43,LOW
27.97,79.84,1881,0.76,LOW
26.76,85.41,2176,0.5,LOW
25.88,75.89,2172,1.12,LOW
30.8,81.28,1556,0.32,LOW
29.24,71.91,3671,5.89,MEDIUM
27.93,73.07,1507,1.84,LOW
31.54,74.6,2472,6.04,MEDIUM
29.96,87.68,4095,3.85,MEDIUM
29.51,75.94,2732,2.32,LOW
28.33,71.12,2146,4.07,LOW
29.41,81.47,2524,1.69,LOW
32.31,65.81,2836,6.85,MEDIUM
28.09,88.14,639,0.47,LOW
28.38,90.1,2931,1.94,MEDIUM
33.77,93.31,3025,1.09,MEDIUM
28.57,87.99,1577,0.9,LOW
32.34,76.54,3264,1.59,MEDIUM
33.54,75.75,2932,4.71,MEDIUM
26.97,98.0,3046,5.97,MEDIUM
30.75,79.9,3050,6.33,MEDIUM
31.73,84.78,3739,6.73,HIGH
29.15,69.38,2476,4.03,LOW
28.14,88.26,4022,0.35,MEDIUM
25.76,74.16,2521,2.9,LOW
29.53,83.94,1773,1.43,LOW
28.8,95.05,1899,1.47,LOW
29.02,76.44,1259,0.59,LOW
27.5,61.7,1621,0.42,LOW
28.0,60.95,3398,1.33,LOW
26.79,73.97,2331,1.78,LOW
30.9,79.2,3184,3.52,MEDIUM
31.42,64.63,3185,5.16,MEDIUM
24.81,62.38,1786,1.72,LOW
28.95,75.06,1739,2.25,LOW
30.02,82.78,2359,7.22,MEDIUM
30.85,78.18,2599,12.09,MEDIUM
30.29,70.96,2637,2.63,LOW
32.15,81.29,1826,0.48,LOW
33.3,83.32,988,0.25,LOW
29.86,88.63,1979,0.84,LOW
33.64,77.68,2038,4.95,MEDIUM
28.81,67.73,2626,2.49,LOW
31.34,68.48,2708,2.6,LOW
33.83,60.51,1296,9.6,LOW
33.48,87.03,1970,0.61,LOW
33.12,97.37,1427,0.38,LOW
30.05,74.96,1498,1.68,LOW
27.93,87.73,3667,4.09,MEDIUM
27.92,86.42,2285,0.72,LOW
29.71,74.93,2668,2.65,LOW
26.92,65.82,1973,0.63,LOW
29.72,87.08,2759,3.71,MEDIUM
30.98,65.1,2140,0.16,LOW
27.15,69.74,4095,3.13,MEDIUM
28.89,98.0,1453,0.74,LOW
34.52,72.37,2992,4.46,MEDIUM
30.99,79.82,1462,2.27,LOW
26.93,90.55,4095,2.79,MEDIUM
28.57,98.0,2882,0.93,MEDIUM
29.51,75.43,2692,6.06,MEDIUM
32.89,58.54,2056,2.79,LOW
29.94,83.41,3431,3.42,MEDIUM
30.03,70.56,2211,5.54,LOW
30.69,72.04,1753,3.49,LOW
29.55,91.23,3770,1.99,MEDIUM
30.41,80.13,1953,2.55,LOW
29.4,93.44,3205,0.24,MEDIUM
27.96,83.65,1662,4.28,LOW
31.25,63.69,3365,2.38,MEDIUM
32.07,90.33,2340,10.09,MEDIUM
28.79,89.38,2781,2.18,MEDIUM
33.21,70.05,1937,0.14,LOW
33.92,85.72,1892,0.06,LOW
31.52,73.01,2153,6.04,MEDIUM
30.65,75.63,2601,5.15,MEDIUM
28.4,63.04,1805,2.47,LOW
33.9,78.98,2855,5.39,MEDIUM
29.37,91.05,2567,0.25,LOW
35.83,79.43,3662,1.06,MEDIUM
28.97,76.74,3457,1.8,MEDIUM
28.49,72.69,2067,0.89,LOW
30.1,79.3,3649,0.64,MEDIUM
28.69,72.05,2232,0.98,LOW
28.27,74.52,2671,2.48,LOW
30.56,80.53,1711,0.3,LOW
27.87,79.82,1655,2.92,LOW
27.27,82.41,999,1.83,LOW
29.89,73.32,500,0.11,LOW
30.19,82.63,2350,3.86,MEDIUM
31.98,74.03,3290,0.77,MEDIUM
31.22,76.29,1175,14.6,MEDIUM
32.64,63.41,2972,2.18,LOW
30.99,81.18,1772,1.72,LOW
30.59,79.59,2731,2.08,MEDIUM
26.83,82.59,1951,1.68,LOW
29.44,78.55,3741,0.59,MEDIUM
34.69,92.98,1414,2.69,MEDIUM
26.45,98.0,2278,1.61,LOW
29.54,91.4,2608,1.48,MEDIUM
30.01,70.35,1866,5.81,LOW
27.62,85.23,3445,1.45,MEDIUM
32.15,73.19,1778,0.78,LOW
26.59,63.65,2331,2.99,LOW
26.47,63.88,4088,5.83,MEDIUM
31.02,78.73,2616,7.22,MEDIUM
28.85,80.44,3548,0.78,MEDIUM
33.06,78.75,1654,1.09,LOW
30.81,72.13,3136,2.17,MEDIUM
30.43,76.16,3432,4.93,MEDIUM
28.27,72.63,2590,11.05,MEDIUM
31.38,86.74,1108,2.76,LOW
30.91,73.7,3294,6.58,MEDIUM
32.03,71.89,4095,2.23,MEDIUM
27.3,82.82,1023,2.89,LOW
30.29,75.11,2296,0.47,LOW
31.69,76.47,500,3.98,LOW
27.35,79.34,1057,2.02,LOW
30.82,90.02,2210,1.86,MEDIUM
29.89,80.87,1699,0.64,LOW
33.75,86.49,1521,4.06,MEDIUM
30.74,64.96,1895,7.28,LOW
28.59,93.0,2431,2.03,MEDIUM
25.65,72.12,2873,6.73,MEDIUM
27.45,58.54,2699,0.43,LOW
25.3,59.7,2535,2.72,LOW
26.2,85.38,1182,6.06,LOW
28.73,68.67,1950,2.64,LOW
30.16,79.85,3170,0.65,MEDIUM
32.41,62.34,1792,0.86,LOW
27.96,84.81,2308,2.0,LOW
31.85,74.16,3205,2.81,MEDIUM
32.46,70.24,2414,1.87,LOW
34.06,75.07,1573,2.94,LOW
31.47,89.45,1794,4.19,MEDIUM
29.16,76.29,1838,4.11,LOW
33.02,86.21,2726,2.9,MEDIUM
30.68,82.3,4095,4.87,MEDIUM
28.62,98.0,2835,0.64,MEDIUM
33.51,89.99,2138,2.12,MEDIUM
30.5,80.41,2227,0.5,LOW
30.25,81.23,2670,0.81,LOW
30.23,72.47,3211,0.5,LOW
32.08,94.01,3360,1.31,MEDIUM
27.6,77.35,2597,2.59,LOW
33.86,70.62,2146,5.14,MEDIUM
28.19,74.17,2294,0.85,LOW
33.73,85.34,1499,3.77,LOW
29.51,80.05,1826,1.21,LOW
26.88,78.24,2689,1.05,LOW
31.29,88.12,3369,0.99,MEDIUM
32.07,75.34,1730,2.05,LOW
28.15,77.95,1627,5.48,LOW
27.91,81.47,2232,2.52,LOW
28.51,88.77,3143,1.09,MEDIUM
29.99,77.7,4095,0.36,MEDIUM
28.7,90.41,2509,2.87,MEDIUM
27.23,98.0,2268,6.23,MEDIUM
25.17,84.89,3496,0.6,MEDIUM
29.41,77.76,3147,4.51,MEDIUM
31.59,74.31,3841,1.45,MEDIUM
31.32,78.66,2648,3.85,MEDIUM
30.14,74.73,2436,3.53,LOW
28.39,59.05,2618,2.21,LOW
30.04,90.52,3431,2.7,MEDIUM
27.99,85.53,2812,2.67,MEDIUM
30.84,70.28,1814,0.37,LOW
31.41,66.71,2153,3.89,LOW
30.06,75.6,2619,1.95,LOW
32.04,86.17,3711,4.25,MEDIUM
28.48,76.02,2846,0.36,LOW
31.65,86.01,2185,4.02,MEDIUM
26.71,78.53,2811,2.12,LOW
33.02,84.31,2987,5.47,MEDIUM
33.89,79.12,2231,3.11,MEDIUM
26.25,82.08,2825,4.57,MEDIUM
27.87,73.39,3373,7.19,MEDIUM
29.74,89.07,2586,5.15,MEDIUM
28.89,73.26,3024,3.68,MEDIUM
31.91,84.29,2398,0.74,LOW
26.99,75.7,2366,2.5,LOW
25.9,86.61,1892,0.5,LOW
27.4,63.43,4095,2.53,MEDIUM
30.46,83.73,1891,4.14,LOW
31.94,68.65,2508,5.34,MEDIUM
28.91,62.85,3099,0.7,LOW
29.58,77.78,2190,0.26,LOW
29.98,84.71,2087,1.73,LOW
30.53,83.6,1767,2.87,LOW
24.0,77.85,1367,0.73,LOW
29.7,86.26,3077,9.73,MEDIUM
28.53,75.51,960,1.83,LOW
30.94,69.24,3564,0.14,MEDIUM
31.68,74.02,2355,1.8,LOW
29.42,78.27,1843,2.62,LOW
28.65,71.07,1790,1.72,LOW
32.65,80.32,2519,3.14,MEDIUM
27.49,78.24,2715,1.18,LOW
31.84,60.8,1457,0.48,LOW
29.35,81.9,1231,1.52,LOW
32.39,85.44,1024,0.51,LOW
28.92,80.79,1348,6.88,LOW
30.77,71.17,2801,1.15,LOW
33.36,82.82,3357,11.74,HIGH
32.41,93.4,1630,0.67,LOW
31.33,72.48,3465,1.56,MEDIUM
29.42,90.74,1369,4.2,LOW
32.48,80.94,1565,0.8,LOW
27.82,67.6,1868,2.33,LOW
28.32,62.42,3526,0.56,LOW
30.73,68.62,2458,15.28,MEDIUM
29.66,80.88,3657,10.52,HIGH
28.54,76.4,2295,5.65,MEDIUM
30.66,75.06,1842,1.28,LOW
30.51,76.68,2214,1.51,LOW
32.99,63.02,2445,1.48,LOW
31.72,71.29,2758,2.73,MEDIUM
30.76,85.46,2694,1.43,MEDIUM
33.31,75.67,1454,5.23,LOW
27.79,65.82,3033,5.15,MEDIUM
31.44,80.89,1949,0.58,LOW
30.32,50.0,2381,2.7,LOW
30.15,90.28,2151,8.34,MEDIUM
30.94,81.47,1681,1.28,LOW
28.99,86.16,2459,1.8,LOW
29.61,73.45,1884,0.79,LOW
28.43,76.82,1675,5.58,LOW
32.6,64.4,2124,0.14,LOW
27.86,98.0,2112,0.13,LOW
28.11,77.48,2144,4.39,LOW
31.91,74.37,2513,0.28,LOW
31.65,76.99,500,1.91,LOW
31.68,82.66,2791,0.54,MEDIUM
28.98,63.57,1093,3.45,LOW
26.66,72.59,1598,3.45,LOW
32.28,83.53,990,11.52,MEDIUM
31.75,91.65,1892,2.71,MEDIUM
30.72,71.2,2800,3.12,MEDIUM
31.22,77.77,2739,1.08,LOW
32.42,90.84,1848,1.13,LOW
26.77,85.35,758,1.75,LOW
27.42,86.25,2874,1.27,MEDIUM
29.65,90.35,1568,0.94,LOW
30.43,82.4,1569,0.37,LOW
27.04,79.48,2093,0.34,LOW
31.05,90.8,2477,3.35,MEDIUM
30.51,74.26,3109,3.08,MEDIUM
30.24,62.15,1034,0.68,LOW
24.0,78.57,1753,1.74,LOW
30.07,89.06,1927,5.92,MEDIUM
31.12,81.85,2915,1.55,MEDIUM
36.0,87.07,3165,1.04,MEDIUM
34.61,88.8,2174,0.58,MEDIUM
34.94,85.36,2592,4.17,MEDIUM
31.09,90.43,2780,2.02,MEDIUM
31.52,92.18,2547,3.37,MEDIUM
29.81,71.33,2658,6.97,MEDIUM
30.43,61.41,4095,0.26,MEDIUM
24.9,98.0,1534,4.47,LOW
32.53,77.93,3556,6.27,MEDIUM
32.99,78.99,2908,3.12,MEDIUM
26.22,74.2,1648,2.93,LOW
24.56,83.1,2465,2.07,LOW
27.52,85.0,3426,2.22,MEDIUM
34.87,81.35,2979,3.22,MEDIUM
34.8,97.31,2001,1.58,MEDIUM
25.91,79.03,3478,1.52,MEDIUM
28.47,77.35,1894,0.45,LOW
26.93,98.0,1847,4.09,MEDIUM
26.5,83.71,1988,1.11,LOW
31.58,83.63,2750,5.96,MEDIUM
24.41,98.0,1649,4.21,LOW
28.8,68.01,2783,2.04,LOW
29.5,73.15,2543,5.39,MEDIUM
29.79,76.76,2376,2.82,LOW
28.32,73.23,3024,6.74,MEDIUM
31.91,94.06,2661,2.85,MEDIUM
27.5,70.52,3140,0.49,LOW
32.74,98.0,1820,2.48,MEDIUM
30.19,75.43,2470,1.34,LOW
29.59,68.67,520,2.69,LOW
32.74,87.53,2416,1.1,MEDIUM
31.11,85.12,3494,1.48,MEDIUM
27.75,68.09,2459,3.11,LOW
29.86,76.15,2961,0.81,LOW
32.09,94.42,2676,1.68,MEDIUM
31.12,77.08,2501,1.91,LOW
28.01,75.51,2263,3.37,LOW
28.37,89.21,3172,3.05,MEDIUM
28.28,85.82,2017,5.62,MEDIUM
29.59,85.07,2569,4.27,MEDIUM
27.24,90.44,2032,2.0,LOW
29.27,83.38,2545,2.75,MEDIUM
28.1,70.72,3001,2.05,LOW
33.73,81.77,2976,5.05,MEDIUM
31.82,68.87,1313,0.67,LOW
33.62,65.12,3239,1.86,MEDIUM
27.93,62.63,2790,0.83,LOW
30.9,90.36,1970,4.24,MEDIUM
31.12,95.52,1660,11.07,MEDIUM
30.16,74.82,2668,2.27,LOW
29.7,90.76,2348,1.83,MEDIUM
33.92,72.73,2701,4.24,MEDIUM
28.96,75.3,2303,1.76,LOW
29.87,77.83,2216,2.57,LOW
31.05,73.13,2166,2.3,LOW
29.25,89.36,2300,1.61,LOW
29.17,96.58,2931,2.36,MEDIUM
30.05,81.84,2464,1.4,LOW
31.32,92.09,2314,0.62,MEDIUM
29.85,62.46,2549,2.29,LOW
27.75,91.42,2463,2.91,MEDIUM
31.33,72.9,2922,4.87,MEDIUM
33.1,76.67,3190,4.83,MEDIUM
29.91,89.75,1709,4.41,MEDIUM
29.52,72.23,1938,3.18,LOW
31.21,90.78,1959,2.32,MEDIUM
34.11,83.01,2359,0.34,LOW
29.2,79.7,2323,6.06,MEDIUM
32.15,95.05,4095,5.93,HIGH
29.71,88.58,3062,2.63,MEDIUM
30.78,81.47,3211,2.66,MEDIUM
27.87,75.74,1763,2.42,LOW
28.89,69.33,2052,3.15,LOW
33.7,76.94,1813,6.52,MEDIUM
29.49,88.38,2760,1.17,MEDIUM
27.51,98.0,2980,2.55,MEDIUM
33.05,74.41,2948,1.28,MEDIUM
31.68,81.45,1900,0.14,LOW
30.48,65.69,1996,1.18,LOW
32.0,89.3,2824,1.21,MEDIUM
27.78,66.09,2547,6.29,LOW
31.59,74.79,3338,5.52,MEDIUM
32.79,82.38,3273,1.98,MEDIUM
26.76,86.39,3995,2.6,MEDIUM
31.72,61.18,2034,5.83,LOW
31.06,71.5,2389,1.49,LOW
30.61,72.05,2695,16.18,HIGH
29.63,64.92,2930,1.28,LOW
30.1,87.19,2427,1.81,MEDIUM
27.06,81.84,1464,0.63,LOW
32.38,86.17,2248,0.09,LOW
32.9,76.08,1834,3.81,LOW
25.6,71.14,2483,12.33,MEDIUM
29.34,79.1,2872,1.39,LOW
30.75,77.59,2773,0.31,LOW
33.09,76.94,3457,12.84,HIGH
26.77,65.54,3227,0.65,LOW
31.8,88.82,3949,2.72,MEDIUM
31.51,73.84,1502,6.14,LOW
29.55,82.5,2910,1.94,MEDIUM
30.5,85.26,1019,1.43,LOW
29.06,66.86,2208,2.39,LOW
30.61,85.07,2781,2.65,MEDIUM
27.6,81.03,3282,1.94,MEDIUM
29.66,62.47,3174,6.26,MEDIUM
28.31,79.84,2283,3.66,LOW
26.89,69.23,3575,0.56,LOW
31.52,78.15,2313,0.46,LOW
25.66,90.96,3019,5.21,MEDIUM
29.27,74.53,3227,3.69,MEDIUM
31.01,78.44,2770,4.68,MEDIUM
32.62,77.37,1491,3.76,LOW
27.71,81.63,1732,4.93,LOW
31.59,78.21,2912,6.41,MEDIUM
25.97,76.49,923,3.28,LOW
29.92,91.87,3680,11.44,HIGH
30.75,79.08,1760,7.23,MEDIUM
29.76,79.77,3171,1.83,MEDIUM
26.5,71.16,1265,1.78,LOW
27.41,77.88,2983,4.37,MEDIUM
28.95,94.09,4095,1.49,MEDIUM
30.19,70.96,1889,2.26,LOW
29.66,91.97,2158,1.61,LOW
26.39,79.1,3666,5.51,MEDIUM
33.29,74.12,1866,2.14,LOW
28.73,87.71,2971,1.65,MEDIUM
32.07,72.47,2922,0.57,LOW
30.35,75.73,2666,2.05,LOW
32.81,79.27,1251,1.19,LOW
32.36,71.86,3489,0.53,MEDIUM
29.77,87.92,2468,2.64,MEDIUM
31.13,97.96,4095,5.38,HIGH
28.63,73.97,1279,3.63,LOW
29.37,78.3,2489,1.1,LOW
35.17,79.95,2685,5.64,MEDIUM
24.21,70.04,2600,3.37,LOW
31.34,85.25,2746,2.32,MEDIUM
29.55,82.48,4095,2.39,MEDIUM
28.22,68.28,788,1.31,LOW
29.81,79.24,2197,7.02,MEDIUM
28.08,83.89,2089,3.12,LOW
30.83,79.62,2554,4.95,MEDIUM
31.41,92.59,1168,9.04,MEDIUM
28.54,86.58,3125,4.59,MEDIUM
29.68,71.54,3207,6.52,MEDIUM
30.82,86.01,3713,1.77,MEDIUM
28.23,75.18,2820,2.75,LOW
30.58,75.97,2611,1.58,LOW
32.78,89.91,1822,6.79,MEDIUM
29.48,64.45,3000,7.14,MEDIUM
30.24,72.45,2603,2.44,LOW
29.09,51.48,1370,5.38,LOW
26.21,91.67,1043,0.28,LOW
31.6,64.49,3151,2.63,MEDIUM
28.32,86.63,1674,3.76,LOW
29.86,80.1,1484,7.37,MEDIUM
31.73,67.91,1770,3.5,LOW
30.94,82.82,2091,1.53,LOW
31.85,75.57,2116,0.47,LOW
30.42,89.39,2571,4.01,MEDIUM
32.72,70.87,1776,2.78,LOW
29.91,80.93,2338,1.56,LOW
30.89,83.49,3485,1.3,MEDIUM
26.52,73.54,1951,2.93,LOW
28.38,69.67,2909,0.32,LOW
29.33,79.96,3436,2.12,MEDIUM
30.18,82.39,1998,8.28,MEDIUM
26.72,68.53,2237,3.9,LOW
31.29,69.8,2637,3.22,LOW
28.63,86.15,2258,2.27,LOW
32.54,81.22,2502,2.96,MEDIUM
32.13,80.53,2223,1.36,LOW
24.91,84.59,4006,5.2,MEDIUM
25.27,89.31,1811,1.64,LOW
29.4,73.79,2364,0.54,LOW
31.01,83.65,2911,1.24,MEDIUM
34.34,77.54,2985,7.89,MEDIUM
29.28,86.77,2442,2.06,MEDIUM
30.49,75.12,3634,2.01,MEDIUM
31.79,98.0,1840,6.06,MEDIUM
29.28,67.46,2782,5.78,MEDIUM
30.02,73.97,1953,3.21,LOW
32.15,87.86,1941,0.93,LOW
29.53,94.53,3867,1.13,MEDIUM
28.5,81.29,1335,7.89,LOW
28.15,82.72,2609,2.36,LOW
28.41,94.17,1267,5.43,LOW
28.78,74.79,2022,2.14,LOW
28.9,81.4,2860,4.95,MEDIUM
31.57,75.71,1752,0.32,LOW
34.03,84.41,3057,4.87,MEDIUM
30.48,88.93,3510,4.42,MEDIUM
31.38,79.77,1912,2.32,LOW
31.56,77.3,2996,6.0,MEDIUM
29.21,80.13,1489,1.33,LOW
30.82,83.16,3016,5.55,MEDIUM
32.37,91.79,2514,1.82,MEDIUM
28.34,89.37,2278,2.1,LOW
24.81,68.36,2509,1.69,LOW
27.49,83.63,3035,4.14,MEDIUM
29.97,90.46,2706,1.54,MEDIUM
31.76,70.6,3420,1.09,MEDIUM
26.7,75.61,2827,0.91,LOW
27.39,90.57,2068,0.16,LOW
25.88,78.04,3560,0.59,MEDIUM
31.89,77.65,1897,4.82,MEDIUM
29.98,82.27,2295,1.05,LOW
34.15,83.67,1751,3.43,MEDIUM
33.01,65.63,2952,5.73,MEDIUM
27.29,79.82,4095,0.43,MEDIUM
32.52,85.87,3581,1.57,MEDIUM
29.35,77.55,2433,1.32,LOW
24.59,76.43,4095,1.1,MEDIUM
33.96,75.95,1744,8.09,MEDIUM
31.77,87.23,2754,0.56,MEDIUM
31.23,78.37,2635,1.66,MEDIUM
30.62,81.17,2276,4.74,MEDIUM
33.28,84.14,2379,0.65,MEDIUM
27.59,78.83,2657,2.28,LOW
32.6,76.78,500,2.15,LOW
29.16,86.42,3688,1.08,MEDIUM
28.71,81.35,2084,3.12,LOW
28.15,73.59,3105,2.7,MEDIUM
30.07,68.53,1667,0.55,LOW
27.84,81.35,3138,7.83,MEDIUM
33.22,66.06,3144,2.15,MEDIUM
30.93,78.91,3213,1.94,MEDIUM
29.65,73.31,1940,0.2,LOW
29.65,77.95,2632,2.29,LOW
32.09,79.09,3610,0.52,MEDIUM
29.99,84.53,2635,5.81,MEDIUM
28.8,73.5,2937,0.5,LOW
29.07,91.92,3643,0.45,MEDIUM
31.19,75.35,4095,1.64,MEDIUM
33.08,85.08,1461,2.65,LOW
31.41,69.86,3129,5.54,MEDIUM
26.66,84.82,3090,7.76,MEDIUM
27.67,61.07,2231,0.68,LOW
26.2,80.97,3101,0.14,LOW
30.86,78.3,2801,5.19,MEDIUM
33.45,84.63,2832,0.84,MEDIUM
31.22,81.83,2180,0.63,LOW
30.43,72.71,2638,1.38,LOW
29.28,90.36,2902,1.78,MEDIUM
33.0,72.18,3128,2.57,MEDIUM
30.08,65.67,2408,2.81,LOW
32.62,83.85,3458,1.44,MEDIUM
31.05,89.58,2639,2.36,MEDIUM
32.92,73.0,1209,0.76,LOW
29.12,94.37,3495,1.89,MEDIUM
29.18,98.0,1009,4.13,LOW
32.46,75.45,1177,0.72,LOW
26.76,75.43,1488,0.83,LOW
29.63,70.32,2895,1.87,LOW
29.13,86.44,2945,4.49,MEDIUM
29.06,83.89,2461,1.85,LOW
28.97,86.07,1752,1.33,LOW
27.7,70.42,2187,1.52,LOW
32.73,58.83,1921,7.46,LOW
30.57,82.5,2498,1.24,LOW
30.89,81.13,2811,20.0,HIGH
28.4,79.3,1663,8.11,MEDIUM
32.32,80.67,2602,1.06,MEDIUM
27.15,87.68,2550,1.74,LOW
28.5,87.7,3132,0.88,MEDIUM
31.29,76.44,2338,5.61,MEDIUM
30.3,86.31,1802,0.19,LOW
31.26,86.97,2882,3.81,MEDIUM
29.89,70.35,2212,1.94,LOW
28.86,97.52,3420,2.82,MEDIUM
25.94,87.42,2010,1.65,LOW
29.09,85.26,2348,1.73,LOW
27.03,89.63,2396,0.68,LOW
29.15,72.66,1787,3.11,LOW
31.12,65.43,1936,0.77,LOW
32.45,79.89,1784,1.67,LOW
28.17,82.14,2072,1.67,LOW
33.64,76.23,2519,4.85,MEDIUM
30.62,87.47,2199,1.05,LOW
33.96,87.68,3180,0.42,MEDIUM
32.99,81.46,2468,5.98,MEDIUM
32.99,70.98,2682,4.06,MEDIUM
29.71,83.99,1959,9.84,MEDIUM
31.63,88.07,3478,2.86,MEDIUM
36.0,80.81,2359,1.36,MEDIUM
32.58,75.65,623,1.0,LOW
28.93,85.5,2971,4.5,MEDIUM
31.06,85.57,2702,0.41,MEDIUM
34.4,83.35,2095,1.75,MEDIUM
28.39,89.09,2088,5.38,MEDIUM
30.41,79.62,2622,1.46,LOW
29.49,77.14,1550,0.76,LOW
29.31,72.23,2662,1.23,LOW
29.73,93.07,3262,2.28,MEDIUM
29.39,81.95,2586,8.7,MEDIUM
31.3,76.62,2240,2.75,LOW
30.83,66.56,2350,2.0,LOW
31.15,71.86,2805,1.89,LOW
30.51,87.36,2621,1.54,MEDIUM
30.01,75.17,3009,1.36,MEDIUM
29.07,65.92,3338,0.76,LOW
30.32,79.61,2153,1.25,LOW
30.13,95.52,1810,7.01,MEDIUM
28.79,78.51,3556,5.9,MEDIUM
33.71,83.76,3016,0.84,MEDIUM
26.11,59.33,1899,1.25,LOW
27.78,81.12,3079,1.84,MEDIUM
24.27,91.87,2794,1.13,LOW
28.32,76.81,1581,4.48,LOW
29.6,60.86,1871,1.71,LOW
30.02,73.1,1596,3.21,LOW
27.69,77.03,3360,0.95,MEDIUM
32.04,92.68,3231,0.7,MEDIUM
28.15,87.03,2300,0.83,LOW
31.22,68.97,2713,8.51,MEDIUM
31.08,91.92,500,0.83,LOW
30.35,86.47,500,8.77,LOW
27.46,80.41,2759,0.81,LOW
28.75,87.82,1950,4.13,LOW
25.03,78.35,1730,2.94,LOW
30.07,80.01,3246,1.23,MEDIUM
32.92,98.0,1473,1.87,LOW
31.51,81.76,2200,2.13,LOW
29.56,83.5,3222,3.53,MEDIUM
32.2,77.78,1702,5.23,LOW
32.91,71.72,2205,5.35,MEDIUM
27.61,87.26,2490,3.4,MEDIUM
27.71,69.73,3466,2.03,MEDIUM
28.09,76.26,2503,3.49,LOW
30.41,71.73,2126,1.31,LOW
28.47,83.74,2153,8.02,MEDIUM
29.1,71.74,2789,6.01,MEDIUM
32.67,65.27,1731,1.08,LOW
28.42,86.89,2700,2.23,MEDIUM
28.4,87.22,2308,3.93,MEDIUM
32.42,74.11,2389,0.54,LOW
30.8,96.12,3315,6.43,HIGH
24.44,74.93,1864,1.19,LOW
31.67,95.52,3282,1.81,MEDIUM
33.3,86.4,2601,1.0,MEDIUM
27.88,64.28,3820,0.49,LOW
28.56,87.12,2549,0.18,LOW
32.31,80.44,3727,2.56,MEDIUM
32.62,79.26,3339,1.6,MEDIUM
34.53,80.09,3285,8.38,HIGH
29.47,85.32,2412,0.91,LOW
28.62,73.45,1399,11.94,MEDIUM
31.11,75.49,2641,1.55,LOW
29.2,86.74,1924,2.46,LOW
24.39,74.58,1688,0.19,LOW
33.52,74.13,1585,6.94,MEDIUM
26.54,75.07,2983,5.32,MEDIUM
27.78,74.8,1439,2.31,LOW
30.19,90.66,1627,0.29,LOW
25.89,71.73,786,2.02,LOW
31.66,93.21,3603,1.17,MEDIUM
30.29,83.31,1185,4.03,LOW
28.87,87.91,1855,3.6,LOW
33.73,69.27,2040,7.46,MEDIUM
30.21,78.12,3513,3.95,MEDIUM
31.71,88.18,1672,10.24,MEDIUM
27.31,72.34,4095,4.92,MEDIUM
29.0,84.95,1543,1.19,LOW
30.95,74.17,2913,2.03,MEDIUM
32.03,92.01,2663,0.46,MEDIUM
31.59,72.56,2105,4.23,LOW
27.91,69.77,2193,1.89,LOW
33.04,69.45,2106,0.38,LOW
31.27,67.49,3626,4.89,MEDIUM
31.21,78.0,1947,0.56,LOW
34.06,71.64,2537,0.63,LOW
32.58,98.0,3073,0.17,MEDIUM
31.09,82.88,3470,2.05,MEDIUM
25.11,79.4,3369,3.93,MEDIUM
29.9,79.82,1571,0.65,LOW
27.93,75.29,3138,2.71,MEDIUM
30.97,79.76,1193,7.55,LOW
29.59,87.07,1305,0.84,LOW
27.49,57.57,1396,0.78,LOW
32.28,89.97,2971,3.34,MEDIUM
29.26,76.89,2550,6.41,MEDIUM
29.68,71.36,901,5.99,LOW
28.69,76.72,1437,1.84,LOW
33.02,94.73,2664,2.2,MEDIUM
29.14,63.81,3917,4.77,MEDIUM
30.6,92.01,1731,6.18,MEDIUM
29.79,72.48,2569,0.32,LOW
30.23,83.84,2121,2.07,LOW
28.35,75.68,2056,6.02,LOW
31.58,72.77,1850,0.86,LOW
27.65,80.98,2722,1.22,LOW
32.03,81.34,3148,0.84,MEDIUM
31.05,91.56,2746,7.28,MEDIUM
29.84,97.26,3103,1.79,MEDIUM
31.47,76.37,3283,0.18,MEDIUM
27.95,80.59,1953,8.42,MEDIUM
30.6,77.43,2281,2.28,LOW
35.32,78.8,1515,1.61,LOW
29.57,87.8,1874,7.77,MEDIUM
27.73,67.1,1507,0.64,LOW
26.05,81.94,1887,4.71,LOW
26.55,78.55,1730,3.62,LOW
29.27,78.3,2841,1.35,LOW
29.02,61.7,1825,1.16,LOW
28.43,80.93,2369,1.8,LOW
30.87,79.55,3411,0.09,MEDIUM
26.98,73.39,3235,0.71,LOW
27.2,91.25,3152,2.86,MEDIUM
26.41,66.33,1539,1.02,LOW
31.03,95.08,2530,4.71,MEDIUM
33.67,79.73,3946,1.85,MEDIUM
30.52,71.85,3124,2.84,MEDIUM
28.39,53.89,2195,0.59,LOW
29.16,95.76,3581,5.48,MEDIUM
30.59,78.33,3554,2.49,MEDIUM
28.91,77.73,1539,2.02,LOW
30.61,84.23,2121,1.58,LOW
28.61,85.91,2985,0.6,MEDIUM
29.2,71.48,3018,4.65,MEDIUM
31.42,83.01,3790,0.49,MEDIUM
28.97,74.24,1077,6.37,LOW
29.89,73.42,2459,1.58,LOW
34.02,72.03,2415,2.65,MEDIUM
33.03,80.32,2343,1.54,LOW
25.13,82.33,3479,4.85,MEDIUM
27.54,76.39,734,6.14,LOW
29.9,65.65,2060,0.71,LOW
32.64,86.92,1565,4.02,MEDIUM
31.73,70.92,3859,1.11,MEDIUM
27.5,77.64,1510,5.16,LOW
29.81,73.71,1887,1.38,LOW
29.78,83.32,1539,3.07,LOW
28.0,89.08,2796,2.23,MEDIUM
29.1,72.69,2188,0.76,LOW
28.64,84.89,2754,2.16,MEDIUM
28.12,82.78,2639,11.96,MEDIUM
29.58,73.9,1767,7.28,LOW
31.04,74.46,2202,12.78,MEDIUM
31.3,70.12,1666,4.72,LOW
29.44,75.53,1667,3.77,LOW
36.0,82.03,2625,0.04,MEDIUM
28.86,84.8,2825,5.23,MEDIUM
30.57,72.61,1525,0.71,LOW
29.85,74.41,2805,0.34,LOW
32.89,78.86,3851,2.19,MEDIUM
29.64,82.57,2876,0.62,MEDIUM
30.52,92.6,3392,1.76,MEDIUM
29.86,70.02,2722,3.14,LOW
29.65,77.83,2376,3.28,LOW
31.15,70.99,1907,1.7,LOW
31.75,79.47,1446,2.96,LOW
24.0,79.04,3633,0.05,LOW
30.44,71.89,3722,2.21,MEDIUM
32.97,62.19,1958,5.74,LOW
28.71,77.03,2958,3.9,MEDIUM
27.34,85.14,1828,2.96,LOW
32.08,77.44,2910,0.29,MEDIUM
29.54,89.06,1696,3.56,LOW
27.74,70.03,2498,3.44,LOW
29.92,79.14,3349,5.37,MEDIUM
30.22,84.6,2156,2.01,LOW
31.81,91.65,2970,5.19,MEDIUM
28.66,74.89,3167,1.08,LOW
31.29,84.77,2443,2.14,MEDIUM
26.11,80.25,2427,2.89,LOW
29.88,68.09,3345,0.28,LOW
31.37,93.21,3312,3.9,MEDIUM
31.97,73.29,1970,1.29,LOW
30.1,76.75,3172,1.0,MEDIUM
28.88,76.93,2353,0.97,LOW
31.67,88.78,2408,1.72,MEDIUM
32.49,84.28,2185,1.98,MEDIUM
32.26,74.69,2023,0.74,LOW
29.33,77.06,2579,8.45,MEDIUM
28.52,73.01,2491,3.59,LOW
31.82,58.99,2142,0.85,LOW
30.84,75.43,3636,5.16,MEDIUM
28.29,56.63,2951,0.74,LOW
24.34,74.94,3097,2.56,LOW
25.68,85.88,2459,1.69,LOW
32.08,74.35,2223,1.48,LOW
32.75,78.55,2443,1.73,MEDIUM
33.59,85.99,2748,4.13,MEDIUM
33.62,71.96,3280,2.56,MEDIUM
29.94,94.21,2346,2.45,MEDIUM
30.54,64.85,2200,1.89,LOW
28.52,71.79,548,3.22,LOW
29.19,78.4,2276,6.23,MEDIUM
29.73,69.52,3375,1.88,MEDIUM
28.55,78.44,2477,8.86,MEDIUM
31.15,85.61,1934,1.91,LOW
29.33,70.5,2855,3.01,LOW
27.22,83.0,1932,0.08,LOW
27.57,85.76,3868,1.85,MEDIUM
30.93,63.31,2948,1.13,LOW
28.68,75.99,2153,1.84,LOW
30.23,69.72,2428,0.55,LOW
31.59,92.52,500,1.9,LOW
33.62,85.47,1892,3.77,MEDIUM
29.89,78.47,3011,3.09,MEDIUM
28.86,92.5,2687,2.39,MEDIUM
30.32,83.21,2005,0.92,LOW
30.33,90.08,1980,2.51,LOW
27.67,80.67,2909,1.87,MEDIUM
29.57,79.79,3244,6.62,MEDIUM
34.53,73.38,3190,1.5,MEDIUM
34.84,78.64,1503,1.55,LOW
32.38,87.3,2515,3.98,MEDIUM
28.17,88.09,2221,3.96,MEDIUM
30.14,71.12,2898,5.19,MEDIUM
31.18,74.86,1516,0.69,LOW
33.38,83.78,4095,0.62,MEDIUM
29.4,92.91,3344,4.95,MEDIUM
32.28,85.48,2752,8.86,MEDIUM
30.43,81.53,2719,4.08,MEDIUM
32.34,89.42,2627,2.96,MEDIUM
30.11,79.27,1778,3.63,LOW
28.84,82.92,4050,0.76,MEDIUM
31.65,83.48,1775,2.95,LOW
32.19,79.21,1305,3.3,LOW
32.21,76.03,3437,3.17,MEDIUM
31.43,72.43,2530,0.45,LOW
29.31,79.34,2258,1.15,LOW
32.5,86.62,2236,2.61,MEDIUM
24.39,67.71,3046,2.62,LOW
30.11,80.49,2463,1.06,LOW
31.58,89.48,2517,3.94,MEDIUM
31.86,78.48,2742,4.26,MEDIUM
29.74,79.98,3813,2.57,MEDIUM
28.38,82.22,2919,2.78,MEDIUM
30.3,76.59,1894,0.78,LOW
28.3,67.01,3174,4.68,MEDIUM
28.83,85.5,2759,0.49,LOW
31.73,74.16,1673,3.37,LOW
29.24,69.96,2054,0.07,LOW
28.12,66.08,2784,5.13,LOW
30.85,74.33,3321,4.04,MEDIUM
29.47,85.58,3816,4.37,MEDIUM
30.74,81.38,1135,8.15,MEDIUM
31.8,84.21,1889,0.34,LOW
32.2,79.69,2729,1.26,MEDIUM
31.89,83.08,1345,1.86,LOW
29.57,80.44,3138,2.03,MEDIUM
30.34,72.94,1689,2.57,LOW
29.63,84.9,2482,0.23,LOW
33.81,81.18,1628,1.21,LOW
26.21,74.41,2773,0.12,LOW
30.48,71.4,2896,0.84,LOW
30.38,66.9,2578,2.55,LOW
27.92,84.32,1933,8.05,MEDIUM
32.43,84.74,2946,1.81,MEDIUM
25.49,98.0,2713,1.89,MEDIUM
28.95,68.77,2711,3.21,LOW
32.24,70.74,1799,4.04,LOW
30.84,82.73,3086,0.37,MEDIUM
27.07,89.89,2798,0.99,MEDIUM
28.19,75.82,2630,0.12,LOW
31.42,92.43,2781,6.7,MEDIUM
28.45,90.43,1879,1.42,LOW
32.13,76.78,1976,1.52,LOW
27.24,71.85,2296,1.68,LOW
30.31,65.72,3437,3.74,MEDIUM
30.9,98.0,4095,0.99,MEDIUM
32.9,85.31,2148,1.6,MEDIUM
30.69,85.09,2361,3.09,MEDIUM
33.25,87.26,1436,4.49,MEDIUM
26.35,79.4,2340,3.9,LOW
34.28,86.26,2116,6.2,MEDIUM
27.86,74.63,2228,1.46,LOW
28.07,65.13,2071,12.39,MEDIUM
30.93,87.37,3437,7.49,HIGH
31.99,71.15,1573,2.42,LOW
28.26,68.81,2928,2.91,LOW
31.28,87.98,3217,1.61,MEDIUM
28.68,76.24,1857,3.24,LOW
28.91,82.08,1060,0.32,LOW
31.78,84.19,3377,0.75,MEDIUM
30.86,87.54,3224,0.28,MEDIUM
29.03,90.7,2406,0.94,LOW
29.02,67.15,1763,1.51,LOW
30.25,89.36,2864,1.6,MEDIUM
32.48,74.74,3114,0.7,MEDIUM
31.55,87.67,1361,0.94,LOW
29.24,79.48,2875,4.96,MEDIUM
30.79,64.05,2186,3.54,LOW
30.49,80.52,2879,3.5,MEDIUM
29.93,82.37,2921,0.78,MEDIUM
32.71,71.82,2786,4.31,MEDIUM
28.63,98.0,3719,6.87,HIGH
31.47,91.81,1969,5.79,MEDIUM
29.21,92.12,1557,1.13,LOW
30.87,86.3,3721,7.11,HIGH
28.12,83.77,2443,0.75,LOW
32.52,88.83,2958,0.18,MEDIUM
27.75,65.48,2617,1.58,LOW
27.31,85.93,2564,2.25,LOW
29.73,63.05,2521,2.95,LOW
32.84,79.73,2662,1.1,MEDIUM
31.85,70.85,2495,4.16,MEDIUM
28.4,80.15,2551,4.99,MEDIUM
29.93,98.0,2100,3.97,MEDIUM
30.99,83.79,1613,0.14,LOW
31.67,90.83,1988,13.7,HIGH
32.78,87.11,2115,1.25,LOW
24.89,61.47,2963,5.25,LOW
29.28,88.37,2248,0.69,LOW
29.89,80.72,2768,3.81,MEDIUM
28.88,78.2,3891,7.24,MEDIUM
29.63,74.0,3391,2.57,MEDIUM
31.93,84.1,2516,0.34,LOW
28.79,95.79,2676,1.23,MEDIUM
31.33,79.9,2153,2.67,LOW
27.17,76.94,3806,1.3,MEDIUM
33.21,85.77,1855,4.37,MEDIUM
24.3,85.15,2470,1.49,LOW
31.84,74.91,3822,5.0,MEDIUM
29.07,69.62,2971,2.02,LOW
28.24,70.25,2188,1.11,LOW
29.91,84.1,2184,1.88,LOW
31.01,84.8,3038,2.0,MEDIUM
29.23,71.98,2149,3.94,LOW
29.89,89.73,2239,2.14,MEDIUM
30.12,75.49,2445,4.15,MEDIUM
28.54,83.67,1595,2.57,LOW
28.78,67.44,1477,3.87,LOW
27.96,95.51,2743,1.7,MEDIUM
30.24,73.6,3472,3.71,MEDIUM
26.63,84.61,2945,0.72,LOW
30.22,76.75,1841,1.87,LOW
30.95,79.72,3480,3.62,MEDIUM
30.76,77.13,2975,0.36,LOW
30.58,76.0,3762,1.63,MEDIUM
28.62,70.34,2182,5.67,LOW
24.3,80.0,2137,2.54,LOW
28.18,83.96,2375,0.42,LOW
30.97,81.28,3438,1.04,MEDIUM
30.58,73.93,1983,3.39,LOW
30.79,81.61,2266,0.26,LOW
28.42,62.72,2282,6.9,LOW
30.28,91.25,2480,2.67,MEDIUM
29.85,78.89,1560,0.57,LOW
29.37,95.76,1819,3.4,MEDIUM
32.03,71.35,2967,0.07,LOW
27.08,76.27,2583,1.4,LOW
34.21,89.53,4095,2.86,HIGH
27.46,72.95,587,0.78,LOW
29.86,85.99,2894,0.97,MEDIUM
30.96,78.72,1558,1.39,LOW
32.08,83.75,2460,5.42,MEDIUM
28.35,71.93,2291,2.84,LOW
33.07,79.98,3263,4.27,MEDIUM
31.82,79.81,3212,1.09,MEDIUM
26.15,74.71,4095,4.61,MEDIUM
35.31,71.61,3371,4.11,MEDIUM
31.56,74.49,1951,1.15,LOW
31.3,84.46,2786,4.41,MEDIUM
31.18,81.85,3728,2.02,MEDIUM
28.3,75.54,1697,0.21,LOW
28.5,68.56,2454,1.76,LOW
33.21,71.87,2531,0.58,LOW
30.61,80.18,2457,3.08,MEDIUM
31.93,86.45,2506,0.34,MEDIUM
30.14,82.14,2339,1.79,LOW
24.0,91.27,2988,2.8,MEDIUM
28.75,98.0,2138,2.7,MEDIUM
30.67,75.89,2647,4.06,MEDIUM
31.98,73.12,1598,12.09,MEDIUM
31.89,76.72,2981,1.0,MEDIUM
28.63,70.77,2388,0.74,LOW
31.16,85.3,3299,1.36,MEDIUM
29.33,84.63,3906,3.53,MEDIUM
27.98,70.54,2606,1.58,LOW
31.35,87.05,3802,1.81,MEDIUM
34.09,84.84,3055,2.86,MEDIUM
28.12,76.55,1964,1.25,LOW
30.09,86.59,3609,0.55,MEDIUM
29.13,92.56,2769,11.91,HIGH
29.96,73.35,2413,2.03,LOW
24.99,82.33,2877,3.65,MEDIUM
32.33,77.32,2449,0.59,LOW
30.12,80.89,1401,0.7,LOW
32.27,79.26,2787,3.0,MEDIUM
31.67,83.73,2067,0.9,LOW
28.58,82.14,3783,6.69,MEDIUM
27.15,67.15,1754,1.46,LOW
31.3,81.65,2198,5.14,MEDIUM
32.93,81.54,1948,1.23,LOW
31.74,86.46,2622,0.26,MEDIUM
29.51,91.22,3922,3.9,MEDIUM
29.53,85.66,2136,2.94,LOW
31.55,81.46,3093,0.75,MEDIUM
28.83,83.95,1370,1.77,LOW
25.67,68.22,2432,1.93,LOW
28.4,87.67,3216,1.24,MEDIUM
27.23,84.35,2500,3.6,MEDIUM
32.0,83.42,2837,1.09,MEDIUM
25.13,75.86,1587,0.98,LOW
29.57,90.75,2664,5.12,MEDIUM
29.06,62.94,2663,3.12,LOW
33.29,80.72,3286,2.81,MEDIUM
33.02,83.97,3493,1.05,MEDIUM
31.44,79.75,3354,6.15,MEDIUM
31.12,94.9,2441,3.18,MEDIUM
31.51,88.47,2803,1.84,MEDIUM
30.37,66.16,1811,1.34,LOW
31.74,74.74,2100,1.48,LOW
31.31,87.58,2627,4.13,MEDIUM
30.97,80.86,2173,1.01,LOW
31.3,70.46,1443,3.94,LOW
27.44,78.2,3606,2.88,MEDIUM
31.3,80.05,2981,0.93,MEDIUM
27.37,63.28,2297,2.63,LOW
30.46,92.09,3128,5.07,MEDIUM
30.94,84.41,3118,4.4,MEDIUM
34.11,84.2,3180,2.39,MEDIUM
29.91,77.44,3592,6.98,MEDIUM
31.92,65.37,3328,3.91,MEDIUM
24.0,77.3,1979,2.43,LOW
27.43,77.75,1781,7.3,LOW
27.61,64.98,823,0.77,LOW
31.73,71.53,1662,1.89,LOW
28.72,78.52,2923,0.64,LOW
29.06,92.15,3214,7.43,MEDIUM
29.11,77.47,3635,3.16,MEDIUM
28.32,98.0,2690,1.1,MEDIUM
29.81,88.05,753,2.09,LOW
29.33,62.04,1918,1.42,LOW
29.87,72.27,2831,0.48,LOW
29.84,88.65,3163,2.96,MEDIUM
31.05,75.44,1832,2.08,LOW
30.46,92.09,1599,0.42,LOW
27.56,90.37,1382,9.34,MEDIUM
31.07,77.36,822,4.29,LOW
33.03,92.39,3035,4.73,MEDIUM
31.57,98.0,1585,7.39,MEDIUM
31.64,84.74,2092,2.88,MEDIUM
30.81,70.29,2895,5.19,MEDIUM
28.06,83.16,2557,7.16,MEDIUM
32.11,75.41,2313,0.96,LOW
28.77,86.46,3697,2.48,MEDIUM
31.41,66.51,3149,1.29,LOW
28.49,90.16,2832,1.51,MEDIUM
28.68,93.65,2715,0.24,MEDIUM
32.67,76.6,979,4.49,LOW
33.19,64.13,3026,0.88,LOW
32.31,82.61,991,1.2,LOW
31.1,93.39,2582,1.73,MEDIUM
32.69,84.27,2148,1.5,LOW
26.92,98.0,2174,3.18,MEDIUM
32.37,81.42,2723,1.09,MEDIUM
31.75,73.07,3533,1.21,MEDIUM
30.13,97.87,1743,5.75,MEDIUM
31.21,88.11,2004,0.65,LOW
28.62,78.51,2907,0.38,LOW
29.21,73.07,2241,2.43,LOW
27.68,69.99,3397,1.87,MEDIUM
29.64,91.56,2489,2.33,MEDIUM
28.09,68.88,3014,3.44,LOW
32.89,95.4,2342,0.64,MEDIUM
32.05,69.37,3214,2.4,MEDIUM
27.85,85.97,1571,0.77,LOW
33.47,77.06,2407,7.18,MEDIUM
25.83,88.97,1946,1.55,LOW
32.06,98.0,2198,1.88,MEDIUM
24.0,91.31,2168,0.6,LOW
30.65,79.09,852,0.79,LOW
30.61,75.72,1899,3.09,LOW
32.12,90.24,2127,7.83,MEDIUM
30.99,70.26,3271,0.5,LOW
31.74,77.16,1106,0.63,LOW
32.54,63.81,2199,2.24,LOW
31.52,90.35,3293,3.68,MEDIUM
28.62,67.23,1335,2.24,LOW
27.2,84.87,2273,3.86,LOW
28.96,98.0,1789,1.48,LOW
28.37,90.63,1916,2.35,LOW
32.09,93.83,1330,1.34,LOW
26.44,76.73,1690,0.97,LOW
26.36,75.37,3032,3.5,MEDIUM
30.62,90.18,2125,0.15,LOW
31.15,78.67,2836,0.35,LOW
26.23,80.92,2350,4.1,LOW
30.55,88.81,2643,4.22,MEDIUM
29.98,63.01,1160,5.17,LOW
33.2,70.46,1884,1.94,LOW
28.66,76.56,1779,0.02,LOW
32.28,75.71,1788,2.47,LOW
27.47,77.04,3090,1.36,LOW
30.68,89.7,2932,1.21,MEDIUM
27.39,81.48,3289,2.79,MEDIUM
28.65,77.67,3331,0.83,MEDIUM
30.73,68.77,2669,1.85,LOW
29.41,75.65,2980,4.77,MEDIUM
35.08,73.82,3315,4.35,MEDIUM
31.79,74.22,2764,2.15,MEDIUM
26.44,60.46,1837,2.73,LOW
30.15,62.58,2594,2.61,LOW
29.67,83.48,2667,2.77,MEDIUM
28.67,98.0,1666,8.62,MEDIUM
32.55,73.41,2933,1.36,MEDIUM
30.95,62.78,2148,3.3,LOW
27.62,74.74,1885,4.02,LOW
32.6,62.69,1868,1.57,LOW
27.37,81.78,844,1.07,LOW
27.97,64.46,2027,0.29,LOW
30.49,64.83,3508,3.28,MEDIUM
30.82,96.32,1458,1.37,LOW
27.24,88.83,2148,3.17,LOW
29.99,81.21,2947,3.23,MEDIUM
27.34,69.0,1650,0.78,LOW
30.15,75.14,3797,1.66,MEDIUM
31.22,83.83,2477,3.77,MEDIUM
28.13,70.58,2287,3.23,LOW
32.03,83.91,1719,6.57,MEDIUM
29.01,96.79,2082,1.68,MEDIUM
29.11,79.86,2060,6.76,MEDIUM
33.66,74.8,2200,6.78,MEDIUM
27.05,80.78,2147,5.26,LOW
30.15,86.46,3150,5.64,MEDIUM
32.53,90.49,3121,1.22,MEDIUM
30.06,98.0,1552,1.11,LOW
33.25,70.81,2055,1.58,LOW
31.21,94.13,2527,1.03,MEDIUM
29.3,79.12,2747,1.05,LOW
29.24,83.1,1482,0.56,LOW
29.93,97.21,2180,1.24,MEDIUM
29.05,80.93,2070,0.18,LOW
31.29,87.1,1579,0.27,LOW
29.83,78.15,2886,4.08,MEDIUM
28.81,79.31,3139,0.49,MEDIUM
28.48,80.91,2570,1.15,LOW
28.97,87.99,2386,0.7,LOW
28.96,69.33,2625,2.22,LOW
31.78,79.93,2306,1.0,LOW
30.82,60.82,3236,2.0,LOW
31.36,74.6,4065,3.49,MEDIUM
29.02,78.46,1499,3.21,LOW
29.33,68.37,2791,0.19,LOW
33.17,73.94,2407,0.91,LOW
30.42,84.97,1633,2.15,LOW
32.01,66.84,978,1.64,LOW
28.83,76.28,1223,1.51,LOW
26.7,73.13,3225,3.63,MEDIUM
31.13,78.93,3334,4.73,MEDIUM
30.76,85.67,2199,3.63,MEDIUM
30.59,85.03,3328,1.88,MEDIUM
29.7,83.53,1917,5.49,MEDIUM
29.68,81.37,2317,4.67,MEDIUM
30.57,58.57,2077,0.48,LOW
31.42,90.89,911,0.53,LOW
31.43,72.71,3569,7.96,MEDIUM
28.72,93.71,2390,2.68,MEDIUM
30.88,69.62,2562,5.48,MEDIUM
31.06,73.09,2802,6.44,MEDIUM
30.09,75.31,2905,6.36,MEDIUM
28.17,84.02,1013,3.61,LOW
29.07,52.28,2975,2.4,LOW
30.73,68.88,2547,1.91,LOW
27.27,77.19,2475,3.51,LOW
24.82,64.24,2587,0.77,LOW
29.87,78.32,2373,7.97,MEDIUM
30.27,72.79,2074,5.24,LOW
29.69,83.81,1795,2.26,LOW
28.59,84.56,2795,0.64,LOW
28.98,80.34,2072,7.48,MEDIUM
28.6,63.89,3597,0.99,LOW
32.21,82.11,3410,0.17,MEDIUM
28.86,75.24,2116,2.81,LOW
28.19,70.02,1887,0.34,LOW
31.11,73.4,3914,1.72,MEDIUM
28.19,88.44,2496,1.49,LOW
29.6,63.56,1469,0.2,LOW
26.78,80.36,1594,0.55,LOW
26.68,62.7,3248,6.45,MEDIUM
34.22,64.69,3873,0.61,MEDIUM
29.8,73.39,3243,0.27,LOW
31.66,98.0,2708,6.54,MEDIUM
30.55,81.83,3100,2.28,MEDIUM
30.89,85.66,1606,0.17,LOW
30.54,76.17,2461,6.11,MEDIUM
28.37,93.3,3318,0.43,MEDIUM
32.23,93.08,1805,3.69,MEDIUM
30.38,73.26,1548,3.73,LOW
34.97,80.26,3384,1.79,MEDIUM
30.22,74.97,2473,4.34,MEDIUM
28.7,70.63,1672,5.67,LOW
26.97,84.47,3536,3.06,MEDIUM
31.94,76.71,1927,4.04,LOW
25.89,90.24,3216,0.58,MEDIUM
30.41,89.6,2297,0.93,LOW
31.38,86.29,2301,3.17,MEDIUM
32.28,66.47,2592,1.53,LOW
31.84,81.84,3575,3.15,MEDIUM
31.05,69.51,1124,5.62,LOW
25.6,67.05,4095,3.01,MEDIUM
34.49,82.48,3276,3.36,MEDIUM
30.01,76.68,2152,2.59,LOW
30.41,82.77,2195,2.05,LOW
29.68,90.34,2045,0.68,LOW
30.87,78.49,1182,2.91,LOW
31.15,75.86,2747,0.01,LOW
30.82,82.05,4095,3.61,MEDIUM
28.76,68.41,1422,2.98,LOW
31.26,70.71,2132,5.74,MEDIUM
31.1,90.05,2061,2.36,MEDIUM
29.77,81.85,2483,0.81,LOW
31.02,78.51,656,1.25,LOW
33.33,79.69,3047,0.22,MEDIUM
33.06,80.17,2154,0.25,LOW
26.67,95.39,2088,4.26,MEDIUM
29.34,67.35,3206,4.72,MEDIUM
30.52,97.79,3100,0.16,MEDIUM
30.35,78.92,1786,8.0,MEDIUM
29.6,88.4,3015,1.17,MEDIUM
26.52,73.05,2939,1.87,LOW
28.76,75.41,2255,2.79,LOW
29.98,78.33,569,1.83,LOW
35.46,79.97,2934,2.71,MEDIUM
32.77,82.57,3474,0.87,MEDIUM
29.14,75.31,2638,2.31,LOW
28.87,72.33,2005,3.85,LOW
28.9,68.98,1745,2.63,LOW
30.84,79.85,3305,5.68,MEDIUM
31.52,88.47,2117,1.97,MEDIUM
31.98,74.88,1979,3.95,LOW
33.54,78.81,1745,2.07,LOW
29.72,62.39,2714,0.32,LOW
30.79,58.85,2719,2.41,LOW
25.86,96.86,1996,5.37,MEDIUM
29.05,87.7,2096,1.8,LOW
29.26,90.62,3304,4.33,MEDIUM
27.74,89.0,2803,2.63,MEDIUM
26.57,81.21,2491,1.65,LOW
30.18,75.3,3360,3.96,MEDIUM
29.7,81.87,2888,4.47,MEDIUM
28.53,74.54,1689,1.14,LOW
32.14,82.07,3723,0.66,MEDIUM
26.42,61.11,3390,2.7,LOW
29.04,80.92,3358,1.78,MEDIUM
31.38,80.82,1741,1.46,LOW
25.88,77.13,1845,2.45,LOW
30.01,75.05,1824,3.93,LOW
26.22,85.83,3964,1.05,MEDIUM
30.58,79.86,2158,1.15,LOW
29.19,73.08,2640,0.98,LOW
32.22,71.2,2677,2.72,MEDIUM
30.91,77.38,2225,2.79,LOW
30.69,66.27,2233,2.08,LOW
29.43,88.53,2236,1.62,LOW
30.88,76.64,3483,2.57,MEDIUM
29.23,76.94,2651,6.14,MEDIUM
32.04,72.31,3531,1.58,MEDIUM
34.44,84.96,3242,0.89,MEDIUM
30.31,85.1,2223,1.81,LOW
29.98,91.86,1585,6.32,MEDIUM
29.79,80.05,3742,3.03,MEDIUM
32.2,74.79,2360,1.36,LOW
31.61,81.98,2872,1.31,MEDIUM
33.2,70.21,1958,2.28,LOW
28.47,96.61,2401,4.58,MEDIUM
29.87,98.0,1669,1.22,LOW
27.53,84.33,1304,10.09,MEDIUM
28.61,78.56,3581,4.17,MEDIUM
31.83,93.52,3261,3.78,MEDIUM
34.96,78.72,2742,0.53,MEDIUM
29.76,71.14,3604,2.41,MEDIUM
28.75,71.28,1378,0.95,LOW
29.5,76.21,2617,1.63,LOW
30.42,66.3,1819,1.09,LOW
30.97,91.94,1433,4.34,LOW
30.29,85.88,2104,2.74,LOW
34.83,79.44,1853,0.84,LOW
28.68,91.33,2389,2.09,MEDIUM
31.09,90.86,1740,3.16,LOW
30.8,87.11,2961,8.28,MEDIUM
36.0,73.74,2826,0.23,MEDIUM
27.97,71.13,2647,1.23,LOW
30.02,66.54,3653,3.36,MEDIUM
31.74,94.96,1712,2.75,MEDIUM
31.08,85.82,2059,0.76,LOW
31.64,66.07,2342,2.71,LOW
31.87,79.05,1912,1.7,LOW
27.86,83.9,4095,0.8,MEDIUM
28.67,70.6,1543,3.9,LOW
31.09,76.36,2287,0.24,LOW
28.78,97.51,2903,4.46,MEDIUM
30.1,77.15,2699,8.03,MEDIUM
33.19,89.43,1832,2.05,MEDIUM
29.14,86.66,1600,2.19,LOW
28.98,68.91,2561,0.28,LOW
28.82,82.38,1504,1.39,LOW
34.78,88.92,3548,5.55,HIGH
29.22,64.03,1507,8.11,LOW
29.29,71.1,2713,3.32,LOW
30.66,62.11,3108,2.12,LOW
31.69,75.87,3035,1.84,MEDIUM
30.79,79.83,2277,1.97,LOW
29.84,72.28,928,3.68,LOW
32.37,62.8,1930,0.51,LOW
30.99,78.95,1891,2.19,LOW
29.18,74.28,1201,0.3,LOW
34.24,85.93,3017,0.97,MEDIUM
28.4,97.82,2824,3.28,MEDIUM
31.44,80.1,2514,0.49,LOW
30.28,92.0,2122,3.38,MEDIUM
25.92,79.94,2906,7.31,MEDIUM
30.87,94.24,2014,1.26,LOW
29.04,79.31,1956,5.34,LOW
29.53,80.01,3010,1.22,MEDIUM
31.48,84.24,1896,3.24,LOW
30.11,85.27,1778,2.84,LOW
29.83,80.62,3638,0.41,MEDIUM
28.89,91.31,2649,2.43,MEDIUM
34.67,86.39,2620,1.38,MEDIUM
30.35,74.92,1915,2.76,LOW
30.58,70.3,2457,1.69,LOW
28.79,86.42,1920,3.96,LOW
27.85,91.51,2199,3.52,MEDIUM
32.47,68.7,1270,5.14,LOW
25.01,84.64,3361,0.22,LOW
28.78,75.93,2066,0.81,LOW
29.28,87.37,1980,3.52,LOW
31.96,75.43,2451,3.3,MEDIUM
31.58,87.98,2078,1.78,LOW
31.76,73.37,2083,3.27,LOW
34.73,79.97,2334,2.43,MEDIUM
31.11,78.25,2516,4.2,MEDIUM
30.12,58.28,1703,7.89,LOW
30.84,69.83,3036,0.38,LOW
33.6,78.5,1414,0.57,LOW
30.98,69.66,3102,0.74,LOW
29.05,92.78,2509,3.85,MEDIUM
27.18,65.66,2993,0.77,LOW
28.75,75.26,3214,0.34,LOW
31.55,90.21,1478,3.31,LOW
31.8,70.08,3222,2.49,MEDIUM
30.12,70.9,1913,0.17,LOW
32.13,72.7,3243,1.3,MEDIUM
32.38,77.9,1391,4.45,LOW
28.36,76.9,1561,2.82,LOW
30.52,78.88,3152,0.49,MEDIUM
33.02,82.47,1447,0.78,LOW
31.04,88.34,3475,4.03,MEDIUM
30.77,79.48,1281,1.98,LOW
30.31,83.9,1439,2.45,LOW
27.98,78.56,4095,4.69,MEDIUM
30.13,91.85,1435,2.17,LOW
29.71,79.82,1298,0.54,LOW
29.32,71.88,3224,2.22,MEDIUM
27.6,79.8,2206,2.46,LOW
30.94,88.73,1992,1.76,LOW
32.38,88.68,2893,1.09,MEDIUM
31.04,87.96,2568,0.11,MEDIUM
31.16,77.16,1332,1.36,LOW
31.67,78.08,2579,1.57,LOW
27.81,72.2,1452,2.39,LOW
26.82,76.45,3293,2.08,MEDIUM
28.66,71.34,1300,6.5,LOW
32.34,59.97,3217,9.66,MEDIUM
32.07,80.22,1048,9.62,MEDIUM
29.56,81.0,561,0.28,LOW
31.57,89.72,1641,2.52,LOW
33.91,88.96,2700,1.04,MEDIUM
29.01,60.45,2238,5.11,LOW
26.11,75.3,2013,0.53,LOW
28.68,71.99,1946,0.87,LOW
30.6,84.06,2528,9.93,MEDIUM
30.65,82.09,2610,2.66,MEDIUM
30.72,74.09,3324,5.76,MEDIUM
27.08,86.89,2976,3.1,MEDIUM
27.28,82.21,2309,0.42,LOW
31.04,72.32,2266,4.66,MEDIUM
27.91,72.13,1501,1.38,LOW
31.02,90.84,2609,9.39,MEDIUM
35.24,81.55,3459,4.03,MEDIUM
26.66,83.79,3527,3.02,MEDIUM
28.25,76.71,3081,0.3,LOW
31.47,88.01,2302,2.54,MEDIUM
29.08,61.79,2372,0.14,LOW
30.23,92.06,1590,4.61,MEDIUM
33.49,96.65,3678,2.14,MEDIUM
30.13,92.7,4095,6.35,HIGH
32.25,86.93,2935,4.69,MEDIUM
28.68,86.3,2558,4.77,MEDIUM
35.2,80.81,1679,0.75,LOW
24.09,77.38,3587,3.6,MEDIUM
26.62,78.35,2625,3.15,LOW
29.67,73.36,2395,4.0,LOW
28.78,80.36,1310,10.48,MEDIUM
33.24,75.1,2374,0.37,LOW
32.89,80.9,2581,1.14,MEDIUM
31.48,90.4,3265,0.83,MEDIUM
30.88,79.83,2499,4.27,MEDIUM
30.5,79.23,3592,2.51,MEDIUM
31.75,72.07,2390,1.53,LOW
28.97,55.99,2742,4.28,LOW
27.78,78.31,2543,7.14,MEDIUM
28.88,89.07,2687,0.49,MEDIUM
28.48,71.6,2635,1.45,LOW
31.24,92.96,1621,4.91,MEDIUM
32.64,69.55,1657,2.18,LOW
30.83,80.16,3090,4.08,MEDIUM
32.9,68.16,2627,0.24,LOW
30.95,97.37,2939,1.38,MEDIUM
25.99,98.0,1932,3.28,LOW
30.69,78.56,1692,1.49,LOW
28.23,69.27,2664,5.02,MEDIUM
31.47,72.73,1968,2.9,LOW
26.64,83.66,3070,0.19,LOW
31.32,98.0,1501,9.87,MEDIUM
32.82,75.53,1683,1.2,LOW
29.99,75.0,3252,3.22,MEDIUM
31.79,85.89,1743,1.6,LOW
27.79,78.52,1229,0.93,LOW
34.11,80.64,1400,0.49,LOW
31.27,91.73,2751,5.84,MEDIUM
28.3,79.69,2611,7.22,MEDIUM
29.72,79.31,2226,1.04,LOW
28.93,72.65,2447,3.09,LOW
30.89,90.85,2101,1.88,MEDIUM
29.99,76.25,1833,2.84,LOW
26.83,88.9,2111,1.56,LOW
30.04,87.39,2421,3.92,MEDIUM
28.09,81.63,2808,4.65,MEDIUM
27.48,86.62,2579,1.8,LOW
27.86,80.96,3775,0.3,MEDIUM
28.99,68.75,2190,5.57,LOW
28.47,87.59,1418,1.53,LOW
28.06,73.28,3713,4.03,MEDIUM
27.23,69.27,2770,0.67,LOW
26.71,75.33,2244,1.61,LOW
30.36,80.9,2284,1.3,LOW
29.31,97.9,2577,1.88,MEDIUM
32.31,85.56,2375,2.54,MEDIUM
30.39,79.9,1481,4.03,LOW
34.19,70.05,2759,1.51,MEDIUM
30.93,74.06,1896,1.35,LOW
32.51,71.3,2773,10.41,MEDIUM
28.03,66.52,2595,1.61,LOW
25.95,80.23,2252,0.91,LOW
29.63,94.02,2502,6.52,MEDIUM
27.98,72.89,2114,5.57,LOW
32.58,80.36,1724,2.49,LOW
30.12,93.79,2528,6.08,MEDIUM
31.18,75.91,3879,1.4,MEDIUM
29.73,85.52,2084,1.54,LOW
27.24,73.41,2297,1.59,LOW
30.22,76.74,2566,2.9,MEDIUM
31.76,88.0,1809,0.58,LOW
27.29,74.47,2322,0.56,LOW
33.49,78.48,1642,0.92,LOW
29.68,81.74,2413,0.76,LOW
31.22,93.97,500,4.48,LOW
24.0,73.78,500,1.65,LOW
30.24,94.69,3118,1.63,MEDIUM
31.8,64.67,2128,5.27,LOW
31.8,85.39,2308,0.39,LOW
29.49,89.27,2922,3.09,MEDIUM
29.16,75.98,1810,3.78,LOW
25.97,83.24,1465,4.34,LOW
31.98,67.77,996,3.23,LOW
33.0,83.52,584,2.31,LOW
30.37,76.09,2497,0.51,LOW
29.06,85.24,2787,2.87,MEDIUM
31.03,93.74,2000,0.05,LOW
28.0,78.78,884,3.43,LOW
28.88,81.77,2758,4.41,MEDIUM
32.44,90.14,1681,4.7,MEDIUM
29.96,66.76,1555,3.18,LOW
24.0,80.58,4095,0.64,MEDIUM
32.15,79.59,1131,4.3,LOW
28.11,75.65,2343,6.85,MEDIUM
29.26,81.71,3299,0.68,MEDIUM
29.3,82.98,2776,0.96,LOW
27.33,84.77,1624,6.33,LOW
30.4,57.04,3641,3.52,MEDIUM
31.67,77.02,2204,0.7,LOW
31.13,78.07,1469,0.73,LOW
26.93,69.55,2489,3.02,LOW
32.38,83.49,2517,0.7,MEDIUM
33.31,71.48,2675,0.79,LOW
34.15,74.43,2536,1.48,MEDIUM
29.96,91.74,3569,7.21,HIGH
28.14,80.88,2456,0.15,LOW
27.21,70.22,3795,0.97,MEDIUM
29.19,81.93,2683,0.4,LOW
32.22,69.23,1624,0.58,LOW
35.53,77.91,1419,1.24,LOW
31.25,84.61,2260,0.67,LOW
29.29,80.53,2995,0.99,MEDIUM
30.39,86.74,2829,0.99,MEDIUM
29.67,84.18,1548,2.28,LOW
27.87,86.67,1802,2.01,LOW
31.35,91.6,2122,5.21,MEDIUM
30.31,63.19,4095,2.4,MEDIUM
29.85,84.54,3307,0.81,MEDIUM
31.84,86.62,3664,4.26,MEDIUM
26.47,76.83,3072,0.22,LOW
29.48,84.6,2207,2.36,LOW
29.11,74.77,3018,1.29,LOW
28.03,68.77,2073,5.27,LOW
28.83,76.64,1809,0.16,LOW
28.7,76.86,1859,3.63,LOW
29.36,87.83,1963,3.26,LOW
30.21,80.96,3017,4.03,MEDIUM
28.44,79.1,3411,1.02,MEDIUM
27.59,81.01,1243,3.29,LOW
29.2,72.88,1845,0.42,LOW
30.42,90.3,1726,0.91,LOW
30.65,66.13,1434,0.44,LOW
31.98,98.0,1824,3.01,MEDIUM
29.78,79.49,2706,4.62,MEDIUM
27.7,84.76,2630,5.94,MEDIUM
31.25,86.74,500,0.49,LOW
31.4,70.99,3094,3.27,MEDIUM
26.25,74.22,3252,0.34,LOW
33.87,70.56,2500,6.33,MEDIUM
28.81,77.9,3374,1.29,MEDIUM
32.73,80.17,1424,4.73,LOW
30.05,84.11,2667,0.89,LOW
30.82,85.8,1629,2.1,LOW
30.04,88.79,1850,1.0,LOW
29.29,81.3,1176,3.02,LOW
30.25,71.12,3026,2.9,MEDIUM
32.57,80.57,2013,1.07,LOW
29.16,87.13,1863,0.34,LOW
30.22,84.26,2910,1.32,MEDIUM
29.77,81.87,2283,2.45,LOW
28.8,76.28,3518,6.33,MEDIUM
32.75,93.67,1777,0.48,LOW
31.32,79.6,1402,2.45,LOW
30.71,79.57,2573,3.09,MEDIUM
27.64,76.8,1981,2.32,LOW
30.45,65.64,3848,3.66,MEDIUM
28.54,70.27,1423,0.42,LOW
31.38,83.62,1422,4.33,LOW
28.33,98.0,2511,1.86,MEDIUM
30.93,87.11,3499,4.08,MEDIUM
28.05,79.03,2473,2.62,LOW
27.06,78.1,2601,1.9,LOW
33.31,86.82,3420,4.19,MEDIUM
32.09,82.27,1606,0.42,LOW
29.99,82.55,1913,0.76,LOW
30.48,64.89,2051,5.52,LOW
28.14,82.41,3034,3.3,MEDIUM
30.24,80.7,1063,0.77,LOW
27.0,76.75,2744,1.64,LOW
32.96,91.25,2870,1.91,MEDIUM
31.55,84.1,2948,1.64,MEDIUM
29.08,76.61,3042,0.44,LOW
28.65,79.57,3569,1.56,MEDIUM
28.61,69.24,1038,1.72,LOW
27.79,73.22,2991,1.09,LOW
31.07,91.09,2726,1.64,MEDIUM
28.93,80.21,2267,2.3,LOW
29.85,68.15,1896,3.65,LOW
29.92,79.96,2960,2.37,MEDIUM
31.07,79.34,2542,1.6,LOW
30.93,64.75,2487,1.18,LOW
30.66,67.17,1832,0.77,LOW
30.81,79.35,939,6.26,LOW
25.8,72.52,1929,0.21,LOW
29.26,92.09,2044,0.1,LOW
30.76,88.87,2987,6.14,MEDIUM
27.88,66.47,1857,3.89,LOW
32.18,70.99,3349,2.49,MEDIUM
27.44,75.05,2784,1.98,LOW
30.07,86.79,2244,3.05,MEDIUM
27.95,87.24,1614,2.98,LOW
30.84,65.4,3465,1.79,MEDIUM
25.52,73.4,2602,0.6,LOW
30.77,60.05,1619,2.48,LOW
31.94,89.85,2063,3.78,MEDIUM
29.17,75.77,2264,2.06,LOW
33.72,91.32,2120,4.13,MEDIUM
29.2,98.0,2304,1.4,MEDIUM
25.5,75.15,1849,3.09,LOW
31.91,83.54,1910,2.68,LOW
30.92,65.99,2088,2.3,LOW
28.78,82.99,1842,1.45,LOW
32.69,75.23,2528,0.51,LOW
29.33,68.31,1479,0.9,LOW
26.25,63.96,3133,2.07,LOW
35.3,74.01,2633,0.51,MEDIUM
30.13,74.41,2307,4.09,LOW
29.91,92.05,3179,6.34,MEDIUM
29.43,75.59,2104,0.26,LOW
32.57,88.5,3587,0.67,MEDIUM
30.73,83.15,3517,1.33,MEDIUM
30.89,87.19,3191,6.42,MEDIUM
29.21,76.34,3611,3.28,MEDIUM
30.2,82.3,2506,4.24,MEDIUM
29.59,65.19,2259,2.96,LOW
34.63,76.35,1367,2.35,LOW
30.07,63.13,2814,2.29,LOW
25.62,71.48,2986,4.2,LOW
29.06,85.41,2740,6.02,MEDIUM
27.66,96.75,2873,2.93,MEDIUM
27.37,57.14,2882,1.02,LOW
27.18,77.38,3822,1.73,MEDIUM
32.25,75.11,3492,1.97,MEDIUM
33.53,80.59,1606,2.03,LOW
31.91,75.66,2501,3.08,MEDIUM
28.04,82.88,3506,2.0,MEDIUM
27.07,66.12,2836,1.34,LOW
32.39,78.37,3355,2.07,MEDIUM
29.94,70.47,3805,4.39,MEDIUM
31.35,73.09,2091,5.78,MEDIUM
31.86,67.42,2232,2.77,LOW
32.37,77.97,2803,3.32,MEDIUM
26.33,79.66,1787,4.04,LOW
25.75,76.61,1214,0.8,LOW
29.96,98.0,1880,4.16,MEDIUM
24.69,96.73,2372,1.98,LOW
27.55,66.56,3237,0.13,LOW
32.0,85.4,4095,0.58,MEDIUM
27.23,80.33,3352,0.75,MEDIUM
29.17,82.29,2510,2.79,MEDIUM
33.17,73.35,3144,0.86,MEDIUM
32.67,85.75,2661,4.27,MEDIUM
29.52,90.8,2914,2.23,MEDIUM
32.77,86.87,3428,3.04,MEDIUM
26.51,73.77,1899,1.48,LOW
32.11,85.42,3186,7.66,MEDIUM
27.39,72.42,3032,1.38,LOW
31.39,98.0,1920,4.59,MEDIUM
28.91,85.44,1939,3.06,LOW
27.77,80.72,3099,2.67,MEDIUM
27.59,80.18,1733,0.47,LOW
33.75,79.06,3712,2.65,MEDIUM
29.55,73.14,2049,1.64,LOW
26.32,93.42,2595,1.02,LOW
33.47,71.5,2470,3.01,MEDIUM
34.24,80.44,1506,1.52,LOW
28.15,84.39,3430,2.5,MEDIUM
30.12,83.17,1813,1.4,LOW
32.11,70.91,3094,0.09,LOW
31.68,77.08,1709,8.02,MEDIUM
27.44,86.32,2133,11.78,MEDIUM
30.77,82.84,2528,0.46,LOW
30.37,72.87,2937,1.39,LOW
27.35,88.13,2817,0.69,LOW
28.87,76.32,1815,0.26,LOW
27.68,74.99,3495,14.13,HIGH
32.92,72.56,1995,6.2,MEDIUM
30.06,83.94,3254,1.26,MEDIUM
27.86,81.03,3165,0.81,MEDIUM
29.81,75.69,2917,3.37,MEDIUM
27.7,77.55,1906,1.81,LOW
30.08,83.09,1371,2.02,LOW
28.67,84.7,1215,3.15,LOW
30.01,83.21,3114,1.82,MEDIUM
33.28,80.95,3005,0.79,MEDIUM
30.71,86.22,2337,1.27,LOW
31.27,93.2,2744,3.19,MEDIUM
33.11,78.0,1505,2.73,LOW
28.83,81.18,2062,2.1,LOW
29.73,71.68,3052,5.24,MEDIUM
30.24,86.21,2085,4.63,MEDIUM
29.73,71.44,1716,1.79,LOW
29.09,92.22,3198,1.83,MEDIUM
30.46,84.21,2689,1.09,MEDIUM
30.35,88.98,3029,2.58,MEDIUM
30.99,75.78,3444,3.76,MEDIUM
30.82,88.66,2881,4.07,MEDIUM
31.23,73.75,2786,0.42,LOW
26.77,79.15,2036,5.25,LOW
36.0,84.63,2798,10.44,HIGH
29.87,86.0,3158,2.52,MEDIUM
31.6,59.33,3848,2.9,MEDIUM
31.7,91.64,2838,1.4,MEDIUM
30.55,82.89,1860,0.84,LOW
29.91,69.82,3345,1.64,MEDIUM
27.51,75.83,2019,2.16,LOW
30.67,84.28,2818,1.09,MEDIUM
28.0,71.94,2511,1.77,LOW
28.84,88.44,1977,5.88,MEDIUM
28.37,87.92,2367,0.74,LOW
31.52,80.65,2005,0.3,LOW
30.66,76.75,2128,0.46,LOW
30.54,78.25,828,1.53,LOW
28.21,75.87,2967,1.29,LOW
31.67,84.17,1427,6.93,MEDIUM
26.6,91.21,1457,0.23,LOW
28.51,77.5,1340,2.28,LOW
34.1,80.9,3498,2.39,MEDIUM
31.66,67.47,3599,0.18,MEDIUM
31.97,79.76,923,2.9,LOW
29.36,90.14,2305,4.69,MEDIUM
30.53,88.08,2535,3.49,MEDIUM
29.32,70.21,4095,4.14,MEDIUM
29.89,87.06,3231,5.21,MEDIUM
29.87,82.95,2774,2.52,MEDIUM
27.52,74.92,2603,0.68,LOW
29.6,68.45,1772,2.77,LOW
33.7,78.62,2251,0.16,LOW
29.96,74.21,1217,1.55,LOW
29.38,81.99,1752,1.05,LOW
29.31,81.82,3071,1.7,MEDIUM
28.87,97.88,2713,2.02,MEDIUM
26.2,81.31,2053,1.39,LOW
31.0,82.5,2664,1.16,MEDIUM
36.0,76.2,2150,8.89,MEDIUM
29.61,98.0,2171,2.04,MEDIUM
31.99,83.98,3002,1.14,MEDIUM
29.81,68.61,1884,0.18,LOW
33.79,75.3,4095,0.43,MEDIUM
29.22,77.36,1867,2.68,LOW
29.5,87.95,2246,1.21,LOW
30.76,76.91,702,1.48,LOW
30.95,81.36,2243,0.25,LOW
29.96,54.73,1934,1.32,LOW
29.37,97.08,1994,0.2,LOW
28.4,84.61,1452,4.29,LOW
29.77,86.17,3214,7.99,MEDIUM
31.53,85.65,2404,5.4,MEDIUM
32.11,78.17,2217,6.64,MEDIUM
26.36,87.81,1880,0.62,LOW
30.54,78.2,2844,0.04,LOW
30.6,73.11,2660,0.94,LOW
32.7,82.01,2532,1.01,MEDIUM
28.32,92.24,3030,2.09,MEDIUM
29.34,84.32,3937,0.69,MEDIUM
30.0,76.36,3321,0.04,MEDIUM
31.92,77.65,2066,1.45,LOW
30.09,69.45,1578,0.54,LOW
28.25,83.58,2267,1.64,LOW
33.76,78.63,2066,4.9,MEDIUM
28.38,80.96,3068,3.46,MEDIUM
30.54,82.18,2923,7.98,MEDIUM
27.44,85.72,2052,0.53,LOW
25.64,74.48,3639,1.31,MEDIUM
29.99,81.1,1981,1.35,LOW
27.96,81.87,2293,1.44,LOW
30.52,95.37,1293,1.45,LOW
29.8,86.27,3317,8.78,HIGH
30.2,82.69,2502,3.46,MEDIUM
25.95,84.23,2330,2.59,LOW
27.08,85.6,2296,2.15,LOW
32.55,84.8,2769,2.7,MEDIUM
29.14,88.53,2159,4.36,MEDIUM
27.8,78.32,2340,2.74,LOW
32.46,86.93,2218,3.31,MEDIUM
28.13,65.07,2646,8.09,MEDIUM
30.58,86.03,2877,5.27,MEDIUM
29.74,78.09,3269,1.89,MEDIUM
29.65,74.69,2245,0.14,LOW
33.51,62.99,2408,0.69,LOW
35.93,83.84,1274,2.16,LOW
33.47,85.32,3212,4.52,MEDIUM
27.64,82.35,2206,2.48,LOW
31.39,92.54,4095,2.99,HIGH
26.45,81.62,3265,2.72,MEDIUM
27.82,73.05,2589,3.96,LOW
28.0,89.56,2750,4.2,MEDIUM
31.46,59.11,1494,5.53,LOW
27.94,72.13,1350,0.62,LOW
32.29,77.16,2064,0.8,LOW
30.83,66.63,3001,3.09,MEDIUM
29.75,73.66,3661,3.01,MEDIUM
27.85,55.92,2649,5.55,LOW
29.81,90.25,2118,5.81,MEDIUM
28.25,91.45,2638,1.72,MEDIUM
32.07,83.29,3214,3.65,MEDIUM
29.53,80.77,1409,4.52,LOW
33.46,89.04,3503,1.01,MEDIUM
29.38,71.08,3309,2.31,MEDIUM
33.37,82.24,2919,0.64,MEDIUM
33.48,66.01,2673,1.45,LOW
27.58,82.71,1550,3.79,LOW
31.08,88.63,1227,12.98,MEDIUM
27.62,74.53,3529,1.33,MEDIUM
31.56,91.15,2979,6.97,MEDIUM
29.23,67.34,2807,1.1,LOW
27.26,76.33,2498,1.7,LOW
26.74,89.0,2099,1.57,LOW
29.48,73.72,2535,0.97,LOW
31.05,80.3,2739,8.65,MEDIUM
30.12,65.19,3453,0.65,LOW
26.69,69.27,3297,0.7,LOW
31.41,75.16,2576,2.8,MEDIUM
27.16,76.21,3075,3.87,MEDIUM
28.56,81.73,2390,0.66,LOW
30.52,90.43,2805,0.73,MEDIUM
31.59,97.1,2437,0.71,MEDIUM
31.53,89.17,3698,1.84,MEDIUM
31.11,76.95,3453,1.75,MEDIUM
28.63,68.61,2448,1.49,LOW
31.05,83.06,2359,1.13,LOW
33.07,83.18,1993,3.67,MEDIUM
29.29,82.1,3263,5.77,MEDIUM
30.75,81.98,831,1.3,LOW
27.53,86.33,1753,0.42,LOW
31.58,86.71,2709,0.54,MEDIUM
30.89,75.2,1597,2.5,LOW
26.32,84.33,1696,1.69,LOW
28.87,75.0,2928,2.58,MEDIUM
25.58,70.17,3025,6.4,MEDIUM
29.36,76.48,1148,0.68,LOW
27.42,84.83,710,7.25,LOW
28.41,78.46,1869,1.75,LOW
30.53,70.9,1503,7.9,LOW
28.82,78.27,2858,1.25,LOW
27.83,85.8,1940,4.32,LOW
28.7,75.66,2515,2.85,LOW
29.86,67.06,2391,2.19,LOW
27.16,66.92,2710,1.34,LOW
32.35,74.17,2265,0.49,LOW
29.93,98.0,1170,3.71,LOW
26.08,83.05,3085,2.68,MEDIUM
27.97,89.46,3163,4.84,MEDIUM
31.7,88.39,2435,9.79,MEDIUM
27.92,77.28,2606,0.52,LOW
30.92,93.23,2729,1.14,MEDIUM
32.93,80.39,2357,2.2,MEDIUM
32.09,83.41,2633,0.66,MEDIUM
30.83,73.9,2841,1.01,LOW
29.44,72.81,2634,2.95,LOW
31.91,70.99,3299,2.54,MEDIUM
30.66,80.62,2692,1.13,LOW
28.79,71.6,3871,0.72,MEDIUM
29.59,73.9,2232,2.12,LOW
30.13,67.93,2043,1.24,LOW
31.38,84.43,3562,1.54,MEDIUM
26.82,89.03,2304,2.15,LOW
28.43,71.37,2538,0.14,LOW
31.43,77.25,2411,5.94,MEDIUM
28.85,89.06,2982,0.68,MEDIUM
28.05,75.36,2500,3.89,LOW
31.56,66.77,2909,1.69,LOW
29.99,75.27,2199,0.39,LOW
29.88,64.92,2164,0.59,LOW
32.37,78.86,2309,5.09,MEDIUM
27.85,87.68,2563,1.32,LOW
26.6,78.0,2462,5.12,MEDIUM
29.34,75.17,2966,9.08,MEDIUM
27.11,77.77,2403,1.75,LOW
28.08,70.68,3369,2.75,MEDIUM
24.0,87.56,2244,0.49,LOW
27.06,66.52,2029,1.6,LOW
27.14,82.97,2500,2.38,LOW
34.65,88.67,2101,4.75,MEDIUM
33.09,66.35,2857,1.56,LOW
28.24,93.14,2057,0.36,LOW
27.9,71.21,2695,3.6,LOW
30.26,79.18,2800,0.38,LOW
29.9,84.45,1126,2.41,LOW
32.61,79.39,2369,2.39,MEDIUM
31.49,68.73,2528,2.27,LOW
25.41,80.5,2557,1.09,LOW
29.55,81.46,1387,1.95,LOW
33.19,79.36,1815,1.34,LOW
31.92,85.06,2211,5.03,MEDIUM
31.36,66.73,1969,2.01,LOW
30.18,87.36,2255,1.46,LOW
29.38,66.73,2241,1.21,LOW
29.98,71.62,3166,2.06,MEDIUM
24.47,78.5,2545,0.3,LOW
26.5,73.12,1987,3.95,LOW
30.37,92.97,3881,2.24,MEDIUM
31.99,73.26,2392,3.96,MEDIUM
29.04,87.52,2701,0.59,LOW
29.61,82.35,2455,0.33,LOW
29.23,82.54,2677,0.37,LOW
28.7,59.68,2737,3.71,LOW
25.77,98.0,2071,2.71,LOW
32.41,93.9,1992,9.69,MEDIUM
30.28,94.07,1675,2.29,LOW
28.85,85.17,2256,2.85,LOW
30.08,80.13,3117,2.37,MEDIUM
33.51,88.1,2939,2.0,MEDIUM
27.6,78.98,2547,0.79,LOW
32.8,85.61,3161,2.1,MEDIUM
30.84,81.7,3333,6.52,MEDIUM
32.75,72.69,3784,0.51,MEDIUM
32.04,84.02,2355,2.14,MEDIUM
29.98,81.52,1414,3.07,LOW
34.52,77.42,2199,0.41,LOW
32.55,91.05,2436,3.09,MEDIUM
31.81,80.5,3013,0.72,MEDIUM
32.22,85.92,3142,0.09,MEDIUM
27.07,97.37,1121,0.38,LOW
33.78,93.2,1696,2.76,MEDIUM
29.74,79.41,3220,0.98,MEDIUM
30.55,86.36,1961,0.78,LOW
28.68,87.81,2194,8.35,MEDIUM
32.21,89.17,2271,2.89,MEDIUM
31.18,98.0,986,2.16,LOW
27.58,76.07,2593,4.45,MEDIUM
28.42,91.37,3553,6.04,MEDIUM
31.43,74.26,2251,1.34,LOW
30.12,72.03,2835,3.38,MEDIUM
31.92,82.16,2431,3.65,MEDIUM
30.18,84.28,2629,6.67,MEDIUM
31.08,79.14,2700,1.81,MEDIUM
30.14,89.69,2303,0.93,LOW
30.0,72.28,2463,0.98,LOW
29.31,75.81,2850,0.11,LOW
31.82,64.6,2694,1.41,LOW
30.62,75.38,1305,2.02,LOW
30.45,76.02,3312,0.59,MEDIUM
29.05,59.71,4095,2.88,MEDIUM
27.98,79.72,2666,4.62,MEDIUM
31.72,69.43,2954,4.81,MEDIUM
33.26,73.64,3569,0.25,MEDIUM
31.27,74.13,2183,0.24,LOW
32.66,71.21,2163,3.81,LOW
29.52,84.66,2854,1.39,MEDIUM
29.48,89.4,2524,2.98,MEDIUM
29.97,67.86,2324,4.71,LOW
34.32,98.0,2177,3.07,MEDIUM
30.29,79.87,2319,1.56,LOW
32.56,90.98,3680,2.87,MEDIUM
27.42,84.38,2515,4.75,MEDIUM
30.06,72.43,2153,4.61,LOW
28.39,72.35,2589,8.35,MEDIUM
30.77,74.57,2145,3.04,LOW
28.28,82.99,3355,3.28,MEDIUM
30.27,76.62,1817,3.29,LOW
31.28,93.9,3351,0.88,MEDIUM
29.47,66.65,1684,0.77,LOW
30.56,80.27,3783,2.72,MEDIUM
27.09,82.52,4095,2.99,MEDIUM
27.87,95.78,3393,2.56,MEDIUM
29.93,85.96,2403,3.69,MEDIUM
24.0,88.34,3093,1.39,LOW
26.82,71.24,3470,7.04,MEDIUM
28.33,90.1,2967,2.99,MEDIUM
27.89,96.96,3924,1.19,MEDIUM
29.99,86.45,3155,3.47,MEDIUM
29.89,75.41,3247,1.46,MEDIUM
29.38,65.09,2008,5.71,LOW
26.87,85.11,2919,2.56,MEDIUM
28.88,79.77,3700,2.47,MEDIUM
27.96,76.03,1165,5.27,LOW
27.02,71.4,3386,0.29,LOW
29.69,81.96,1782,1.32,LOW
28.35,70.91,1105,2.01,LOW
30.35,80.15,1240,0.86,LOW
29.48,72.6,2342,1.88,LOW
30.43,81.42,2296,3.47,MEDIUM
30.64,80.38,3264,7.02,MEDIUM
28.23,83.35,1355,2.59,LOW
29.3,61.56,2507,0.52,LOW
30.78,92.27,2073,1.27,LOW
30.87,81.49,3397,2.09,MEDIUM
32.65,72.7,3607,1.19,MEDIUM
32.02,82.15,2438,2.6,MEDIUM
30.82,94.73,3611,5.57,HIGH
32.76,86.02,2663,4.38,MEDIUM
31.4,85.42,2564,0.97,MEDIUM
31.24,74.54,2570,2.86,MEDIUM
28.08,95.04,1218,3.41,LOW
32.13,83.23,2608,1.2,MEDIUM
30.36,78.87,1580,2.01,LOW
26.2,74.27,1286,3.44,LOW
25.59,89.34,1642,2.59,LOW
27.61,95.2,2433,1.04,LOW
30.47,81.25,3017,0.93,MEDIUM
30.96,81.47,3251,4.02,MEDIUM
28.42,71.52,2695,1.4,LOW
29.73,70.01,4095,5.23,MEDIUM
30.99,87.66,2537,2.94,MEDIUM
28.39,76.02,2469,5.67,MEDIUM
27.85,64.92,3099,0.9,LOW
28.15,76.83,1934,0.5,LOW
28.99,61.58,2123,0.56,LOW
27.26,81.53,1485,3.36,LOW
33.51,79.1,1767,0.15,LOW
30.18,83.56,2740,0.6,LOW
28.37,83.38,3889,1.52,MEDIUM
28.81,71.87,1845,12.21,MEDIUM
29.19,83.7,3105,3.09,MEDIUM
27.16,84.23,2622,2.85,MEDIUM
31.9,87.29,1910,1.72,LOW
28.78,92.61,3029,1.83,MEDIUM
31.62,72.24,2847,8.81,MEDIUM
32.35,74.2,3177,2.41,MEDIUM
31.33,71.21,2624,5.05,MEDIUM
32.24,77.08,3494,3.82,MEDIUM
34.05,86.71,2747,1.65,MEDIUM
29.37,85.49,3297,0.94,MEDIUM
29.04,81.79,1798,5.81,LOW
27.49,81.46,1742,0.63,LOW
28.92,84.32,1825,1.51,LOW
29.19,75.46,2154,6.72,MEDIUM
29.44,68.91,2885,2.5,LOW
30.76,89.48,500,1.58,LOW
32.4,88.27,2818,3.04,MEDIUM
29.94,85.59,2676,1.7,MEDIUM
30.73,83.1,1818,0.6,LOW
34.02,72.34,2329,3.32,MEDIUM
28.03,76.56,1760,5.79,LOW
27.26,70.27,952,1.41,LOW
31.37,78.18,2942,8.03,MEDIUM
29.67,78.5,1765,6.21,LOW
27.46,77.75,2635,3.63,LOW
28.5,88.23,3090,4.41,MEDIUM
29.85,83.27,4006,1.5,MEDIUM
30.58,88.97,1919,6.32,MEDIUM
25.57,81.1,2374,2.32,LOW
31.39,88.14,2940,0.76,MEDIUM
28.94,72.88,3308,1.51,MEDIUM
30.25,78.06,3525,1.55,MEDIUM
29.1,80.64,1860,8.05,MEDIUM
31.76,81.07,2939,2.9,MEDIUM
34.44,80.78,1908,0.38,LOW
32.04,78.78,3538,3.91,MEDIUM
26.72,76.89,2907,0.38,LOW
32.79,76.61,1733,2.07,LOW
29.81,61.8,3105,2.65,LOW
28.8,66.66,2838,3.32,LOW
32.09,78.37,2876,4.58,MEDIUM
28.1,71.86,2581,0.71,LOW
30.44,83.24,1887,2.75,LOW
33.79,71.87,1893,0.23,LOW
29.5,70.03,1395,2.7,LOW
30.92,82.27,3049,1.01,MEDIUM
35.48,81.88,1817,3.0,MEDIUM
28.43,69.02,3010,1.54,LOW
31.65,80.76,3902,0.65,MEDIUM
32.42,96.51,2464,1.07,MEDIUM
33.21,81.07,2518,0.09,LOW
31.43,80.61,2575,4.03,MEDIUM
28.14,73.45,1999,2.31,LOW
30.21,98.0,1919,1.79,MEDIUM
33.9,81.72,2164,2.22,MEDIUM
33.5,90.37,2029,2.06,MEDIUM
29.68,65.16,3906,1.7,MEDIUM
30.29,80.91,2332,4.21,MEDIUM
28.62,89.58,1888,3.5,LOW
25.75,76.73,2913,1.19,LOW
30.15,82.83,3006,1.71,MEDIUM
28.73,80.45,2485,1.56,LOW
29.58,61.59,1728,3.9,LOW
31.22,79.76,2941,6.43,MEDIUM
29.82,90.02,1582,2.68,LOW
29.98,76.16,2328,4.47,MEDIUM
29.44,69.07,1807,9.18,MEDIUM
29.42,70.96,1614,5.57,LOW
30.98,82.66,3098,2.01,MEDIUM
30.95,90.95,4085,7.32,HIGH
31.36,65.08,3275,2.49,MEDIUM
32.29,72.78,1757,2.61,LOW
26.49,64.3,1853,1.84,LOW
30.11,72.02,1589,3.82,LOW
28.09,89.98,3118,1.87,MEDIUM
29.29,63.9,2202,0.52,LOW
31.66,81.81,3663,0.3,MEDIUM
30.81,79.61,2463,3.56,MEDIUM
29.34,71.52,2149,3.94,LOW
31.08,68.84,1668,4.79,LOW
27.85,67.17,2552,1.12,LOW
28.64,89.69,2436,0.29,LOW
31.81,81.42,2973,3.05,MEDIUM
30.4,86.49,2486,0.42,LOW
31.24,85.78,3236,2.75,MEDIUM
32.18,71.22,2599,1.52,LOW
30.53,86.69,1967,3.14,LOW
29.85,70.48,1418,2.19,LOW
29.92,62.81,3170,5.02,MEDIUM
26.3,79.06,3218,2.13,MEDIUM
28.85,76.92,3123,0.77,LOW
25.52,72.33,2408,2.78,LOW
34.11,87.51,3401,1.17,MEDIUM
31.39,78.6,2043,2.06,LOW
31.26,89.89,3073,7.12,MEDIUM
31.94,75.86,1162,0.4,LOW
29.46,69.65,2518,1.98,LOW
33.91,87.94,1836,1.1,LOW
32.76,70.57,3183,6.21,MEDIUM
29.38,91.66,2539,6.09,MEDIUM
31.93,73.94,2389,3.73,MEDIUM
28.7,98.0,2326,8.74,MEDIUM
30.54,89.16,2739,8.67,MEDIUM
34.98,81.59,2272,7.56,MEDIUM
29.28,82.04,3397,2.88,MEDIUM
28.35,73.55,2092,3.39,LOW
28.94,79.42,3219,6.21,MEDIUM
29.61,93.41,1908,5.63,MEDIUM
28.33,73.23,2413,3.29,LOW
29.22,78.7,3823,1.57,MEDIUM
31.77,72.47,2145,7.13,MEDIUM
30.02,90.22,3393,0.42,MEDIUM
31.11,93.69,3611,4.67,MEDIUM
31.49,80.8,641,2.55,LOW
30.57,68.4,2604,1.81,LOW
32.05,73.16,2172,2.41,LOW
27.97,79.99,1969,8.34,MEDIUM
30.6,82.73,2911,2.27,MEDIUM
28.77,71.64,2977,1.34,LOW
28.05,84.87,2875,0.26,LOW
33.82,81.29,2984,1.12,MEDIUM
26.84,79.24,2871,2.49,LOW
27.88,64.71,2236,1.36,LOW
29.56,96.13,2445,4.64,MEDIUM
32.27,77.36,2087,2.61,LOW
32.66,69.36,4095,2.99,MEDIUM
32.29,98.0,2469,3.48,MEDIUM
30.68,80.23,2602,1.39,LOW
26.94,78.73,3362,2.39,MEDIUM
24.95,71.01,2828,5.75,MEDIUM
31.86,76.27,2187,1.43,LOW
27.38,98.0,1357,3.12,LOW
33.52,81.48,2635,0.97,MEDIUM
29.38,76.35,1641,1.93,LOW
31.48,79.24,3070,1.18,MEDIUM
30.57,75.57,1710,4.95,LOW
29.5,72.82,2018,6.79,MEDIUM
26.46,79.11,2857,5.18,MEDIUM
27.73,67.61,3055,2.41,LOW
32.32,93.33,723,1.1,LOW
31.69,89.8,4033,0.95,MEDIUM
27.16,78.55,1978,5.42,LOW
34.64,60.44,2851,3.01,MEDIUM
30.62,74.1,2350,3.75,LOW
32.7,84.23,2456,0.76,MEDIUM
30.84,74.23,3351,2.16,MEDIUM
29.83,82.33,694,6.75,LOW
32.71,84.01,2170,1.07,LOW
29.29,77.73,1795,7.7,MEDIUM
30.12,79.24,2143,4.54,MEDIUM
34.24,82.32,2590,5.37,MEDIUM
28.22,95.21,1305,13.94,MEDIUM
27.11,81.48,1460,9.38,MEDIUM
29.82,82.43,3310,6.27,MEDIUM
30.91,95.12,1931,3.01,MEDIUM
31.57,82.68,2662,4.33,MEDIUM
32.94,83.12,1418,4.85,LOW
31.13,77.83,1528,2.62,LOW
33.73,92.09,2844,1.02,MEDIUM
32.22,74.72,2317,1.03,LOW
29.8,96.76,2490,2.59,MEDIUM
30.73,80.21,2446,2.15,LOW
28.14,80.23,3051,4.48,MEDIUM
29.63,78.2,3095,3.56,MEDIUM
30.29,73.76,2363,4.05,LOW
29.01,60.12,2599,3.2,LOW
31.77,76.35,1423,8.94,MEDIUM
33.39,78.52,2689,0.32,MEDIUM
26.12,67.13,4095,4.44,MEDIUM
29.7,74.41,2225,2.66,LOW
26.33,85.92,2967,1.2,LOW
30.33,97.04,3356,3.97,MEDIUM
29.75,70.08,2029,0.59,LOW
33.02,74.17,3621,1.87,MEDIUM
30.23,83.65,1674,0.55,LOW
28.75,72.66,3310,1.24,MEDIUM
29.06,81.39,2583,6.79,MEDIUM
33.03,71.83,3582,2.42,MEDIUM
31.22,75.04,3030,1.32,MEDIUM
32.22,80.08,3006,1.89,MEDIUM
33.35,76.31,2622,5.37,MEDIUM
32.18,85.56,2337,3.31,MEDIUM
32.86,86.04,2120,2.1,MEDIUM
29.86,73.19,1811,2.46,LOW
31.42,78.65,2065,7.74,MEDIUM
31.47,73.44,2908,2.69,MEDIUM
32.73,87.96,4095,0.53,MEDIUM
30.58,73.56,1934,0.37,LOW
27.4,88.3,2641,1.02,LOW
30.43,82.7,2249,4.38,MEDIUM
29.26,80.82,3047,2.17,MEDIUM
26.6,94.91,654,5.14,LOW
30.46,95.47,2163,3.51,MEDIUM
28.79,76.13,3051,3.28,MEDIUM
29.08,88.3,2453,0.63,LOW
26.51,87.43,1833,0.29,LOW
31.87,65.98,3969,1.03,MEDIUM
32.43,65.7,2913,2.84,MEDIUM
32.93,79.44,2884,1.3,MEDIUM
32.8,72.85,3773,5.16,MEDIUM
27.11,69.84,2980,1.47,LOW
31.66,80.01,3601,0.32,MEDIUM
28.46,89.83,2175,0.15,LOW
34.42,83.43,2636,4.96,MEDIUM
31.07,90.32,1435,3.0,LOW
29.81,78.32,4095,0.81,MEDIUM
33.48,82.65,3044,1.04,MEDIUM
29.7,82.14,2184,0.66,LOW
28.34,69.94,3099,2.54,LOW
27.66,71.65,1656,4.76,LOW
33.76,85.36,1750,1.57,LOW
28.11,66.44,2601,0.98,LOW
24.37,76.22,2680,3.68,LOW
27.21,81.96,1026,9.19,LOW
32.71,66.33,2044,2.96,LOW
30.31,71.99,1670,1.21,LOW
29.43,80.08,3056,1.61,MEDIUM
27.1,66.35,2551,0.31,LOW
31.29,75.77,2649,7.01,MEDIUM
32.66,60.49,2949,0.34,LOW
30.32,78.81,2380,0.28,LOW
31.67,72.74,2755,0.07,LOW
30.87,83.01,2338,3.22,MEDIUM
32.06,80.59,2448,7.75,MEDIUM
33.15,62.55,2682,1.39,LOW
28.97,70.29,2430,1.16,LOW
32.07,91.94,4095,2.32,MEDIUM
27.73,88.34,2337,0.24,LOW
31.46,59.06,2739,3.55,LOW
27.08,85.77,3334,1.1,MEDIUM
26.32,81.93,2976,1.92,LOW
32.43,69.09,1677,2.98,LOW
32.55,78.15,2382,2.1,MEDIUM
34.41,79.27,1895,0.15,LOW
29.0,88.17,2433,2.7,MEDIUM
30.91,73.13,2457,0.63,LOW
30.15,80.54,3707,1.95,MEDIUM
28.39,76.33,3331,3.88,MEDIUM
25.48,74.85,2659,1.69,LOW
30.14,85.83,2996,1.23,MEDIUM
30.19,95.49,2426,1.57,MEDIUM
30.22,61.62,1468,4.53,LOW
29.64,90.75,2378,2.34,MEDIUM
29.6,86.22,4095,6.72,HIGH
29.94,73.86,2189,5.03,LOW
34.21,75.62,2321,3.17,MEDIUM
25.91,86.96,3445,9.44,MEDIUM
29.43,85.0,2202,0.8,LOW
32.52,93.68,2995,3.83,MEDIUM
33.2,92.08,2239,1.67,MEDIUM
24.86,69.44,1911,0.54,LOW
29.59,92.43,3408,1.35,MEDIUM
27.7,73.91,2370,3.13,LOW
34.62,83.2,2478,7.73,MEDIUM
30.7,91.64,3285,2.04,MEDIUM
34.6,81.89,2704,1.03,MEDIUM
30.88,68.53,3111,1.16,LOW
30.17,79.37,3603,0.25,MEDIUM
28.88,73.15,3132,3.37,MEDIUM
30.89,83.03,2967,3.04,MEDIUM
30.44,85.98,2615,1.92,MEDIUM
28.03,74.0,2751,1.67,LOW
31.94,79.66,2411,2.08,MEDIUM
29.2,78.59,1536,0.29,LOW
34.05,82.76,1796,1.37,LOW
29.99,82.58,3822,4.31,MEDIUM
28.1,72.4,2106,3.28,LOW
27.22,96.4,1887,0.24,LOW
31.96,78.69,1755,2.09,LOW
27.56,79.87,3176,0.78,LOW
29.23,85.39,2328,3.64,MEDIUM
34.75,88.79,1737,2.84,MEDIUM
30.25,79.77,3445,0.61,MEDIUM
31.21,84.27,1923,2.43,LOW
32.15,79.01,2647,3.02,MEDIUM
30.73,76.1,2900,1.72,MEDIUM
30.71,82.34,1931,3.1,LOW
31.22,79.09,2741,6.24,MEDIUM
30.13,82.92,1847,1.07,LOW
30.78,76.82,1761,0.77,LOW
36.0,83.27,2791,3.41,MEDIUM
29.22,80.62,3228,0.93,MEDIUM
29.98,84.94,1468,1.23,LOW
27.13,87.44,1605,0.66,LOW
31.25,88.28,1451,7.78,MEDIUM
29.63,90.6,3077,10.57,HIGH
28.79,64.47,3767,0.74,MEDIUM
28.92,95.4,3890,1.42,MEDIUM
27.89,98.0,2621,1.42,MEDIUM
31.14,84.22,2742,0.14,MEDIUM
27.21,67.72,2040,0.17,LOW
28.65,87.29,2394,0.07,LOW
27.85,73.56,2580,0.41,LOW
24.29,72.28,3150,0.24,LOW
27.83,93.51,2653,3.33,MEDIUM
28.24,92.36,2331,4.3,MEDIUM
31.34,90.37,3261,0.98,MEDIUM
34.14,82.8,2724,1.64,MEDIUM
30.85,84.67,2369,1.02,LOW
29.24,72.96,3702,2.15,MEDIUM
27.79,86.45,1119,2.02,LOW
28.22,75.32,2569,0.67,LOW
26.64,90.63,2553,0.11,LOW
29.7,93.6,2520,0.6,MEDIUM
31.33,70.14,1694,3.23,LOW
30.32,94.66,2981,0.68,MEDIUM
31.31,83.42,2057,1.36,LOW
31.13,82.69,2275,0.78,LOW
27.27,83.82,3614,1.14,MEDIUM
27.12,75.04,2528,3.2,LOW
30.55,68.42,2992,3.73,MEDIUM
25.63,84.17,2824,0.5,LOW
30.46,88.2,3128,1.8,MEDIUM
25.68,80.79,1950,4.38,LOW
31.08,73.57,4095,1.48,MEDIUM
31.79,75.08,3265,7.64,MEDIUM
30.73,84.07,2871,7.69,MEDIUM
29.88,75.89,2989,0.53,LOW
30.21,84.0,1438,6.94,MEDIUM
30.49,79.62,2998,5.32,MEDIUM
27.27,82.49,2281,9.39,MEDIUM
29.33,78.03,1683,6.01,LOW
29.51,74.72,2646,1.89,LOW
28.65,73.83,3800,1.1,MEDIUM
31.23,95.29,1341,0.73,LOW
29.68,98.0,3428,3.1,MEDIUM
31.82,90.98,2846,0.85,MEDIUM
29.31,82.02,2753,2.66,MEDIUM
28.76,84.24,2514,9.32,MEDIUM
30.98,62.46,2982,5.52,MEDIUM
24.83,79.98,2459,0.55,LOW
30.16,88.92,2712,5.31,MEDIUM
29.69,85.41,1753,2.51,LOW
29.12,92.62,1823,7.26,MEDIUM
28.02,66.34,2688,1.41,LOW
33.71,69.88,3478,1.88,MEDIUM
30.2,93.11,1847,2.29,LOW
29.19,77.67,3436,5.34,MEDIUM
27.27,75.13,2871,3.14,LOW
27.42,67.15,2458,1.0,LOW
31.59,75.94,2714,0.63,LOW
31.64,98.0,2844,12.85,HIGH
28.71,67.12,2827,0.64,LOW
30.67,93.01,3636,0.28,MEDIUM
26.21,81.93,3651,2.4,MEDIUM
29.21,80.72,2011,0.14,LOW
30.33,71.49,3606,2.03,MEDIUM
30.57,76.81,3233,0.42,MEDIUM
31.23,91.82,3512,2.06,MEDIUM
30.42,80.14,2753,3.33,MEDIUM
29.85,90.79,2392,3.86,MEDIUM
28.77,76.29,2596,6.17,MEDIUM
30.12,80.97,1913,2.11,LOW
31.67,87.88,3017,1.9,MEDIUM
34.26,81.15,3003,0.94,MEDIUM
30.9,82.47,500,4.99,LOW
31.74,69.47,4095,13.24,HIGH
29.14,74.39,2015,10.03,MEDIUM
29.59,86.13,1608,0.6,LOW
30.41,92.3,2666,3.1,MEDIUM
30.04,69.29,3950,2.48,MEDIUM
33.29,68.12,2618,0.74,LOW
28.51,71.67,3277,1.94,MEDIUM
30.78,87.92,2854,6.6,MEDIUM
26.71,69.27,1688,2.55,LOW
31.96,84.79,2393,3.07,MEDIUM
30.73,80.36,2177,1.71,LOW
27.33,86.84,2564,3.87,MEDIUM
31.1,79.75,2944,1.35,MEDIUM
32.55,83.55,2552,4.31,MEDIUM
27.18,75.1,1958,0.19,LOW
35.39,88.11,1873,2.2,MEDIUM
31.75,94.27,880,2.13,LOW
30.79,74.68,2303,1.07,LOW
26.11,88.27,3828,3.41,MEDIUM
28.96,67.76,2042,2.09,LOW
31.62,76.81,2681,3.76,MEDIUM
29.07,90.13,3369,3.17,MEDIUM
29.33,81.43,4072,2.5,MEDIUM
31.4,74.99,1308,1.01,LOW
28.68,89.6,2511,4.66,MEDIUM
31.01,67.35,4095,3.42,MEDIUM
31.67,73.58,3658,1.04,MEDIUM
31.31,91.94,3882,2.16,MEDIUM
31.17,87.44,3023,2.61,MEDIUM
31.71,85.73,2107,2.1,LOW
30.78,79.66,2574,5.46,MEDIUM
31.94,69.02,2583,1.75,LOW
27.69,78.08,2854,0.99,LOW
30.1,86.2,1659,1.16,LOW
33.18,81.14,2932,1.47,MEDIUM
29.76,58.68,3016,2.94,LOW
34.6,73.81,1898,1.87,LOW
28.03,78.83,3590,1.37,MEDIUM
29.79,59.18,2097,4.73,LOW
31.94,98.0,2084,3.05,MEDIUM
31.97,72.16,821,2.1,LOW
31.08,78.23,1798,1.29,LOW
29.07,79.63,2534,5.2,MEDIUM
28.43,76.03,2434,0.5,LOW
31.34,76.51,1346,5.29,LOW
28.43,83.41,3464,2.97,MEDIUM
30.32,78.74,3336,3.72,MEDIUM
31.11,82.11,3231,4.88,MEDIUM
28.32,80.61,3140,5.8,MEDIUM
33.51,73.41,1531,2.14,LOW
27.8,73.56,1283,0.33,LOW
27.44,76.55,2637,0.5,LOW
28.66,98.0,3143,11.12,HIGH
31.21,69.72,3564,2.8,MEDIUM
28.0,72.55,1613,4.37,LOW
29.33,80.09,1554,2.6,LOW
30.54,76.62,2114,1.2,LOW
31.16,81.05,2498,1.03,LOW
26.94,96.95,3928,0.95,MEDIUM
30.27,61.63,3061,1.68,LOW
30.79,69.83,1868,2.97,LOW
30.08,91.43,3658,2.9,MEDIUM
26.77,97.2,2958,1.68,MEDIUM
28.81,81.22,1545,0.95,LOW
29.7,70.13,2646,4.84,MEDIUM
32.9,68.91,2408,2.65,LOW
28.3,78.14,3293,9.19,MEDIUM
35.34,88.12,1980,4.39,MEDIUM
30.55,79.08,2076,0.53,LOW
30.34,80.79,2761,4.07,MEDIUM
33.08,84.52,3001,2.62,MEDIUM
24.89,72.77,2682,2.33,LOW
27.33,92.4,2211,0.17,LOW
30.73,74.43,1764,2.84,LOW
32.45,82.51,2528,0.46,LOW
29.41,71.07,2488,0.23,LOW
26.19,67.43,2545,4.86,LOW
26.9,73.1,3011,1.84,LOW
25.63,82.9,3668,0.88,MEDIUM
32.16,91.35,2066,2.27,MEDIUM
31.72,57.29,1567,3.0,LOW
31.6,90.89,2707,0.73,MEDIUM
33.74,67.55,2261,2.71,LOW
31.82,91.53,2890,11.33,HIGH
31.88,90.36,1994,1.07,LOW
30.79,61.22,1972,8.03,LOW
29.48,98.0,1644,6.85,MEDIUM
28.58,82.86,2665,3.21,MEDIUM
26.97,77.9,2270,1.89,LOW
34.37,80.62,1313,3.39,LOW
35.04,83.45,3602,9.52,HIGH
29.4,93.88,1025,3.09,LOW
31.85,82.03,1780,1.87,LOW
32.13,80.98,2353,1.99,MEDIUM
28.82,88.99,1767,4.96,MEDIUM
32.14,86.53,3054,2.39,MEDIUM
26.99,85.05,1622,2.58,LOW
31.68,84.17,2768,2.25,MEDIUM
32.85,88.52,2195,0.32,LOW
26.51,81.7,2017,0.41,LOW
30.35,79.37,3243,0.02,MEDIUM
27.32,80.92,2573,3.72,MEDIUM
28.32,83.37,4063,3.08,MEDIUM
25.03,85.57,2899,1.6,LOW
32.51,95.57,1785,4.86,MEDIUM
33.08,82.66,2125,1.65,LOW
28.29,94.71,3187,0.57,MEDIUM
26.16,79.26,1397,4.65,LOW
28.99,84.03,1628,3.57,LOW
32.1,84.36,1239,1.55,LOW
28.78,80.78,3316,1.86,MEDIUM
29.06,81.34,1926,4.11,LOW
24.3,72.42,1792,0.44,LOW
26.84,80.95,1414,5.4,LOW
30.6,79.07,1645,3.49,LOW
30.72,68.12,2645,7.22,MEDIUM
34.83,74.05,1244,1.67,LOW
29.68,77.34,3938,3.38,MEDIUM
31.5,82.16,2327,3.69,MEDIUM
31.26,79.85,2518,0.78,LOW
28.67,67.48,2467,1.11,LOW
27.23,83.67,1945,5.51,LOW
27.66,72.87,1168,4.05,LOW
28.45,87.75,1846,6.01,MEDIUM
31.56,89.83,3209,6.37,MEDIUM
31.68,86.4,1875,6.06,MEDIUM
29.73,74.01,2823,4.21,MEDIUM
32.93,72.24,2428,2.68,LOW
30.73,78.73,1582,7.46,MEDIUM
32.29,79.92,2128,1.44,LOW
30.52,74.4,2757,2.54,MEDIUM
32.63,93.25,1834,0.35,LOW
29.79,78.29,1414,1.5,LOW
28.93,67.74,2802,0.48,LOW
26.92,81.82,3995,0.39,MEDIUM
34.97,90.9,3566,1.76,MEDIUM
32.53,76.92,2823,5.1,MEDIUM
29.73,69.68,2215,0.64,LOW
28.89,82.56,2367,2.05,LOW
30.92,81.64,4095,3.24,MEDIUM
32.22,81.98,3021,5.58,MEDIUM
31.27,77.42,3670,0.3,MEDIUM
30.51,77.76,2900,0.91,LOW
30.52,85.34,3485,3.35,MEDIUM
33.39,81.86,1853,3.48,MEDIUM
28.64,51.94,1719,0.2,LOW
29.3,77.57,2266,4.0,LOW
29.22,83.11,3907,3.6,MEDIUM
29.17,77.75,3087,3.84,MEDIUM
28.95,77.65,2723,1.76,LOW
30.42,85.38,1403,6.23,LOW
29.76,84.84,1728,3.95,LOW
34.13,85.56,2026,0.22,LOW
30.58,93.85,2875,3.82,MEDIUM
31.16,82.81,2745,2.46,MEDIUM
26.63,56.36,3021,4.09,LOW
29.74,83.96,2772,1.19,MEDIUM
29.82,67.52,1825,3.85,LOW
30.3,83.24,3159,1.07,MEDIUM
32.25,88.23,2794,4.21,MEDIUM
31.63,90.3,1909,8.31,MEDIUM
32.68,86.02,2378,6.33,MEDIUM
31.07,78.68,2602,2.21,MEDIUM
32.67,54.09,934,3.36,LOW
26.27,88.8,2202,7.77,MEDIUM
32.13,77.66,2873,1.4,MEDIUM
33.53,82.26,2707,2.31,MEDIUM
31.78,87.03,4006,4.95,HIGH
29.09,77.23,1505,1.7,LOW
32.99,86.22,2143,3.71,MEDIUM
24.84,70.53,3347,1.08,LOW
26.03,72.51,725,3.43,LOW
30.18,77.37,2107,3.33,LOW
29.81,59.42,1763,3.67,LOW
25.12,70.16,2134,0.21,LOW
26.66,89.04,1863,0.41,LOW
34.35,72.43,3169,5.05,MEDIUM
30.87,87.48,2570,4.14,MEDIUM
30.39,83.81,4095,1.33,MEDIUM
32.34,79.68,1945,1.07,LOW
29.89,69.25,4095,2.38,MEDIUM
28.65,82.22,2844,1.28,LOW
32.99,68.65,1471,2.83,LOW
28.19,77.18,1684,1.88,LOW
31.19,77.05,2974,4.18,MEDIUM
30.65,79.2,2410,0.53,LOW
31.0,69.7,3128,4.2,MEDIUM
29.14,83.43,3923,1.06,MEDIUM
33.42,96.09,2879,2.88,MEDIUM
31.88,87.26,3835,3.81,MEDIUM
33.38,82.37,1472,4.69,LOW
31.35,75.42,2173,0.49,LOW
31.97,81.9,2211,10.59,MEDIUM
31.5,74.62,2296,3.83,MEDIUM
30.52,73.44,2409,1.05,LOW
30.11,79.2,2845,3.23,MEDIUM
32.41,83.21,2539,0.68,MEDIUM
26.31,69.41,2826,0.2,LOW
31.52,87.79,2724,2.05,MEDIUM
30.61,78.25,2950,0.66,MEDIUM
31.78,84.77,2010,0.89,LOW
27.21,69.83,1715,6.15,LOW
32.41,73.2,2529,2.99,MEDIUM
30.43,77.17,2470,1.05,LOW
29.07,84.58,2244,2.3,LOW
29.04,81.23,2766,1.61,LOW
29.42,78.99,2657,0.9,LOW
31.48,82.07,3222,2.36,MEDIUM
30.16,72.69,1921,9.49,MEDIUM
27.41,76.58,1943,0.83,LOW
27.67,76.39,3135,3.74,MEDIUM
32.55,71.81,3534,1.6,MEDIUM
29.02,84.07,1896,0.46,LOW
30.37,98.0,1280,3.06,LOW
27.94,75.18,1281,4.36,LOW
28.3,80.27,2891,0.86,LOW
31.52,78.5,2978,5.43,MEDIUM
26.13,78.29,3455,0.38,LOW
28.94,72.41,1970,0.7,LOW
29.07,92.18,2948,1.06,MEDIUM
25.38,98.0,2112,3.11,LOW
28.89,87.13,1173,2.79,LOW
29.87,85.37,2887,2.11,MEDIUM
27.55,81.51,2570,0.82,LOW
33.26,72.63,2337,1.07,LOW
30.09,79.85,3972,3.19,MEDIUM
32.23,68.56,2059,0.98,LOW
29.42,79.82,1498,1.48,LOW
27.07,94.87,1853,0.09,LOW
33.28,76.46,2231,1.28,LOW
31.98,83.56,1077,3.0,LOW
25.87,97.38,1828,1.76,LOW
27.07,88.75,2444,1.05,LOW
33.39,88.34,2901,1.67,MEDIUM
31.51,67.44,2318,0.45,LOW
29.72,88.33,2363,2.23,MEDIUM
31.63,68.44,3193,1.62,MEDIUM
30.26,80.26,2247,3.22,LOW
27.9,86.77,2892,1.39,MEDIUM
31.55,75.36,2625,0.8,LOW
24.93,66.83,3568,5.47,MEDIUM
33.08,76.71,3839,3.67,MEDIUM
26.92,62.19,2945,3.26,LOW
28.03,71.77,3212,1.57,LOW
33.31,84.37,2548,6.93,MEDIUM
28.71,68.74,2020,2.08,LOW
30.8,74.04,1447,0.39,LOW
27.87,86.01,4095,0.25,MEDIUM
30.42,67.56,1393,2.67,LOW
27.64,92.8,2675,0.66,MEDIUM
33.97,72.28,2714,1.49,MEDIUM
32.87,79.58,1320,2.24,LOW
30.29,91.08,2480,2.86,MEDIUM
32.41,77.71,2295,0.98,LOW
28.17,85.25,1228,0.86,LOW
30.9,65.29,3410,2.42,MEDIUM
33.72,90.45,2867,2.83,MEDIUM
26.65,74.89,2317,2.72,LOW
26.72,77.02,3115,0.44,LOW
29.09,83.65,2211,0.8,LOW
29.2,87.71,2714,3.68,MEDIUM
31.84,67.08,2080,0.97,LOW
31.27,82.85,2162,1.91,LOW
34.67,82.44,2369,3.35,MEDIUM
28.03,70.84,2066,1.99,LOW
32.31,82.0,2343,3.33,MEDIUM
31.17,80.35,3330,5.3,MEDIUM
28.96,65.24,2318,6.15,LOW
34.18,75.72,1830,3.97,LOW
29.2,94.75,3933,1.14,MEDIUM
33.61,86.44,1697,4.63,MEDIUM
30.62,76.82,2148,1.57,LOW
26.96,84.07,2392,6.42,MEDIUM
33.54,97.79,2749,0.34,MEDIUM
30.01,83.99,1464,1.51,LOW
28.87,72.92,3431,0.58,MEDIUM
31.51,70.55,1251,0.35,LOW
28.97,80.32,2696,1.61,LOW
35.38,88.58,2621,2.51,MEDIUM
28.94,88.47,3047,1.65,MEDIUM
33.88,81.89,2251,0.49,LOW
28.21,85.78,1537,0.87,LOW
31.06,67.75,3219,0.47,LOW
31.11,81.59,2885,4.38,MEDIUM
29.49,71.92,2832,1.26,LOW
32.94,82.4,1979,1.18,LOW
33.86,67.59,2035,3.97,LOW
29.5,94.61,2311,1.6,MEDIUM
27.96,72.94,1133,2.19,LOW
28.79,79.76,2369,4.47,MEDIUM
33.84,84.49,2516,1.82,MEDIUM
31.03,87.36,2089,0.95,LOW
32.18,70.43,3705,0.64,MEDIUM
31.48,79.38,3345,1.12,MEDIUM
29.19,87.12,2448,2.03,MEDIUM
32.73,76.3,2411,3.29,MEDIUM
28.78,90.91,3293,4.12,MEDIUM
34.79,98.0,1556,0.33,LOW
28.6,78.77,2660,1.16,LOW
33.24,76.53,2992,0.67,MEDIUM
29.9,85.22,3094,0.34,MEDIUM
29.43,71.49,3204,6.93,MEDIUM
28.41,79.93,2859,4.56,MEDIUM
29.76,53.89,2621,0.29,LOW
30.54,83.7,3169,5.99,MEDIUM
34.7,84.36,1454,3.29,LOW
26.17,68.83,2294,0.85,LOW
32.75,72.82,3177,6.82,MEDIUM
29.97,91.82,2892,4.6,MEDIUM
29.0,85.39,2753,0.72,LOW
32.76,88.35,4003,0.87,MEDIUM
26.61,65.36,2384,1.43,LOW
31.05,79.39,3043,4.8,MEDIUM
32.79,90.92,1892,0.28,LOW
30.0,79.46,1852,1.83,LOW
28.39,73.82,4095,0.16,MEDIUM
32.13,79.41,3331,1.29,MEDIUM
25.8,88.57,3219,0.45,MEDIUM
28.24,70.54,2546,0.34,LOW
28.49,84.91,2471,0.95,LOW
30.31,75.47,2212,1.25,LOW
29.79,78.99,2505,3.51,MEDIUM
28.31,72.95,2749,0.23,LOW
30.93,76.45,1973,4.33,LOW
30.88,70.94,1852,1.66,LOW
32.14,73.63,2297,2.93,LOW
29.86,75.58,3403,0.91,MEDIUM
32.58,76.19,2425,2.78,MEDIUM
29.55,88.65,3034,2.79,MEDIUM
29.9,78.7,1897,2.51,LOW
28.66,71.21,1449,4.38,LOW
27.29,83.41,3364,0.72,MEDIUM
29.69,81.47,2465,1.84,LOW
28.01,83.82,2563,2.68,MEDIUM
28.62,76.92,1431,1.66,LOW
30.27,76.48,2069,2.87,LOW
33.54,75.97,3596,4.46,MEDIUM
25.55,83.31,2558,1.73,LOW
30.01,73.55,2685,4.85,MEDIUM
32.35,77.89,2801,3.07,MEDIUM
24.77,89.7,2095,2.53,LOW
32.29,84.03,1448,2.45,LOW
27.73,75.44,2355,2.26,LOW
33.45,88.69,2338,3.57,MEDIUM
31.59,74.1,2427,0.6,LOW
30.3,74.56,1984,1.97,LOW
31.05,60.75,2361,3.08,LOW
32.52,88.62,749,0.27,LOW
27.51,79.59,2077,4.07,LOW
33.73,72.71,2096,1.68,LOW
32.57,89.43,4095,1.61,MEDIUM
26.5,86.34,1828,1.0,LOW
30.16,78.66,3141,1.58,MEDIUM
32.13,92.82,3177,0.21,MEDIUM
31.04,74.48,3791,1.3,MEDIUM
30.4,82.57,2728,0.72,LOW
32.57,81.79,2734,2.95,MEDIUM
28.23,70.73,2040,3.14,LOW
28.5,84.33,3578,1.56,MEDIUM
31.46,84.27,3041,1.56,MEDIUM
28.67,67.11,2517,0.22,LOW
35.53,85.14,3126,2.75,MEDIUM
31.06,83.51,2958,0.1,MEDIUM
27.58,72.66,2628,7.01,MEDIUM
26.17,72.69,2342,2.42,LOW
30.97,81.74,1629,3.35,LOW
31.75,85.57,2719,2.02,MEDIUM
29.74,77.05,2527,1.73,LOW
32.33,80.92,2225,1.59,LOW
29.22,84.25,2571,3.78,MEDIUM
29.26,90.21,2612,1.93,MEDIUM
33.81,68.2,2837,4.35,MEDIUM
31.64,62.1,2343,0.88,LOW
26.45,74.09,1787,8.28,LOW
26.05,74.89,2040,0.03,LOW
27.65,87.32,3154,2.99,MEDIUM
25.97,98.0,2669,0.98,MEDIUM
29.98,82.13,3423,1.56,MEDIUM
29.8,87.92,3262,1.47,MEDIUM
26.1,78.64,1809,1.7,LOW
30.65,73.51,2550,1.74,LOW
28.11,70.22,3426,7.96,MEDIUM
27.66,85.03,2044,5.0,MEDIUM
31.2,78.06,1799,0.77,LOW
27.04,71.89,4050,1.12,MEDIUM
28.11,75.36,3011,4.45,MEDIUM
29.24,79.85,2550,0.12,LOW
29.41,77.36,3744,5.89,MEDIUM
30.89,67.11,2835,0.88,LOW
29.19,65.1,2170,3.29,LOW
25.87,78.31,2169,5.6,LOW
27.6,83.79,1373,1.23,LOW
30.49,90.5,1452,6.68,MEDIUM
27.52,78.34,2070,4.6,LOW
30.42,84.51,2563,0.23,LOW
30.13,76.31,3221,0.22,MEDIUM
30.71,82.63,3413,2.37,MEDIUM
27.09,85.69,1700,5.57,LOW
30.35,78.09,1713,5.1,LOW
25.19,62.63,1807,1.84,LOW
27.07,88.55,2726,4.12,MEDIUM
29.45,82.4,3014,1.38,MEDIUM
28.15,75.76,2963,2.09,LOW
28.5,83.91,2097,0.69,LOW
28.6,87.17,1753,1.74,LOW
25.14,73.92,2598,0.49,LOW
28.9,89.8,2555,1.07,MEDIUM
35.75,83.68,3641,2.43,MEDIUM
30.77,98.0,2543,0.93,MEDIUM
30.42,73.36,2339,3.45,LOW
29.83,76.69,3766,0.76,MEDIUM
26.56,56.87,1702,1.39,LOW
30.77,85.56,3188,3.27,MEDIUM
27.36,69.25,1906,2.81,LOW
31.92,97.83,3722,0.57,MEDIUM
31.49,83.85,1911,3.31,LOW
25.84,69.33,2864,3.83,LOW
28.38,85.47,3016,1.34,MEDIUM
29.37,77.48,2601,0.18,LOW
33.19,82.42,2291,3.2,MEDIUM
29.93,70.13,2515,1.66,LOW
30.5,66.53,2339,4.22,LOW
29.7,79.54,1735,6.93,MEDIUM
29.86,87.77,3101,2.33,MEDIUM
28.42,91.02,1457,0.34,LOW
28.19,73.2,2456,5.6,MEDIUM
30.45,82.28,2557,0.03,LOW
26.79,80.43,3766,7.3,MEDIUM
33.92,96.76,2189,7.0,MEDIUM
28.28,64.15,1989,3.08,LOW
30.4,83.72,3699,1.15,MEDIUM
33.18,77.33,2687,2.47,MEDIUM
30.96,89.17,1862,1.53,LOW
31.85,75.34,2815,0.66,LOW
32.57,77.89,3731,4.96,MEDIUM
27.12,81.76,2232,1.29,LOW
27.59,77.17,2310,2.58,LOW
29.18,77.41,3158,3.26,MEDIUM
31.7,82.58,2440,0.59,LOW
28.62,88.7,3180,2.08,MEDIUM
32.11,66.84,3690,1.41,MEDIUM
30.29,93.25,3581,2.47,MEDIUM
35.1,86.86,2047,6.72,MEDIUM
28.29,79.87,3075,4.18,MEDIUM
30.85,95.52,2065,4.95,MEDIUM
28.79,75.75,1536,1.46,LOW
31.04,80.36,1792,3.83,LOW
28.1,84.44,2552,0.27,LOW
31.22,74.78,2061,2.57,LOW
30.39,75.55,3410,1.81,MEDIUM
30.62,66.94,1877,2.33,LOW
33.1,86.05,3873,0.78,MEDIUM
32.27,74.44,1884,1.31,LOW
30.05,76.13,1837,1.98,LOW
34.2,80.32,2817,1.6,MEDIUM
28.23,72.37,2331,0.7,LOW
27.75,88.06,2827,5.3,MEDIUM
28.61,72.52,2492,1.69,LOW
28.38,89.45,2122,1.99,LOW
32.98,93.86,3048,0.59,MEDIUM
33.21,69.87,1392,1.22,LOW
30.84,81.24,2291,1.33,LOW
26.25,82.83,2000,1.1,LOW
28.27,78.47,1790,0.31,LOW
34.68,94.64,1640,2.15,MEDIUM
29.64,81.26,2446,1.35,LOW
26.13,79.14,1600,0.49,LOW
27.98,73.19,1954,3.79,LOW
25.69,87.87,1939,2.02,LOW
29.01,76.44,2078,1.53,LOW
29.71,98.0,2979,0.58,MEDIUM
30.72,77.49,3735,0.75,MEDIUM
34.41,66.46,1658,1.49,LOW
28.27,77.23,1490,0.87,LOW
27.1,89.66,2708,3.43,MEDIUM
28.04,64.53,2840,0.76,LOW
29.92,79.63,3142,1.95,MEDIUM
28.51,79.35,3882,6.28,MEDIUM
30.12,76.77,2624,2.12,LOW
27.98,72.53,2216,2.15,LOW
29.18,91.61,2047,1.28,LOW
33.23,80.38,2286,2.75,MEDIUM
29.59,78.61,2156,0.38,LOW
30.27,76.32,1888,6.28,MEDIUM
26.54,75.62,2240,4.67,LOW
27.45,72.43,1609,0.39,LOW
31.71,67.26,2952,2.77,MEDIUM
31.13,65.71,2039,1.41,LOW
32.49,69.98,3023,1.3,MEDIUM
31.66,87.9,3755,7.86,HIGH
30.78,66.17,2166,1.15,LOW
30.71,92.61,2295,1.11,MEDIUM
27.82,64.29,2261,0.53,LOW
27.15,60.67,822,3.37,LOW
32.78,75.73,2904,1.3,MEDIUM
28.61,78.76,3558,2.76,MEDIUM
26.9,65.64,2275,10.44,MEDIUM
29.74,75.87,2747,3.35,MEDIUM
28.26,85.92,3039,0.76,MEDIUM
28.12,86.5,2768,1.29,MEDIUM
30.33,79.86,1341,1.38,LOW
29.53,85.33,1829,0.83,LOW
31.5,79.43,3143,1.28,MEDIUM
30.0,72.51,1928,0.07,LOW
32.89,82.4,2984,0.51,MEDIUM
32.35,66.74,2495,1.8,LOW
28.6,76.68,2413,2.89,LOW
29.12,87.04,2576,3.73,MEDIUM
26.64,76.82,2485,1.46,LOW
29.49,73.19,3062,2.86,MEDIUM
29.14,89.76,2683,2.84,MEDIUM
28.41,86.62,1857,3.85,LOW
27.65,75.8,1860,2.07,LOW
28.51,78.35,2556,2.33,LOW
28.79,91.97,2395,2.56,MEDIUM
28.48,62.06,787,3.36,LOW
28.85,75.38,2598,2.2,LOW
26.51,72.53,2732,2.34,LOW
32.01,81.02,2724,6.74,MEDIUM
33.55,83.6,3001,2.96,MEDIUM
31.18,98.0,2606,3.9,MEDIUM
31.29,98.0,4095,0.83,MEDIUM
31.46,77.06,1771,0.1,LOW
31.07,79.3,3136,3.29,MEDIUM
24.61,83.46,2128,2.24,LOW
34.14,88.35,2607,2.85,MEDIUM
29.66,75.41,1501,7.1,LOW
28.95,86.15,1686,5.68,MEDIUM
29.87,79.45,2266,0.87,LOW
28.57,83.68,3252,3.39,MEDIUM
30.38,77.65,2764,0.57,LOW
28.68,82.72,3379,0.96,MEDIUM
26.45,73.56,2259,1.81,LOW
30.76,89.03,3682,4.29,MEDIUM
28.21,82.25,1233,0.84,LOW
33.23,86.69,3079,1.59,MEDIUM
31.23,84.11,2020,3.51,MEDIUM
31.07,83.23,2287,2.64,MEDIUM
28.46,75.41,1691,0.79,LOW
29.42,76.91,3705,9.6,HIGH
27.45,86.55,2907,5.76,MEDIUM
29.65,87.3,3030,2.05,MEDIUM
29.3,98.0,1954,6.03,MEDIUM
31.5,85.44,1036,5.43,LOW
31.47,74.3,3727,4.32,MEDIUM
30.17,82.29,1167,0.69,LOW
30.1,76.23,3077,3.38,MEDIUM
26.31,74.33,1967,1.97,LOW
30.46,60.99,2017,1.35,LOW
29.76,78.17,1787,2.72,LOW
30.84,75.71,2168,0.5,LOW
30.09,94.7,3180,5.19,MEDIUM
29.58,91.93,3075,1.27,MEDIUM
32.0,72.5,2693,2.75,MEDIUM
28.15,78.24,3327,2.1,MEDIUM
32.5,85.93,3278,1.41,MEDIUM
29.1,73.07,2124,0.53,LOW
30.83,83.78,1804,0.89,LOW
33.88,80.7,2610,2.31,MEDIUM
27.83,82.27,1661,5.48,LOW
29.85,92.31,2120,6.75,MEDIUM
27.09,80.14,3104,2.53,MEDIUM
26.67,74.96,3559,4.32,MEDIUM
26.52,79.32,2451,2.64,LOW
31.33,88.89,1986,0.18,LOW
28.64,78.56,3106,3.48,MEDIUM
28.18,86.46,2120,16.8,HIGH
29.4,74.48,2653,1.09,LOW
26.94,98.0,2803,7.54,MEDIUM
26.19,71.84,4095,3.86,MEDIUM
25.77,72.16,3245,15.53,HIGH
32.98,82.9,1867,11.83,MEDIUM
29.41,88.64,2495,0.22,LOW
31.48,98.0,2374,1.15,MEDIUM
27.52,81.8,3613,2.02,MEDIUM
33.0,80.67,1949,4.5,MEDIUM
34.49,78.62,2044,1.77,LOW
28.87,85.5,3401,7.12,MEDIUM
27.11,68.54,2072,2.63,LOW
30.91,88.68,2971,4.73,MEDIUM
29.52,80.16,1551,1.18,LOW
28.47,75.72,2336,1.02,LOW
27.75,65.89,500,13.81,LOW
26.93,72.68,3941,12.31,HIGH
25.57,71.85,1464,6.7,LOW
25.09,80.21,1168,3.79,LOW
31.56,88.23,2540,1.78,MEDIUM
26.21,89.85,2520,4.0,MEDIUM
31.31,89.94,1056,5.6,LOW
29.24,85.61,2662,3.46,MEDIUM
31.16,93.41,3439,0.83,MEDIUM
29.51,74.47,2705,1.11,LOW
33.72,85.63,2234,3.26,MEDIUM
31.57,75.41,2028,0.93,LOW
30.97,82.15,2182,6.07,MEDIUM
29.64,85.15,3706,4.78,MEDIUM
29.56,79.07,2930,1.11,MEDIUM
34.56,64.17,2894,6.39,MEDIUM
30.25,91.46,3288,3.36,MEDIUM
28.69,81.69,1439,15.13,MEDIUM
29.27,83.13,1913,2.13,LOW
32.61,70.02,2600,13.01,MEDIUM
29.81,87.18,1512,0.41,LOW
28.94,80.98,3510,1.53,MEDIUM
30.16,77.37,2488,0.99,LOW
27.87,68.9,2794,2.67,LOW
27.89,89.98,1346,7.02,MEDIUM
30.82,66.16,2169,3.07,LOW
34.09,79.87,2689,3.0,MEDIUM
31.06,58.79,513,1.61,LOW
31.02,65.21,2159,1.67,LOW
30.29,90.43,3147,2.49,MEDIUM
30.86,93.54,2291,6.88,MEDIUM
24.08,60.49,3776,4.29,MEDIUM
26.62,71.97,1806,2.68,LOW
27.31,63.21,3590,0.71,LOW
34.93,85.7,2856,3.91,MEDIUM
31.29,78.37,2610,2.01,MEDIUM
30.08,85.18,3234,0.08,MEDIUM
30.5,91.17,2481,1.47,MEDIUM
27.24,98.0,3871,0.49,MEDIUM
32.26,76.93,2248,2.35,LOW
28.61,78.5,2947,4.04,MEDIUM
32.35,78.68,2428,1.48,LOW
26.35,74.03,4095,3.82,MEDIUM
33.25,83.21,1717,3.67,LOW
28.7,86.65,2079,2.03,LOW
31.14,76.07,1598,0.43,LOW
30.0,77.05,3388,2.61,MEDIUM
31.55,79.64,2461,7.02,MEDIUM
33.73,85.13,2882,2.42,MEDIUM
34.16,77.55,2360,0.96,LOW
29.43,65.17,2161,0.42,LOW
29.62,68.4,1949,1.14,LOW
34.5,85.22,3529,1.31,MEDIUM
29.89,82.19,3133,1.75,MEDIUM
32.27,72.93,2099,3.23,LOW
29.25,98.0,1938,0.54,LOW
27.66,76.76,2877,1.08,LOW
31.87,70.2,2913,0.99,LOW
30.47,70.03,3463,4.07,MEDIUM
32.65,84.13,3594,3.59,MEDIUM
31.54,95.07,2478,7.88,MEDIUM
29.83,72.45,2576,2.69,LOW
31.16,81.83,1778,0.99,LOW
31.02,88.0,1759,6.2,MEDIUM
32.76,82.0,2603,0.77,MEDIUM
31.16,86.87,3267,0.72,MEDIUM
29.32,78.55,2685,2.16,LOW
27.85,80.49,2376,3.15,LOW
34.19,78.58,2056,0.52,LOW
26.14,74.57,2451,5.85,LOW
28.67,75.8,1977,1.66,LOW
27.12,77.01,2744,0.47,LOW
30.27,89.06,2601,5.51,MEDIUM
35.16,73.4,2115,2.97,MEDIUM
29.92,94.29,1869,0.52,LOW
30.7,77.49,2448,0.58,LOW
29.55,86.69,1808,2.24,LOW
30.69,84.01,2331,0.19,LOW
29.25,93.2,1642,0.64,LOW
34.91,85.29,3632,3.85,MEDIUM
28.09,82.37,2176,1.26,LOW
31.5,73.16,2480,1.12,LOW
27.32,71.84,2473,0.84,LOW
30.07,70.4,4095,0.73,MEDIUM
29.65,86.73,1291,2.1,LOW
27.65,98.0,3449,4.57,MEDIUM
27.61,78.27,3342,0.71,MEDIUM
29.54,89.28,2590,3.46,MEDIUM
28.69,75.71,2672,4.44,MEDIUM
28.77,81.02,2008,3.61,LOW
27.8,87.06,3032,1.69,MEDIUM
26.11,73.81,1627,1.42,LOW
28.73,67.12,2425,3.43,LOW
30.46,84.52,2257,0.41,LOW
30.88,98.0,2290,4.08,MEDIUM
31.5,74.71,1947,12.78,MEDIUM
29.66,89.32,2707,0.3,MEDIUM
29.96,62.86,1607,0.26,LOW
31.79,87.9,2884,3.29,MEDIUM
30.19,83.03,2443,6.56,MEDIUM
28.1,81.66,2542,9.24,MEDIUM
27.94,75.52,1437,2.28,LOW
33.17,75.97,2415,5.38,MEDIUM
28.54,69.11,2799,3.65,LOW
33.47,86.28,2258,1.45,MEDIUM
29.02,68.42,2014,0.54,LOW
30.9,77.55,3091,0.17,MEDIUM
27.91,87.57,1749,0.23,LOW
34.9,85.8,4095,2.73,HIGH
32.72,79.29,2301,5.6,MEDIUM
32.64,77.36,2641,3.7,MEDIUM
34.57,77.6,2531,3.19,MEDIUM
32.02,80.57,2207,2.53,LOW
29.54,89.85,2182,2.08,LOW
29.14,64.69,2288,1.58,LOW
31.58,90.26,1835,2.35,LOW
29.92,98.0,2472,2.1,MEDIUM
27.5,85.01,1750,10.6,MEDIUM
30.7,81.99,1892,1.53,LOW
28.66,87.62,3145,0.85,MEDIUM
28.79,91.55,3414,2.1,MEDIUM
33.12,83.33,1486,2.03,LOW
26.91,86.48,1497,1.47,LOW
33.77,81.79,3502,4.03,MEDIUM
30.73,83.34,1500,3.14,LOW
27.77,74.72,1565,5.62,LOW
30.49,78.78,2698,0.75,LOW
29.72,77.49,1931,1.59,LOW
31.87,90.69,1757,3.57,MEDIUM
34.93,82.8,1636,2.83,LOW
32.93,87.3,3310,1.38,MEDIUM
27.31,67.28,1878,1.39,LOW
30.42,76.51,3093,4.26,MEDIUM
36.0,82.73,1963,5.99,MEDIUM
31.88,88.29,2297,4.48,MEDIUM
32.02,77.83,2183,3.94,MEDIUM
33.18,69.45,2165,8.35,MEDIUM
28.17,65.81,2743,0.97,LOW
29.39,77.42,1890,5.61,LOW
30.35,70.98,3034,4.06,MEDIUM
31.69,70.13,2522,1.29,LOW
32.08,91.55,2056,2.31,MEDIUM
34.79,68.46,2703,3.35,MEDIUM
30.97,84.64,2569,0.28,LOW
26.66,83.79,2268,0.16,LOW
29.16,81.12,2148,1.76,LOW
30.1,92.11,3685,3.18,MEDIUM
31.06,74.68,2924,1.99,MEDIUM
30.53,83.17,3059,1.71,MEDIUM
30.22,96.26,2324,4.06,MEDIUM
29.31,58.4,3583,7.66,MEDIUM
27.89,83.67,3910,6.36,MEDIUM
30.98,84.99,2956,0.4,MEDIUM
31.17,88.62,2175,0.67,LOW
27.17,85.69,3881,7.74,HIGH
29.56,82.44,3029,4.32,MEDIUM
30.95,80.13,1674,0.69,LOW
29.34,73.4,2634,5.33,MEDIUM
30.96,86.63,1908,1.7,LOW
26.33,87.64,2422,2.28,LOW
27.83,63.19,1825,2.75,LOW
31.76,77.47,2438,5.59,MEDIUM
33.9,78.68,4095,4.36,MEDIUM
32.04,75.17,3226,1.4,MEDIUM
29.81,83.72,3081,0.88,MEDIUM
31.12,90.24,656,3.15,LOW
34.36,93.17,2498,8.4,MEDIUM
27.5,89.14,1269,1.62,LOW
27.99,71.64,3028,0.25,LOW
28.0,89.22,2385,2.12,LOW
28.43,70.9,2811,0.24,LOW
29.53,82.83,3182,0.79,MEDIUM
30.78,75.47,2794,4.06,MEDIUM
27.29,68.47,3969,3.95,MEDIUM
31.53,81.14,1380,1.47,LOW
33.57,65.89,729,1.0,LOW
30.47,87.95,2095,1.69,LOW
30.52,72.39,2478,4.7,MEDIUM
25.64,81.65,2261,2.28,LOW
30.95,73.93,2009,4.24,LOW
31.71,79.41,1576,5.23,LOW
26.74,90.2,2536,5.89,MEDIUM
27.72,78.14,3124,0.19,LOW
28.86,68.33,2953,3.77,MEDIUM
33.88,67.31,1566,0.43,LOW
29.7,76.51,1930,0.87,LOW
30.17,87.07,2731,0.8,MEDIUM
28.75,80.33,2839,1.62,LOW
26.05,89.97,3173,3.85,MEDIUM
28.65,77.08,2671,0.8,LOW
31.34,95.48,2915,1.86,MEDIUM
31.21,91.43,2210,2.26,MEDIUM
32.16,80.43,2383,1.11,LOW
29.03,71.8,2102,2.85,LOW
31.47,77.93,3140,0.07,MEDIUM
31.41,77.72,1866,1.83,LOW
30.35,76.18,1239,2.58,LOW
32.13,77.31,2378,2.78,MEDIUM
29.0,76.97,1117,6.65,LOW
33.21,98.0,3817,6.84,HIGH
29.28,73.66,2610,1.15,LOW
32.47,82.48,2941,1.77,MEDIUM
35.81,70.81,3251,2.2,MEDIUM
30.84,74.14,1328,8.09,LOW
30.6,93.05,1175,1.12,LOW
31.05,78.75,2020,1.09,LOW
27.75,76.06,1776,4.4,LOW
29.11,71.45,1447,3.18,LOW
30.14,82.03,3438,4.71,MEDIUM
31.02,72.35,2738,3.45,MEDIUM
27.59,82.13,3183,1.86,MEDIUM
30.64,78.61,2812,2.43,MEDIUM
34.59,73.03,779,10.11,MEDIUM
31.2,89.19,2580,6.62,MEDIUM
34.74,72.8,2258,1.6,LOW
28.89,68.88,2541,0.32,LOW
28.52,65.41,3105,0.4,LOW
29.92,81.68,3825,2.99,MEDIUM
30.52,90.75,3249,2.38,MEDIUM
30.75,85.68,2212,3.56,MEDIUM
32.16,70.45,2902,1.05,LOW
32.18,80.32,949,7.05,LOW
32.46,76.52,2656,2.03,MEDIUM
31.26,81.34,3249,3.13,MEDIUM
29.78,87.27,2971,1.86,MEDIUM
31.85,84.48,3570,2.93,MEDIUM
25.9,75.66,3229,1.37,LOW
28.39,74.57,1295,5.73,LOW
33.32,81.96,1580,0.35,LOW
29.18,70.96,2605,4.82,MEDIUM
29.58,70.34,2134,0.19,LOW
27.68,78.1,3513,1.86,MEDIUM
27.72,86.41,2625,0.48,LOW
33.4,74.18,3079,0.5,MEDIUM
30.03,82.89,2307,0.33,LOW
29.74,86.95,2134,0.68,LOW
29.09,81.19,1561,2.91,LOW
28.56,61.72,1290,4.63,LOW
30.5,97.12,2770,0.79,MEDIUM
31.99,78.41,2754,3.14,MEDIUM
29.76,75.6,3631,0.15,MEDIUM
27.56,87.0,2124,1.86,LOW
33.34,79.69,2366,4.43,MEDIUM
25.89,74.15,1726,0.68,LOW
32.06,84.95,3034,10.08,HIGH
30.6,93.25,3821,3.6,MEDIUM
30.97,81.36,2646,5.56,MEDIUM
29.82,85.71,2303,3.18,MEDIUM
33.23,93.44,2418,1.77,MEDIUM
30.7,89.34,3453,0.65,MEDIUM
30.69,87.23,2595,0.46,MEDIUM
33.11,84.56,2378,2.39,MEDIUM
30.94,77.13,2623,6.37,MEDIUM
27.57,75.26,2655,1.29,LOW
30.42,87.79,1616,1.97,LOW
31.01,92.49,2946,2.38,MEDIUM
30.65,83.47,1877,1.45,LOW
31.52,89.45,2253,3.23,MEDIUM
32.59,68.59,2849,4.02,MEDIUM
32.14,79.26,2070,0.69,LOW
27.59,73.57,1721,1.99,LOW
29.33,85.65,1486,0.96,LOW
28.66,90.62,3287,0.56,MEDIUM
29.66,66.42,2306,2.79,LOW
28.35,76.33,2404,0.68,LOW
31.63,91.16,2645,2.09,MEDIUM
29.36,84.06,2009,3.67,LOW
27.82,88.85,1291,2.99,LOW
28.02,83.43,1513,9.87,MEDIUM
28.02,98.0,3172,12.55,HIGH
27.77,58.01,2621,0.72,LOW
26.66,82.56,2461,1.01,LOW
30.28,89.78,3437,1.33,MEDIUM
33.7,77.71,3702,2.24,MEDIUM
24.7,74.3,1633,4.13,LOW
29.69,97.48,939,0.71,LOW
31.64,86.66,2539,2.98,MEDIUM
27.15,86.27,3355,0.23,MEDIUM
32.39,76.4,2592,0.95,LOW
31.32,94.09,2296,1.33,MEDIUM
34.18,76.33,2501,2.52,MEDIUM
28.99,72.51,3194,3.78,MEDIUM
24.66,76.91,2350,2.79,LOW
27.82,78.57,1606,2.43,LOW
32.71,79.54,2639,2.16,MEDIUM
27.33,88.98,1683,1.3,LOW
33.75,69.91,783,3.49,LOW
33.99,98.0,2829,0.7,MEDIUM
29.98,77.83,3021,0.79,MEDIUM
29.1,71.44,1419,2.05,LOW
30.59,80.07,2437,0.36,LOW
29.74,86.1,2377,1.59,LOW
27.9,80.77,2062,1.79,LOW
26.3,91.33,1649,1.62,LOW
25.62,79.71,2715,1.85,LOW
28.57,69.44,2845,0.75,LOW
27.87,91.66,2237,1.27,LOW
28.68,77.07,2956,0.34,LOW
29.35,67.47,3341,1.57,LOW
31.03,71.8,3265,1.32,MEDIUM
25.9,77.11,2638,6.3,MEDIUM
28.41,79.32,2162,0.98,LOW
31.1,89.94,2084,1.71,LOW
34.23,83.9,2397,0.14,MEDIUM
28.19,54.06,2200,1.79,LOW
30.9,93.19,2505,0.07,MEDIUM
27.44,87.33,4095,1.94,MEDIUM
35.04,75.76,2798,1.68,MEDIUM
26.09,73.71,3277,2.49,MEDIUM
30.35,68.56,2325,7.47,MEDIUM
33.57,85.22,3228,0.43,MEDIUM
32.29,87.43,4095,7.68,HIGH
32.42,67.07,2435,2.51,LOW
31.23,81.32,3010,0.68,MEDIUM
30.71,87.4,4095,4.8,HIGH
30.58,78.14,1061,3.12,LOW
26.75,57.45,1981,2.55,LOW
28.25,77.7,3307,1.1,MEDIUM
29.24,80.81,1914,4.58,LOW
31.05,82.29,1260,0.61,LOW
29.66,98.0,3882,2.05,MEDIUM
34.53,81.98,3003,0.64,MEDIUM
29.22,78.17,2413,1.33,LOW
29.54,79.53,1440,1.19,LOW
26.19,91.84,3413,0.76,MEDIUM
30.83,98.0,4095,8.65,HIGH
